amount,hour,day_of_week,merchant_cat,is_new_merchant,txn_per_day,avg_amount_7d,device_change,location_change,is_fraud,txn_id,amount_to_avg_ratio
719.8293226161392,13,5,shopping,0,4,2436.377318909507,0,0,0,TXN006252,0.29532945803327404
1832.6556509026736,19,3,shopping,0,4,440.7445355199255,0,1,0,TXN004684,4.1486775806873775
2107.9664246557386,17,2,grocery,0,2,709.038784901301,0,1,0,TXN001731,2.9688046195233637
2098.7419743864266,8,5,grocery,0,2,1229.4332233292803,0,0,0,TXN004742,1.705693518830461
1860.563755865207,16,4,grocery,0,2,2315.309898959946,0,0,0,TXN004521,0.8032447457486689
5018.323697219491,11,6,food,0,5,623.0118790127228,0,0,0,TXN006340,8.042032317011666
1009.5926937477584,10,4,shopping,0,1,2946.267257232811,0,0,0,TXN000576,0.3425521358031388
400.2089464428084,17,3,shopping,0,3,727.3942153257651,0,0,0,TXN005202,0.5494400395036361
1225.701386047311,15,3,utility,0,1,1197.4997619698229,0,0,0,TXN006363,1.0226963950604213
824.9926652972081,9,3,grocery,0,5,1517.3067277373896,0,0,0,TXN000439,0.5433636367577902
627.5772307609947,13,3,food,0,2,256.4833791400631,0,0,0,TXN002750,2.437350452898988
3091.4203008848867,22,6,food,0,4,913.8790453224816,0,0,0,TXN007487,3.3790481011565916
2211.1226223336744,12,4,grocery,0,5,1014.510652481482,0,0,0,TXN005272,2.1773504954680862
4050.3317395031736,13,5,shopping,0,2,5941.828302934516,0,0,0,TXN005653,0.6815495136386753
710.4983645298156,10,0,grocery,0,1,1626.7545513401785,0,0,0,TXN003999,0.4364898650996499
3677.1525204086265,11,0,grocery,0,1,6587.081605532055,0,0,0,TXN006033,0.5581522422735168
646.18356573068,15,2,food,1,1,665.9025399575982,0,1,0,TXN000582,0.9689325306389814
7825.862574482387,4,3,transport,1,11,413.85950899783285,0,1,1,TXN009930,18.863886218703662
1262.0704987838262,15,5,food,0,3,1054.3742739991974,0,1,0,TXN007051,1.1958511116642834
1153.4019290655917,14,6,grocery,0,5,773.1968053605955,0,0,0,TXN008158,1.4898045575483547
192573.60354548614,2,5,shopping,1,19,403.89037603747397,1,1,1,TXN009896,475.6191180193989
3471.5228521563995,9,4,transport,0,5,221.194409100388,0,0,0,TXN002249,15.623808295680188
345.113253041778,22,5,grocery,0,1,399.22644662097144,0,0,0,TXN004640,0.8622949731470705
1275.2118855258898,17,4,food,0,4,298.4794754149097,0,0,0,TXN009485,4.258094427870775
332.4937914385052,19,5,transport,1,2,916.5779429714757,0,0,0,TXN004947,0.3623602703022268
23264.18326094722,2,4,shopping,1,13,631.9991206874527,1,1,1,TXN009920,36.752315288655915
1420.736144982405,13,0,utility,0,5,7109.833042730902,0,0,0,TXN001963,0.19979883319504488
1465.0868634314863,14,0,transport,0,5,616.580215517528,0,0,0,TXN008243,2.372302134393592
1079.5634584247407,14,0,transport,0,3,995.3914231237933,0,0,0,TXN006590,1.0834732549585726
1559.3507516724371,17,0,grocery,0,4,638.673857363384,0,0,0,TXN008847,2.4377278103872957
2574.34130718613,18,3,grocery,0,4,683.230660458446,0,0,0,TXN000321,3.762388118447189
4958.799203135343,9,3,grocery,0,2,5160.243965385737,0,0,0,TXN002678,0.9607759750153054
597.1629474606164,18,3,utility,0,4,195.05134170640176,0,0,0,TXN004625,3.04595185252495
982.0431425189771,20,2,shopping,0,3,3174.4453943895537,0,0,0,TXN004949,0.30926154304340187
7517.136149209036,20,3,food,0,5,907.2574822870611,0,0,0,TXN008328,8.27643734932997
552.8041888137274,19,2,grocery,0,5,911.9787771721303,0,0,0,TXN003337,0.6054951140551028
7650.889379571967,17,5,shopping,0,5,300.44726505353293,1,0,0,TXN005589,25.38052344980895
1505.6078865838124,13,4,transport,0,3,418.44490529218615,0,0,0,TXN000251,3.5895247923800695
932.954288480719,18,6,utility,0,4,1068.787214511119,0,0,0,TXN003973,0.8720933245655482
2194.474644640797,14,5,shopping,0,2,906.2943528353056,0,0,0,TXN006630,2.4187019766882023
1689.3856886301346,8,0,shopping,0,2,2175.8681420107614,1,0,0,TXN005547,0.7760624798659868
374.0028252604735,20,2,shopping,0,1,772.5355803626984,0,0,0,TXN000035,0.48349789557851963
698.7502909270215,11,3,transport,0,1,1552.0303182226742,0,1,0,TXN008362,0.44992701219554326
1272.5890949857549,8,2,transport,0,2,671.8353857621585,0,0,0,TXN001513,1.8913825311732404
5058.265089040243,13,0,utility,1,4,4805.736287385957,0,0,0,TXN009317,1.0523283963620718
803.5685402448686,14,1,shopping,0,1,960.2727691440967,0,1,0,TXN000039,0.8359422694979223
858.0758628438255,10,3,transport,1,5,1079.832604904403,0,1,0,TXN004819,0.7939026440821705
924.9837853697833,18,2,food,0,4,4027.206003890643,0,0,0,TXN003465,0.22962673320986754
159.88145584576944,14,5,grocery,0,4,1790.7902049704867,0,0,0,TXN001760,0.08923000884939145
2496.3199870204644,21,5,shopping,0,1,3016.1359571218363,0,0,0,TXN002304,0.8273806757458161
208.1833144049307,10,2,grocery,0,1,1152.0737377524622,0,1,0,TXN003723,0.18054640183785262
2261.9827539575904,16,1,transport,0,5,1188.621657071494,0,0,0,TXN008284,1.9014303753732433
261.23467443162997,17,3,transport,0,4,1016.1364503261456,0,0,0,TXN004993,0.2568334605921014
1972.094665415273,22,0,grocery,0,5,112.21664076445492,0,0,0,TXN008127,17.418770351243495
709.957640244296,19,4,grocery,1,1,2983.146900021097,0,0,0,TXN003032,0.23790974909421414
1212.9417307181689,13,3,food,0,4,644.5011527649237,0,0,0,TXN007938,1.879069813466148
7104.809215846656,15,6,utility,0,4,2951.4909684500567,0,0,0,TXN003039,2.406377967542575
93132.3209678894,4,6,shopping,0,18,841.2368220978515,1,0,1,TXN009655,110.577356064669
1236.6959658887602,15,4,grocery,1,1,709.4791934269767,0,0,0,TXN002545,1.7406505036742757
93.86246471005124,16,0,transport,0,4,1201.4220131478835,0,0,0,TXN002592,0.07806116628247996
8410.284992407682,12,0,utility,1,3,1065.7287888431438,0,0,0,TXN001188,7.884183009186945
2622.788819125521,12,2,grocery,0,5,250.88331945419705,0,0,0,TXN007966,10.412713413531355
1803.019395425847,16,5,utility,0,2,1416.489642486548,0,0,0,TXN006077,1.2719806490176577
579.7010648109238,19,1,transport,0,2,251.3550147281953,0,0,0,TXN000107,2.2971648312014086
1171.1455601885664,17,0,shopping,0,3,294.866375462832,0,0,0,TXN001315,3.9583597776412094
1471.0730091194835,22,4,grocery,0,4,120.06306527486039,0,0,0,TXN008187,12.151294912115217
508.55048008409057,13,4,utility,0,2,684.5505128827041,0,0,0,TXN002753,0.741813288047386
44546.17026656879,2,1,shopping,1,8,409.2984304594668,1,1,1,TXN009753,108.57016980709481
1041.1505109655573,21,4,transport,0,4,745.3357411441355,0,0,0,TXN006231,1.3950162823094465
2865.8298337665806,15,3,shopping,1,3,937.5211336869955,0,0,0,TXN002876,3.05355919105212
2084.4874083034824,22,1,grocery,0,4,399.5700916983551,0,0,0,TXN005323,5.203801910086644
3079.915734368262,21,3,transport,0,4,802.2409826803748,0,0,0,TXN000799,3.8343607967944284
545.9121457207362,12,4,utility,0,4,803.7162527173763,0,0,0,TXN003570,0.6783908537665209
2246.802882926959,10,5,transport,0,3,1027.6417369838418,0,0,0,TXN002894,2.1842423869703937
663.818016130236,22,2,food,0,3,1296.2582011514357,0,0,0,TXN002927,0.5117084752603888
526.6703511499468,8,3,food,0,1,1304.671598248639,0,0,0,TXN008178,0.40337122432347877
5102.833838668093,22,6,utility,0,5,362.82191061477204,0,0,0,TXN000971,14.025636416579541
917.8314719822803,13,3,grocery,0,5,837.8787698137345,0,0,0,TXN006687,1.094116939192628
2398.181502585282,9,1,grocery,0,1,735.3056476634267,0,0,0,TXN008575,3.257046187538571
3070.526614135401,22,0,transport,0,3,666.9750453905639,0,0,0,TXN002020,4.5967684501448245
1533.2211576425118,16,0,food,0,3,2872.2434871247897,0,0,0,TXN009054,0.5336203369164451
452.27309967695237,10,0,grocery,0,4,2730.7870648859944,0,0,0,TXN000952,0.1655594264613106
270.411118716368,15,2,transport,0,5,3721.242460255174,0,0,0,TXN005359,0.07264736824742746
2055.147642469894,16,6,grocery,0,4,371.6232248054302,0,0,0,TXN003857,5.515350374478174
315.34261246705944,15,6,utility,0,2,2660.267378067375,0,0,0,TXN005861,0.11849339719335633
1375.1144833370129,13,0,food,0,4,1542.4290504245184,0,1,0,TXN003145,0.8909476486520641
566.3197246447977,13,5,shopping,1,2,462.25974001514663,0,0,0,TXN003305,1.2224669569306443
741.2436550635697,21,0,food,1,3,617.8617719877974,0,0,0,TXN003006,1.1977531794905978
2787.300110869936,15,6,transport,0,5,351.8389927118089,0,1,0,TXN009001,7.899637422291763
906.8876535922428,15,1,transport,0,5,144.0246567725294,0,0,0,TXN007770,6.253334252083027
519.0126183473496,12,1,transport,0,3,277.80242972422917,0,1,0,TXN007438,1.8615785338051705
5112.053811972691,21,3,food,0,2,1203.8041742806608,0,0,0,TXN007942,4.243057852140069
5307.360053747721,15,2,shopping,0,2,1772.7537037569207,0,0,0,TXN009238,2.9921629155763863
770.8904446743489,19,2,transport,0,2,1364.887809993905,0,0,0,TXN001056,0.5643878208985472
468.4524537940761,14,6,utility,0,4,6697.84270227129,0,0,0,TXN003154,0.06993035582627488
279.8360992475321,14,5,food,0,1,750.035535032824,1,0,0,TXN003787,0.37260034471644793
1846.1648136197025,20,0,shopping,1,2,810.300744382919,0,0,0,TXN009189,2.275561592173699
625.5575064652822,20,4,utility,0,5,2774.8481350489415,1,0,0,TXN007825,0.22535725156097308
1114.0806040169218,13,3,utility,1,3,361.8915628244432,0,0,0,TXN007539,3.0700096616902686
863.052637705973,14,2,shopping,0,3,1320.9215761388898,0,0,0,TXN007231,0.6528773365109936
119.60295815873349,8,0,transport,1,3,280.20662142486566,0,0,0,TXN000764,0.4253205616308351
1003.6452424638346,20,0,transport,0,3,2946.815293295613,0,0,0,TXN005019,0.34047087168130347
2172.0238758547043,12,2,grocery,1,2,1760.737740094191,0,0,0,TXN004903,1.232887180891395
3999.5355589800165,22,0,grocery,0,4,441.5137948296671,0,0,0,TXN008093,9.038216674170625
1465.3216327158145,9,5,food,0,3,1586.3337071883764,0,0,0,TXN006843,0.9231339485074753
3921.667632341976,22,2,transport,0,3,1140.1947837337643,0,0,0,TXN002165,3.4364577267966934
1065.1035471343396,10,4,transport,0,5,1538.9775192762227,0,0,0,TXN001862,0.6916357763683004
741.5423582957975,12,0,food,0,3,1117.6787707061185,0,1,0,TXN007850,0.6628733625004167
781.0695165799034,21,3,grocery,0,1,566.7590840898425,0,0,0,TXN009123,1.3757058908744937
362.53814939433994,19,0,food,0,2,4546.968062966022,0,0,0,TXN002340,0.07971431293602917
1057.383436953326,9,4,grocery,0,4,1867.7115073076084,0,0,0,TXN005527,0.5658355678864401
913.9338327868597,20,6,utility,0,1,9134.392946602122,0,0,0,TXN006743,0.10004318786602324
3863.325853040533,10,6,transport,0,5,863.5855791212838,0,0,0,TXN004003,4.468413476161608
3606.4348428538324,20,6,transport,0,4,659.9686718566767,0,0,0,TXN001123,5.456287107713095
459.1409341607242,18,0,shopping,0,3,1379.3169315929927,0,0,0,TXN008709,0.332634428841527
425.1615689974187,11,2,food,0,2,1430.7702205331075,0,1,0,TXN004049,0.29694818547009133
1951.2563372136678,14,2,transport,0,5,3996.4973858659228,0,0,0,TXN007640,0.4881194779795945
901.9554724390766,16,2,transport,0,4,1156.0119407551388,0,0,0,TXN000765,0.7795558893285093
712.6595378002387,22,1,grocery,0,4,699.0687399289887,0,0,0,TXN002344,1.0179850879679717
851.4264837127841,18,5,transport,1,5,783.6121859850464,0,0,0,TXN004071,1.085155824649671
886.5258331465076,16,1,utility,1,2,697.7019274524296,0,0,0,TXN007216,1.2688183591805904
1589.3076151692026,8,6,utility,0,4,1385.2278687244577,0,0,0,TXN004216,1.1464980982034427
855.1497295774691,17,3,transport,0,2,901.2470899127251,0,0,0,TXN007952,0.9477999310146716
2329.947721444658,19,3,transport,0,2,4371.43169910548,0,0,0,TXN005970,0.5328722966493273
462.00221540837407,11,0,utility,0,1,1371.2879553019586,0,0,0,TXN003350,0.3366656492344677
1819.895555590432,21,4,food,0,5,1985.4056331012996,0,0,0,TXN004695,0.9161751886240366
754.1640873359426,16,0,transport,0,5,264.7796833144969,0,0,0,TXN003399,2.837553562901724
1739.461241664138,11,1,food,0,3,2197.7661511711676,0,0,0,TXN004081,0.7911078860012549
1335.9106354614155,16,0,shopping,1,3,986.1540344485121,0,0,0,TXN009149,1.3532950166259932
954.9554765531669,14,1,food,0,3,3742.5851594266796,0,0,0,TXN001224,0.255091158845019
2714.446204712252,22,3,utility,0,4,918.737017221099,0,0,0,TXN006292,2.9513286449138496
1732.3338281034144,8,0,food,0,3,341.3393348491999,0,0,0,TXN003122,5.06028274217015
822.1617909393087,17,2,food,0,4,601.4555453154844,0,0,0,TXN000510,1.364684576865787
4628.342267672241,15,1,transport,0,2,1451.5025186181906,0,0,0,TXN005794,3.1864607519409485
1888.4739207457824,10,4,transport,0,5,461.0987875167917,0,0,0,TXN008181,4.086732040337066
1264.4656067228946,11,1,utility,0,2,1529.8404915290262,0,0,0,TXN009417,0.8259943565119103
227.46826699532713,15,1,shopping,0,4,1500.3863547188632,0,0,0,TXN000096,0.15150548443469827
5389.592583928033,11,0,utility,0,3,1226.1504128488825,0,0,0,TXN006681,4.3919576015265
88.15996896968322,22,1,transport,0,4,1031.023493210543,0,0,0,TXN001512,0.08542438185726235
393.0609749758949,8,4,utility,0,2,1249.8353771176105,0,0,0,TXN008791,0.31423877367592007
1626.1576251799413,16,1,grocery,0,3,1269.6791191140496,0,0,0,TXN000119,1.2797547395866082
2662.0257164644695,11,0,shopping,0,4,452.80225386360684,0,0,0,TXN007791,5.866047807828998
1721.1886680383031,18,6,shopping,0,1,2663.528163811741,0,0,0,TXN006517,0.6459637737797662
706.0777529943249,22,6,grocery,0,4,4176.416412801283,0,0,0,TXN000033,0.16902259272755737
2428.481537358552,13,4,food,0,1,863.1874820614811,0,0,0,TXN007887,2.8101327406010514
1523.1915480157609,21,3,food,0,5,2979.6708076849864,0,1,0,TXN006830,0.5110230704070223
1644.5795298115072,12,5,food,0,4,2389.751081959318,0,0,0,TXN005421,0.6878924126487092
1712.7214492884852,13,5,transport,0,4,6240.719509414309,0,0,0,TXN001068,0.2743989771897325
1238.2582873021395,13,5,transport,0,4,1442.4657455071772,0,0,0,TXN001347,0.8578369740717776
565.0463855949041,8,3,transport,0,2,827.478441616463,0,0,0,TXN004747,0.6820290754849689
4234.387234081269,22,3,utility,0,5,894.03016455333,0,0,0,TXN006005,4.7309994699390545
759.7409966902717,20,1,grocery,0,1,1976.6030002135667,0,0,0,TXN006039,0.38417265578997667
1645.5834261830546,20,1,food,0,4,2051.151807206225,0,0,0,TXN003817,0.8018819175094714
3498.356021217284,16,6,grocery,0,4,417.3230581640174,0,0,0,TXN008446,8.362809443426944
1230.57875100178,12,0,transport,1,1,1383.9588472149328,0,0,0,TXN005269,0.888530914457421
358.833408924841,8,4,food,0,5,1971.9492786625794,0,0,0,TXN006897,0.18187665177489337
1370.205575399217,21,2,shopping,0,2,1186.5785183847056,0,0,0,TXN005309,1.153781037790169
2031.7727696202958,10,0,food,0,1,1035.5597748623804,0,0,0,TXN000031,1.9601115332591847
2109.8153073898143,22,5,shopping,0,2,1448.6486701738725,0,0,0,TXN005674,1.455397677243246
972.001128890909,22,4,food,0,5,4165.942088697583,0,0,0,TXN004386,0.23326485182680257
141.24917288532907,8,4,shopping,0,4,635.2788352431329,0,0,0,TXN000029,0.22199256844894955
208.261727672632,9,4,transport,0,2,1687.2069977412887,0,0,0,TXN004202,0.12336267291349501
690.4580777511512,12,1,food,0,4,1417.3341186459816,0,0,0,TXN007507,0.4868091859838356
2412.1932060165736,21,3,utility,0,2,189.81724282876624,0,0,0,TXN000735,12.641379627213274
1838.7205690353512,11,3,utility,1,5,610.8677038446557,0,0,0,TXN002067,3.0050949861903082
446.9025736086685,14,5,grocery,0,1,389.15479010744895,0,0,0,TXN000106,1.1454494086451974
43058.09097803556,5,4,food,1,11,432.6802968803329,1,1,1,TXN009644,99.2853290494697
1676.7037576622524,8,1,grocery,0,5,1428.6994810820754,0,0,0,TXN008894,1.1727665707713837
1104.253390678902,15,4,grocery,0,2,675.1318763592095,0,0,0,TXN008020,1.6331923242918422
3903.4390943188364,21,5,grocery,0,5,1063.131685169118,0,0,0,TXN002232,3.6681917743089087
629.3747787835387,16,5,utility,0,3,889.4189004106063,0,0,0,TXN000993,0.7068299858564433
275.73189055332796,19,6,grocery,0,3,744.5252919397104,0,0,0,TXN009412,0.3698491433280925
421.96303350268033,21,0,grocery,0,1,500.3936725329898,0,0,0,TXN007058,0.8415802923299093
3938.2242686045342,16,0,grocery,0,1,2181.0327620541784,0,0,0,TXN006789,1.8048419515466243
8554.338338512684,13,0,transport,0,1,632.4102086412012,0,0,0,TXN000360,13.505210717811998
933.9663320264127,18,3,grocery,0,3,320.5502237541908,0,0,0,TXN000304,2.904573727618935
72.06336914952496,18,2,transport,0,4,1745.2439357671262,0,0,0,TXN002627,0.04126764175010147
490.0945491473837,17,4,grocery,0,4,353.0510378874809,0,0,0,TXN008965,1.3842483051924792
2557.463200863898,17,1,grocery,0,1,569.1358858054646,1,0,0,TXN004513,4.48570816981783
519.796114781219,14,1,food,0,4,1920.789592323935,0,0,0,TXN005910,0.27047503892070335
733.0711104647742,17,0,utility,0,1,3640.6691316786128,0,0,0,TXN008313,0.20130085517320678
3600.4216449865985,9,0,transport,0,4,1275.6464593539004,0,0,0,TXN003100,2.820218251189715
1220.0774939815778,11,6,food,1,4,1185.4376619115314,0,0,0,TXN005703,1.028353644822643
1055.6008725025197,16,6,transport,0,3,1781.4458850026433,0,0,0,TXN003898,0.5922204322634761
1204.0648562874496,14,0,grocery,0,4,417.78584401094093,0,0,0,TXN005440,2.8751326567189146
570.01240796134,20,6,transport,0,5,6564.440080196869,1,0,0,TXN007930,0.08682013711169959
336.8939747278017,11,3,shopping,0,2,839.9334530507375,0,1,0,TXN000621,0.40061906623600013
211.34431188406896,15,4,grocery,0,3,2089.344258641083,0,0,0,TXN007235,0.10110502660526469
1800.4025774486022,22,2,grocery,0,4,984.6571088792753,0,0,0,TXN002498,1.8266013213212853
412.2930367327207,14,6,grocery,0,4,543.6654332051424,0,0,0,TXN000713,0.7569656739671139
2145.7827132359816,16,4,transport,0,5,406.50193568633887,0,0,0,TXN008403,5.265699436793907
14367.908026451802,15,4,transport,1,5,1353.3653884962428,0,0,0,TXN002855,10.608590671683176
371.3553686518291,22,5,food,0,5,613.3546213280846,0,0,0,TXN004269,0.6044641901595036
3480.7308341808175,12,1,utility,0,3,814.3743822258366,0,0,0,TXN002908,4.268874409175084
1046.6765520102094,12,4,transport,0,4,2081.43748293787,0,1,0,TXN008080,0.5026208760579812
2035.3177246608425,15,0,food,1,4,2688.1725314468576,0,0,0,TXN004516,0.7568565054343236
300.2878093718264,19,0,transport,0,2,654.0613711839441,0,0,0,TXN001261,0.45841171923951585
4466.303026570591,14,5,transport,0,4,572.8234840736459,0,1,0,TXN003160,7.78340927224473
1016.7117531827874,17,2,transport,0,2,1088.6556725828195,0,0,0,TXN000970,0.933057826214833
1639.583991486395,8,3,transport,1,5,562.2680102914755,0,0,0,TXN003912,2.91084166245826
274.1048176239418,13,5,grocery,0,3,1180.704972779581,0,0,0,TXN005198,0.231957065374108
1098.4505288453242,21,6,transport,0,3,1195.9424694967884,0,0,0,TXN008846,0.9177137221199348
299.43461992501193,9,0,grocery,0,5,1052.2613736730573,0,0,0,TXN000259,0.2842927951309827
2288.507514411184,11,6,grocery,0,2,632.2416199466027,0,0,0,TXN003790,3.6139562567036565
2711.1256134913783,16,5,food,0,1,2383.1196469425704,0,0,0,TXN009202,1.1371600485605515
771.1726300191261,12,5,transport,1,5,184.89821177745802,0,0,0,TXN000487,4.148359592303719
1117.9578674390548,19,3,transport,0,5,698.2196984502468,0,0,0,TXN007907,1.5988649489093354
9145.283545304856,22,4,utility,0,3,1827.7550026473714,0,0,0,TXN000518,5.000824895661702
562.0365983267556,10,4,transport,0,1,163.33991883059295,0,0,0,TXN008342,3.419963952313507
917.7974374834256,9,3,food,0,3,776.3051861345954,0,0,0,TXN000311,1.180742717088347
1535.655025056449,17,6,grocery,0,2,588.7767077450643,0,0,0,TXN003231,2.6037905615632555
508.2838682740046,16,5,food,0,4,1384.2885658455398,0,0,0,TXN007932,0.36691551551482193
663.9734998597759,14,0,utility,0,2,709.4915427663819,0,0,0,TXN007457,0.9345269575968735
67709.64887870547,2,3,shopping,1,7,384.43374492963073,0,1,1,TXN009783,175.67130478175264
226.50575746416877,22,6,transport,0,2,621.4313742802116,0,0,0,TXN005183,0.3639047882605584
1185.687096609292,17,0,transport,0,4,9336.374833571137,0,0,0,TXN008076,0.12698291733414524
888.1718786897083,9,4,food,1,3,576.2883035693895,0,0,0,TXN006501,1.5385239458310813
274.82677250033385,20,3,grocery,0,2,5553.805494852891,0,1,0,TXN006790,0.049475498782988826
1216.9869721258824,11,6,grocery,0,4,1471.9743573870874,0,0,0,TXN007772,0.8262105623377575
911.5288490997585,16,3,grocery,0,5,2528.795412195591,0,0,0,TXN002737,0.36031721960814583
549.3112050040971,14,6,utility,0,1,1310.3828337783282,0,0,0,TXN007841,0.41887936219313887
1542.0447882331046,20,3,grocery,0,2,248.47173420698525,0,0,0,TXN006261,6.1812405046003285
4407.409915075764,11,2,grocery,0,4,1704.745508360275,0,0,0,TXN008205,2.5838613635351653
835.1180558170857,8,2,grocery,0,3,1630.293999525912,0,0,0,TXN001247,0.5119359576261473
1362.1114037548823,11,2,utility,0,4,409.1049837810109,0,0,0,TXN009335,3.3213724719868964
663.0407696325037,17,2,food,1,3,965.002476843315,0,0,0,TXN004194,0.6863758484338219
1005.714828018326,18,0,transport,0,5,1015.4191115430156,0,0,0,TXN008000,0.9894686321782759
1201.6849861264711,14,3,food,1,1,575.8143015683899,0,0,0,TXN007377,2.0833134387601406
1405.0754507140782,18,5,food,1,2,597.965503297913,0,0,0,TXN003434,2.3458370189563706
129.91505090470463,15,5,utility,0,2,2227.860085182062,0,0,0,TXN005381,0.058287665416240184
462.0038824714475,10,2,transport,0,4,1583.128175482366,0,0,0,TXN000958,0.2916455180975287
833.2687762053031,12,0,food,0,5,1145.9646998922942,0,0,0,TXN000416,0.726499059895698
504.32761709674327,16,2,utility,0,5,2014.398275391443,0,0,0,TXN005741,0.2502371979051087
867.938098206194,9,1,transport,0,1,1539.5228984430137,0,0,0,TXN006727,0.5634048666744309
785.7352820303854,9,0,grocery,1,5,523.1627716465272,0,0,0,TXN004381,1.4990291652384873
4551.74029423001,19,0,food,0,4,820.8269712204929,0,0,0,TXN005196,5.538562804126802
1364.7387073950326,11,6,food,0,2,985.9836280684399,0,0,0,TXN001112,1.3827369255008537
1385.193446264884,15,4,transport,0,5,1315.9037561645707,0,0,0,TXN002688,1.0518562497681716
1271.6332970964966,17,1,transport,0,1,1564.034029693591,0,0,0,TXN006472,0.8125275699886617
4909.915781677148,13,5,shopping,0,3,1995.7672614847932,0,1,0,TXN008819,2.4589324336308187
2427.88075481845,20,3,utility,1,4,810.7271471691422,0,0,0,TXN007807,2.9910059843206707
1017.8087621122093,14,6,grocery,1,3,2657.6678052734655,0,0,0,TXN003410,0.38282660214013436
3601.9349323303304,20,6,food,0,5,301.8332275422716,0,0,0,TXN000080,11.894120607447368
1812.7037140494824,9,5,utility,0,3,1792.1643289180258,0,0,0,TXN004613,1.0108965948164084
811.8581554989679,15,0,grocery,0,4,2967.4599956932557,0,0,0,TXN001373,0.27349472678656267
3456.7733197590583,19,0,shopping,1,2,1259.5883749718218,0,0,0,TXN001509,2.742190383785134
57.17841772007666,18,3,transport,0,2,9397.266242250498,0,0,0,TXN006442,0.006083932530345595
172.75767458294666,18,6,grocery,0,2,852.9185202221474,0,0,0,TXN003070,0.20231166146625282
2881.7114810000385,13,4,food,0,2,2013.3805209902894,0,0,0,TXN003015,1.4305695726164789
151.47274747995291,13,4,grocery,0,1,907.8849299788434,0,0,0,TXN004822,0.16665778305233736
1552.098869852744,13,1,grocery,1,4,2248.790220143356,0,0,0,TXN007821,0.6898860417989748
515.1721501102676,19,3,utility,0,1,1400.5305077526912,0,0,0,TXN000092,0.3675782633774626
3341.698022460555,21,2,food,0,3,1373.2502874816448,0,0,0,TXN009420,2.431651681575645
1380.9702169037855,16,3,utility,0,1,3143.4950337370924,0,0,0,TXN006599,0.43917074191163974
2409.745196068969,11,4,grocery,0,5,5969.279100723096,0,1,0,TXN004442,0.40362354178334986
264.9916245272756,10,4,food,0,4,1130.0305725069434,0,0,0,TXN007601,0.2342921853473141
263.7571591674114,14,5,transport,0,2,2021.9573421951345,0,0,0,TXN003834,0.13038196785761455
16040.468910293457,1,0,shopping,1,8,364.9212347511928,0,1,1,TXN009701,43.83585150831745
266.54337507934684,22,3,grocery,0,1,1394.4975993357834,0,0,0,TXN004321,0.1910023888297721
1853.0434658902411,12,0,food,0,4,1127.5511804255816,0,0,0,TXN003393,1.6419667074305397
299.7161031073053,14,4,utility,0,4,1216.1730746145201,0,0,0,TXN004751,0.24623951133837368
1571.0287519482515,22,2,shopping,0,3,1733.7459478317298,0,0,0,TXN007228,0.9056246846472767
704.3553099466837,21,5,shopping,0,4,236.91177705149286,0,0,0,TXN009190,2.9605735313987225
2009.0243893031964,8,3,utility,0,5,668.415085848227,0,0,0,TXN002360,3.001163899312977
879.5707986901382,17,0,grocery,0,3,879.1381890028672,0,0,0,TXN001147,0.9993553395139326
485.03074216283164,19,3,utility,1,4,195.23418257794685,0,0,0,TXN005665,2.4716934419423637
1481.7827963069137,20,5,food,0,1,1038.3115048102718,0,0,0,TXN008074,1.4257350076937865
584.5254918385824,20,2,utility,0,3,1939.5931948711761,0,0,0,TXN004942,0.30120969886086063
157.18593886371275,8,1,transport,1,3,595.5958655320718,0,0,0,TXN003662,0.26347138481009597
1637.0344771688242,19,3,utility,0,1,633.8105486685092,0,0,0,TXN001562,2.5787764248758016
1767.9727312066684,9,6,food,0,1,1652.4963936421032,0,0,0,TXN004112,1.069232892194226
3014.2219181406717,15,1,shopping,0,2,321.22907888962465,0,1,0,TXN009049,9.354282762212016
1114.550651451444,13,4,grocery,0,4,481.88524359464617,0,0,0,TXN009275,2.308106669722639
1154.840923400883,21,4,food,0,1,1579.3337489421863,0,0,0,TXN008537,0.7307576163414142
2650.217761592438,8,4,utility,0,3,1554.1484629197548,0,0,0,TXN000794,1.7041574002630695
2803.3518431345997,20,1,food,0,1,3704.330175625938,0,0,0,TXN005853,0.7565727506755945
567.8315034536079,22,2,grocery,0,3,546.6686464054153,0,0,0,TXN007618,1.0368157957928212
3949.0828992113857,9,5,utility,1,5,4006.6236690733454,0,0,0,TXN001593,0.9853926479390477
7027.532142937752,10,2,utility,1,5,414.8918771108448,0,0,0,TXN007417,16.89749795489454
1112.518892862227,12,6,food,0,4,875.7561542053141,0,0,0,TXN005266,1.268903431730806
3067.7470642666317,19,4,grocery,0,1,3825.3971763034897,0,1,0,TXN007146,0.8017325235511082
1630.0516109635312,21,1,grocery,0,2,645.0489234768772,0,0,0,TXN000088,2.5231086249490087
6826.895172380557,15,4,shopping,0,5,413.42369236808753,0,0,0,TXN008694,16.473226068158688
16740.611198384846,2,5,grocery,1,15,718.8924427516323,1,0,1,TXN009731,23.254322735209584
1501.6042498439558,8,5,transport,0,3,1819.5614562012888,0,0,0,TXN009445,0.8248028347129481
2560.4255480225243,9,6,transport,0,1,1062.408586122223,0,0,0,TXN006753,2.4077533146118886
1690.6196584536071,20,5,utility,0,4,793.2971560537711,0,0,0,TXN003501,2.1284473267573403
315.7180044032402,20,2,grocery,0,3,2733.5912051773803,0,1,0,TXN002233,0.11545345564100906
7241.800342987885,22,0,food,0,3,862.5093701876052,1,0,0,TXN002802,8.38647569211037
594.8485755594206,18,3,food,0,5,1487.9625968919097,0,0,0,TXN004423,0.3995053850251977
1320.0127260326396,20,1,grocery,0,1,721.8901824419553,0,0,0,TXN005662,1.8260210998765785
445.9210990296517,11,4,grocery,0,4,2670.0319426386245,0,0,0,TXN007169,0.16694712328641825
1177.165838970785,22,4,utility,0,2,990.347687951277,0,0,0,TXN008336,1.1874399398696542
1065.4828955301575,13,2,grocery,0,3,2475.6197780540183,0,0,0,TXN002147,0.430216581879739
608.3929364666382,14,5,shopping,0,1,744.1716747185764,0,0,0,TXN007968,0.8164466754542241
1460.1191730931,13,4,transport,0,5,4585.204660604357,0,0,0,TXN006550,0.31837200499043794
195.77263702406083,14,4,food,0,3,624.5486402225573,0,0,0,TXN007642,0.3129614940165308
122.28471725212476,13,2,shopping,0,3,490.05004236698727,0,0,0,TXN006163,0.2490269966431141
1075.6513840735972,17,0,food,0,5,7881.045286876826,0,0,0,TXN001494,0.13646856176587793
642.3579335440569,18,2,utility,1,2,1103.055949870775,0,0,0,TXN007695,0.5818164682860884
1166.9855264022835,9,5,utility,1,1,3438.627596980751,0,0,0,TXN007093,0.33927670757922873
1929.0371363243066,16,6,food,0,3,1009.7634970743649,0,0,0,TXN001408,1.9084950553792919
4538.133509595701,19,4,grocery,0,3,664.8971189467894,0,0,0,TXN006690,6.815067043349582
434.1919620667656,9,5,grocery,0,3,532.6142052530363,0,0,0,TXN003400,0.8136814158852361
753.3971809769247,11,2,shopping,0,2,4013.0529542613326,0,0,0,TXN000108,0.18768989586375925
1777.0549677275783,8,5,grocery,0,1,3607.1091365082734,0,1,0,TXN005635,0.4925169667809197
722.8547831917701,11,5,food,0,1,794.6783730309485,0,0,0,TXN008481,0.9084760974943002
718.0673858626106,20,5,transport,0,4,1188.027506593637,0,0,0,TXN006603,0.6039115006849188
4697.689984172016,22,4,grocery,0,1,1378.0577539330702,0,0,0,TXN001090,3.4064490560850063
1664.5819697304698,17,5,grocery,0,5,1290.5639050575855,0,0,0,TXN005559,1.2888111561589768
471.04870121757153,18,3,food,1,2,6275.003099754826,0,0,0,TXN009411,0.07505552399041569
635.457114734597,17,3,utility,0,3,552.2710784504508,0,0,0,TXN008142,1.1485456939378162
2358.174558319518,15,1,shopping,1,2,180.26947045606263,0,1,0,TXN008663,13.00922076059746
585.1698605032519,12,2,grocery,0,4,2065.316617046352,0,0,0,TXN006595,0.28319467388289665
1081.4162152560802,15,1,utility,0,5,672.9526173087777,0,1,0,TXN000623,1.6045879005179666
530.0679332538238,15,0,shopping,1,3,438.16303879469757,0,0,0,TXN006870,1.20699577703219
295.8973158624602,15,2,grocery,0,5,495.641014276836,0,0,0,TXN004813,0.5957971801690991
487.5254256714376,16,2,utility,0,3,1818.5281218585333,0,0,0,TXN006552,0.2679405829537062
1902.8853225683538,11,5,grocery,0,2,281.0092507263065,0,0,0,TXN007529,6.747598944600323
3215.141969001663,19,0,food,1,3,1831.5361314728304,0,1,0,TXN005795,1.7544767133282202
1347.673942266879,11,0,food,1,3,2211.9388464496396,0,0,0,TXN007436,0.6089973721727734
525.8546789166918,15,3,transport,0,3,1652.716446968671,0,0,0,TXN004217,0.3179835816960064
3916.3297943323273,14,0,transport,0,3,3235.532369759966,0,0,0,TXN005940,1.2100388152838952
2642.04176407985,14,2,utility,0,1,1016.4600223185583,0,1,0,TXN008500,2.596703267081926
4112.8890489180485,12,5,grocery,0,4,3450.3237307094796,0,1,0,TXN006428,1.1916845158053524
1255.0610931266451,10,0,transport,0,2,1585.1111622920814,0,0,0,TXN006826,0.7912819245991325
4885.017484253849,12,3,transport,0,1,1147.3177799679577,0,0,0,TXN004130,4.254064135791888
3254.976234114011,9,0,grocery,0,1,812.117394987229,0,1,0,TXN007801,4.003082770311579
1461.6139841957176,14,5,grocery,0,3,997.884223556801,0,0,0,TXN007753,1.4632466403275852
922.7641228719507,8,0,utility,0,4,1194.3722550022587,0,1,0,TXN004721,0.7719470809285323
2118.8567488349,8,5,shopping,0,5,1041.9519558126415,0,0,0,TXN001650,2.0315957384479337
1583.1943075941033,13,2,grocery,1,1,2442.275549066181,0,0,0,TXN004140,0.6479802526568071
2273.866463271628,17,2,utility,0,2,690.1824728360497,0,0,0,TXN001617,3.2898207819731495
942.0410739339006,17,0,transport,1,1,2002.6085773875775,0,0,0,TXN002029,0.4701722105632973
483.498182107689,21,4,transport,0,1,1157.9760017497076,0,0,0,TXN008517,0.4171770436814491
1728.2693320334558,12,4,food,0,2,1026.93400009013,0,0,0,TXN004575,1.6813037917628175
1375.4589702259877,19,0,grocery,1,5,1406.3926614487525,0,0,0,TXN003992,0.9773100342942724
2686.1141655368806,15,0,utility,0,4,752.8005705902873,0,0,0,TXN007376,3.563428140460857
2017.8997461540769,22,2,food,0,5,810.7326838625835,0,0,0,TXN006149,2.485916590856015
475.164691792144,19,1,utility,0,2,1998.0676819411958,0,0,0,TXN004908,0.2376931487035672
375.7053310521674,11,3,grocery,0,4,1004.2130466976953,0,0,0,TXN005026,0.3737569187809755
2291.749252375781,9,3,grocery,0,1,1971.2938217902515,0,0,0,TXN008260,1.1619715212085184
1888.1250846977239,9,0,transport,0,5,863.4286356974476,0,0,0,TXN004731,2.1842463411387647
3102.6960928338704,20,5,grocery,0,5,1987.7532404316466,0,0,0,TXN007548,1.5601212004363343
1115.6403794624316,18,5,utility,0,2,564.1394465623022,0,0,0,TXN008134,1.974097519203061
2342.51799362571,9,5,utility,0,4,731.8378110165781,0,0,0,TXN001606,3.1965026345682346
334.15846589869,20,6,shopping,0,4,840.1912038033245,0,0,0,TXN004773,0.39724436535693763
393.5094570053579,19,1,grocery,1,2,514.0367339553113,0,0,0,TXN008109,0.7640415354130874
1274.0996992110215,15,0,transport,0,2,3700.0639198620465,0,0,0,TXN006951,0.34425228172187644
2248.1124432371453,10,4,grocery,0,1,1117.3380755807893,0,0,0,TXN006004,2.010226149252432
780.535489689976,22,2,grocery,0,2,484.41211699192576,0,0,0,TXN007728,1.6079851787114725
353.17286959295296,20,6,food,0,4,461.7314462529961,0,0,0,TXN003541,0.7632350739349957
1967.5099782918148,19,4,food,0,2,184.85334844892057,0,0,0,TXN000388,10.586357441025928
7731.511779911103,8,4,food,0,2,345.90321509712794,0,0,0,TXN001794,22.28723010752838
556.2934083330657,19,5,food,0,3,595.5123679245396,0,0,0,TXN008731,0.9325764866679819
925.0312017815137,13,5,food,1,1,368.0317062371403,0,0,0,TXN004919,2.506644242614447
584.4234401211708,21,2,transport,1,4,1384.9722978344194,0,0,0,TXN005537,0.42167036169072925
1391.1348840551368,10,3,grocery,0,5,1535.2879001997467,0,0,0,TXN003872,0.9055170478620985
313.6576020074473,17,4,transport,0,2,552.4637070855739,0,0,0,TXN008868,0.5667175606854219
693.8913821037746,21,1,transport,1,3,3547.853612794007,0,0,0,TXN002254,0.19552550141888636
260.772281799565,8,6,shopping,1,1,1532.9841082971502,0,0,0,TXN003412,0.16999672968518814
307.5740129748512,22,2,food,0,2,838.6893280945828,0,0,0,TXN005459,0.3662950125527926
663.4234579610055,19,1,grocery,0,5,2420.8832089492203,0,0,0,TXN004955,0.27392875738580486
2257.2922453274264,10,4,grocery,1,4,756.39598284256,0,0,0,TXN007396,2.9803330047456167
829.9913476707911,8,1,transport,0,4,843.3945857035966,0,1,0,TXN005414,0.9829425267799368
458.24568645532753,11,1,transport,0,1,1790.8067432262083,0,0,0,TXN007399,0.2557450395739893
3098.668865144579,15,5,transport,1,1,799.23688111506,0,0,0,TXN007414,3.8721895207164847
1760.4789529786692,16,2,utility,0,3,1032.255592422317,0,0,0,TXN009100,1.7038174928736491
788.3901892875605,13,0,grocery,0,5,1481.6608950800742,0,1,0,TXN004851,0.5317400572873285
483.28820310520564,11,4,shopping,0,1,1233.5271979957608,0,0,0,TXN002025,0.39147635134310355
1240.6852581548649,9,3,utility,0,2,2268.390476754865,0,0,0,TXN002615,0.5467041793217506
4028.421344149567,12,0,grocery,0,3,1039.8263222675791,0,0,0,TXN007388,3.870406866126438
1053.4178641451304,20,2,transport,1,4,1731.1082855284233,0,0,0,TXN002926,0.6081709053332994
2192.5383385098708,22,1,food,0,1,1418.6385324423904,0,1,0,TXN001121,1.5444342263222168
1099.8465693837027,11,4,transport,0,5,473.5588941102123,0,0,0,TXN002910,2.3176187045148344
444.78244690127184,12,3,grocery,0,1,1426.0565796661047,0,0,0,TXN008146,0.31167821461244355
1561.486915833807,16,4,transport,1,2,2042.1333589602823,0,0,0,TXN007383,0.7642608882997352
730.6765206407706,12,0,utility,1,4,571.3610937903907,0,0,0,TXN003482,1.2766006085458317
3064.008617488249,21,0,grocery,0,4,699.1138856945212,0,0,0,TXN000795,4.376443147458383
5129.722144177979,9,5,food,0,4,3461.234802894485,0,0,0,TXN001575,1.4816216796993225
769.8604532341944,16,4,grocery,0,4,347.0323082097407,0,0,0,TXN006176,2.212037316863813
509.34748985095194,22,6,food,0,4,242.88622780103782,0,0,0,TXN006266,2.088463520238122
2102.0485091603387,15,5,transport,0,5,2259.482222049323,0,0,0,TXN002458,0.9299115421729128
992.1032963146594,18,0,shopping,0,5,987.8765669209536,0,0,0,TXN003312,1.0032630254388095
753.3206893136937,9,3,grocery,0,4,389.675003945291,1,0,0,TXN001253,1.9282541286393295
430.48701618865806,21,3,utility,0,4,2432.7509928262753,0,0,0,TXN006834,0.1768821122035745
258.04062486403564,14,4,transport,1,2,1054.4878414160305,0,0,0,TXN008794,0.24447522248844786
531.4644812621908,9,1,transport,1,4,1194.873207680506,0,0,0,TXN003837,0.44441540946720404
198.30869824001536,10,4,utility,0,3,579.4707520771744,0,0,0,TXN004398,0.34163426413885867
2031.6008398233496,17,4,transport,0,5,888.6464205120566,0,0,0,TXN003595,2.2836048040906123
817.6490116503905,14,5,transport,0,3,1149.188469207035,0,0,0,TXN006621,0.7108826366639682
539.1969305856891,17,6,utility,0,3,723.2792349814423,0,0,0,TXN008382,0.7444600156174636
321.49626388107214,22,6,grocery,0,5,641.3353767295753,0,0,0,TXN002124,0.5005115326481898
726.021718851027,17,0,shopping,1,1,793.3753401016468,0,0,0,TXN003238,0.9139529919925845
1823.9565171153197,11,6,transport,0,3,529.7991371493209,0,0,0,TXN005403,3.436246198347184
1237.912969995496,15,2,food,0,4,732.8934943528876,0,0,0,TXN005998,1.686774688045203
2791.43683722177,11,4,grocery,0,3,3570.487391404842,0,0,0,TXN005938,0.7815894419618153
967.0533866918998,18,0,grocery,0,5,889.6911519968447,0,0,0,TXN002045,1.0857336850420691
377.78199716824747,17,2,shopping,0,3,1298.3959747652489,0,0,0,TXN001578,0.2907366226346039
337.9079707591755,10,3,shopping,1,4,3421.0138451771154,0,0,0,TXN000014,0.0987453546499857
1566.2078329264964,10,1,grocery,0,2,861.6120917118535,0,0,0,TXN002673,1.815657174267471
2833.4697560716154,11,6,transport,0,2,1277.973620419907,0,0,0,TXN007016,2.2154247052737044
1133.4437877139571,12,0,transport,0,1,412.9902241481365,0,0,0,TXN008720,2.737851576196595
2083.126631877445,8,0,food,0,3,3218.494619824402,0,0,0,TXN008849,0.6470352890327437
474.1005075766741,8,6,food,0,2,192.88892869268003,0,0,0,TXN004812,2.4452170156045274
840.5697416626268,22,4,transport,0,3,370.9881250560578,0,0,0,TXN001084,2.2596682126236014
3155.9947275618065,20,2,grocery,0,2,941.7706474830281,0,0,0,TXN004983,3.3475742334443237
9064.213228984527,20,1,food,0,4,368.12577486643085,0,0,0,TXN007155,24.55589353592129
784.3511858750016,9,0,grocery,0,5,1042.1718532468476,0,0,0,TXN002884,0.7518906721205401
836.9232716648171,9,3,shopping,0,4,1396.0455354481733,0,0,0,TXN000333,0.5990665661419057
240.22548761577704,22,4,utility,0,1,473.2222693124363,0,0,0,TXN007204,0.5065672853450647
118.5833265846706,14,1,food,0,4,657.0405181420631,0,0,0,TXN004367,0.18020672483737527
838.3019653280171,22,5,utility,0,3,389.4579701628764,0,0,0,TXN003079,2.146971068303014
2351.8517056549063,9,2,food,0,4,990.2020261083045,0,0,0,TXN007203,2.3727268949286118
40121.792674691256,3,2,food,0,17,626.2920940085005,1,1,1,TXN009909,63.960303434252374
1263.5895391911727,8,1,utility,0,1,489.60180705673775,0,0,0,TXN008864,2.57559087841892
2012.8139861817585,15,1,food,0,3,745.784375765312,0,0,0,TXN000263,2.6953081123570732
1546.1984385762253,21,6,shopping,1,3,803.0074536643202,0,0,0,TXN004337,1.9231145576192332
795.0558116903619,10,0,grocery,0,5,986.8414283425,0,0,0,TXN008895,0.8048415351686422
1711.9644171561574,20,4,food,0,5,1267.6032598942193,0,0,0,TXN008447,1.349487638317205
506.7965417946257,13,2,grocery,0,5,429.98596918178873,0,0,0,TXN005903,1.1759003263070502
552.8091480327561,13,0,transport,1,1,2973.58515623806,0,0,0,TXN001498,0.1858441157327264
619.0983697418909,19,1,food,0,3,1126.4244428244601,0,0,0,TXN004190,0.54912626179268
1107.448212824236,18,2,shopping,0,5,608.6915693997904,0,0,0,TXN007485,1.8164072924847248
7078.695199579296,4,0,food,1,16,898.2778294556988,1,1,1,TXN009643,7.871533098801937
181.79075581911505,15,0,grocery,0,4,884.9148652886403,0,0,0,TXN008310,0.20520115751741644
485.79917707811217,10,5,transport,0,3,786.161575357725,0,0,0,TXN007590,0.6171530627080483
1061.0080611547335,18,6,food,1,5,1445.61998228742,0,0,0,TXN000500,0.7334393787904475
1912.1574407124024,9,6,shopping,0,1,1198.9973108900294,0,1,0,TXN009155,1.5934681047694756
1401.808465861824,15,1,shopping,0,2,567.576962000194,0,0,0,TXN009414,2.465468282306777
1808.2464267052933,18,3,grocery,0,3,456.5436800434529,0,0,0,TXN003095,3.9520738796644816
1500.0319602454529,12,5,food,0,3,2401.426061034677,0,0,0,TXN004631,0.6243821545956003
2465.7715619468154,21,3,food,0,1,1341.5952122039962,0,0,0,TXN000367,1.8365710971805267
1234.3875546558534,21,6,utility,0,5,434.2672110121201,0,0,0,TXN004058,2.83593048919433
523.8915694917899,17,1,grocery,0,1,1235.0312133723528,0,0,0,TXN008174,0.42384978940978274
7782.897537452187,9,3,transport,1,3,1201.6421806793855,0,0,0,TXN004630,6.47149889009842
817.1942442194627,22,5,food,1,2,1152.1485627245593,0,1,0,TXN006070,0.7086634546798264
92.1306734729525,17,1,shopping,0,4,504.1504218480157,0,0,0,TXN002664,0.18238265175728546
793.212493108192,20,0,utility,0,2,847.4980303835745,0,0,0,TXN001026,0.9348430576198392
8553.497844785972,11,1,food,0,4,309.3868737181814,0,1,0,TXN005908,27.557537283461926
1822.7246379485455,10,4,utility,1,3,684.1291904651227,0,0,0,TXN005050,2.660410128943898
1379.7299292651674,15,3,grocery,0,5,457.10418434391823,0,0,0,TXN006328,3.011825642328876
7869.0217577223175,5,6,shopping,1,11,470.253298758906,0,1,1,TXN009733,16.698072519484096
179.77474876675728,15,6,grocery,0,2,1832.406649813384,0,0,0,TXN001691,0.09805503257286424
500.6143987859049,15,5,transport,0,4,720.879439576179,0,0,0,TXN000673,0.6934875428503954
2204.872877704612,20,0,transport,0,1,1149.527370226917,0,0,0,TXN005572,1.9164019342449439
862.2985223237254,11,0,transport,0,2,484.6817195375703,0,0,0,TXN005766,1.7754395268258014
4207.757705341272,10,5,grocery,0,1,1054.8955211224766,0,0,0,TXN005156,3.985013309714761
614.627123120009,15,4,utility,0,5,853.8224227664687,0,0,0,TXN000733,0.7190114657157521
1362.0138317433189,22,0,shopping,1,2,916.8415924435242,0,0,0,TXN003526,1.4839312610766493
1134.9380972596766,21,1,food,0,3,2784.973351325592,0,0,0,TXN000568,0.4073757908415249
1839.0424407655005,8,2,transport,0,2,541.4397850146763,0,0,0,TXN009187,3.3903162923710384
1111.449707968264,20,1,utility,0,3,638.6031211664985,0,0,0,TXN002922,1.737717767763889
2361.495109708227,14,2,transport,0,1,498.0313269428837,0,1,0,TXN007911,4.732158047421561
249.07861669283824,20,6,utility,0,2,1051.7216247250992,0,0,0,TXN001558,0.23660444588841897
659.1203840568759,17,0,grocery,0,1,365.11087279552663,0,0,0,TXN000101,1.800329990267717
166.91408993633905,8,2,grocery,0,2,4518.839123260589,0,0,0,TXN003007,0.036929210395419576
1575.0220497270975,10,5,transport,0,1,1772.9680320643038,0,0,0,TXN007201,0.8878525549833614
1328.611306155773,17,1,transport,0,1,2083.3215860271157,0,0,0,TXN000303,0.6374310543356282
127.36875784806773,19,3,transport,0,2,817.1147566802351,0,0,0,TXN000076,0.15568568688934006
7084.944764447753,8,1,grocery,0,3,557.4009629003936,0,0,0,TXN006754,12.687916452808036
4725.925615908105,18,3,food,0,4,654.3327785703234,0,0,0,TXN008629,7.211489750624413
4513.556320198614,12,3,shopping,1,4,999.4389126791701,0,0,0,TXN001208,4.511576132231137
1982.4782514866351,19,6,utility,0,4,325.00056191851,0,0,0,TXN007742,6.0812111482868945
2717.891870151292,13,2,shopping,0,3,717.1643305603287,0,0,0,TXN008214,3.7844985534588287
725.804518863931,12,0,shopping,0,2,622.201939806348,0,0,0,TXN008944,1.1646377722916994
622.938150888984,14,2,utility,0,3,1175.3608048355968,0,0,0,TXN008413,0.5295468433904877
169.57569633809052,12,0,transport,1,1,269.6739816388371,0,1,0,TXN001775,0.6264942618842361
1795.7816908405496,18,1,grocery,1,2,866.7130310004761,0,0,0,TXN003473,2.0695571308523593
7253.785833607546,17,2,grocery,0,1,1620.6321798736958,0,0,0,TXN000483,4.473138806466286
1470.3921736748307,17,4,transport,0,3,444.8618389875365,0,0,0,TXN002189,3.2978650449515903
449.6441580884618,17,2,transport,0,5,1895.8025097392429,0,0,0,TXN000346,0.23705375534866582
1020.7507385285569,12,1,food,0,1,148.7769766539833,0,0,0,TXN005481,6.8151378224619155
4856.797879638036,9,4,grocery,0,2,1055.1704985406923,0,0,0,TXN008361,4.598497956862703
567.3498729722389,21,4,food,1,5,435.425252379347,0,0,0,TXN001472,1.2999932288040252
3835.898734629885,14,3,grocery,0,3,195.50412804032416,0,0,0,TXN005100,19.520703065549487
750.0141203297212,21,4,transport,0,2,1483.490321765136,0,0,0,TXN006765,0.5052334187250985
4501.186801608572,19,3,grocery,1,1,3338.301400712551,0,0,0,TXN008706,1.347942656703014
834.5293024622048,21,2,transport,0,1,501.20899511155955,0,0,0,TXN004929,1.661717154780998
293.4548246410498,8,2,grocery,0,5,565.1526806884987,0,0,0,TXN006329,0.5183315996741006
4078.4535403769155,8,5,food,0,3,1929.5160768977073,0,0,0,TXN002609,2.1126234529633607
1211.7565923914692,16,3,grocery,0,5,2526.298760955357,0,0,0,TXN000003,0.47946709392339787
787.5884373505004,22,6,transport,1,4,545.7750868869571,0,0,0,TXN002213,1.4404248771366026
96.53229584007333,10,4,transport,0,5,2159.4382062296763,0,0,0,TXN004827,0.04468181295892662
1036.092188722364,8,5,shopping,0,5,816.1518928716926,0,0,0,TXN000856,1.267930965785634
381.35457761621586,20,1,shopping,0,4,1768.815436094217,0,0,0,TXN006977,0.21547703214625724
1345.0061600604245,15,1,shopping,0,5,2271.613316198723,0,0,0,TXN005885,0.591832385418802
785.6518214484863,17,5,transport,0,5,910.3491759425783,0,0,0,TXN000624,0.8620755273475862
1229.01789260262,8,0,grocery,0,3,436.1421006974644,0,0,0,TXN000290,2.8114837043645764
897.2322809203293,8,5,grocery,1,2,1040.5862661587496,0,0,0,TXN002018,0.8614094771326227
516.3558803778598,10,1,transport,0,3,1215.940375763346,0,0,0,TXN000668,0.42430663873237584
3356.1219651253464,8,1,grocery,1,4,2941.517982086277,0,0,0,TXN008921,1.1405612422955593
4961.914150009391,20,3,transport,0,1,1546.001283360104,0,0,0,TXN008264,3.2074402286416066
17794.932124941563,0,1,utility,1,9,471.04367251080276,1,0,1,TXN009696,37.697639352499365
8213.66323398958,13,0,grocery,0,4,4040.919708880009,0,0,0,TXN001631,2.0321193456525974
979.1111848447265,14,0,food,1,3,1760.9132394172366,0,0,0,TXN005170,0.5557090797323104
5721.088347790175,10,0,grocery,1,5,504.4135883803918,0,0,0,TXN007205,11.319617199299133
4276.998274414179,12,5,grocery,0,4,2831.0326279626224,0,1,0,TXN002522,1.5102221041468267
1026.4218134407456,12,6,shopping,0,2,445.1866079460401,0,0,0,TXN002215,2.3004316919455294
174.93763222716336,17,6,grocery,0,5,979.6556488055443,0,0,0,TXN006968,0.17838844087650998
1663.466672261179,13,2,grocery,0,1,1274.3960954260585,0,1,0,TXN006496,1.3042745530011064
609.7672912057158,13,3,grocery,1,4,705.550595439216,0,0,0,TXN006213,0.863019994805416
2696.20022842866,16,5,shopping,0,4,1091.8423904878678,0,0,0,TXN007032,2.467144623869339
954.5152300172319,10,1,utility,0,4,879.977817704565,0,0,0,TXN007420,1.0834724902657284
6325.168218940845,19,3,shopping,0,3,325.4584319431078,0,1,0,TXN001107,19.37511058082622
266.26070774199314,19,5,grocery,0,2,3954.0671889847854,0,0,0,TXN000450,0.06732141200623669
817.2178385821026,14,5,food,0,4,234.03329380160588,0,0,0,TXN006289,3.47703010651727
13564.172713234197,5,2,shopping,1,15,172.37834038257603,1,1,1,TXN009966,78.23452850744529
722.1385279723203,12,3,food,0,2,1363.2621195783552,0,0,0,TXN000135,0.529325352957471
88.09318710243107,21,0,transport,1,1,1203.854473250686,0,0,0,TXN001785,0.07311520939516994
1009.7787042128533,19,3,grocery,0,5,1899.9024757225563,0,0,0,TXN003404,0.5312101578641082
1237.4279029473805,22,6,utility,0,2,514.8726532966164,0,0,0,TXN002906,2.398708082391575
393.96637173233734,8,4,transport,1,2,632.6133006024218,0,0,0,TXN008304,0.621777307006916
1356.0069822791202,13,5,grocery,0,1,736.0957999195281,0,0,0,TXN007492,1.8396617948808842
450.02535010201467,13,1,transport,0,5,1927.848437343896,0,0,0,TXN006100,0.23331296611449584
1114.2186304855093,15,5,transport,0,1,4781.481495820939,0,0,0,TXN004504,0.23297918276508617
2009.3046231937935,9,1,food,0,4,1957.4240967117098,0,1,0,TXN005053,1.0259803413201025
2804.2988771412165,13,3,utility,0,4,1153.870929563232,0,0,0,TXN005205,2.4282357494285463
962.3945894451009,18,3,food,0,4,331.95712462576734,0,1,0,TXN004080,2.8904460011985034
2894.6910696240025,17,4,food,0,5,1867.9421990918024,0,0,0,TXN006918,1.5488392690959916
4795.600101708902,11,3,grocery,0,2,971.9531297619553,0,0,0,TXN006802,4.928911737898622
588.9880853441927,20,6,grocery,0,1,275.7243741399742,0,1,0,TXN005206,2.128428647366883
4497.859346259375,22,3,food,0,2,689.8196438777891,0,0,0,TXN000532,6.510902499835512
453.08377863007473,19,3,grocery,0,1,2331.250224040152,0,0,0,TXN004830,0.19426893991040067
2050.691015310695,17,2,shopping,0,3,685.293049076924,0,0,0,TXN004038,2.988069044366557
1911.0323275357462,11,0,grocery,0,5,2928.2692141821726,0,0,0,TXN004084,0.6523921796888479
1974.67136186934,18,2,food,0,1,1700.2941377582167,0,0,0,TXN003204,1.160687807031035
9977.083055179612,18,0,grocery,0,1,590.1960724643874,0,0,0,TXN007110,16.876098336699645
903.6033472755131,13,2,grocery,0,4,1643.8857622473292,0,0,0,TXN000330,0.5493410959074524
805.8135357725574,17,0,grocery,0,3,1601.9871262335569,0,0,0,TXN004957,0.5026949515595484
2478.959623767464,9,3,utility,0,2,2300.569591325589,0,0,0,TXN003033,1.0770735037126151
827.828483836356,9,0,shopping,0,1,1649.37215150637,0,0,0,TXN007684,0.5016010983224354
320.68962298407007,9,6,grocery,0,5,448.45664034930394,0,0,0,TXN001597,0.7135051397501657
5000.0,0,6,grocery,1,9,201.5505485465,0,1,1,TXN009919,24.685196045530027
1320.899776821718,16,0,grocery,0,4,900.9350234388045,0,0,0,TXN003597,1.4645176675649296
116.77025473943418,19,0,grocery,0,4,220.11247619840435,0,0,0,TXN009038,0.5281034193414584
3264.8824161100188,18,5,utility,0,2,766.1801235438335,0,0,0,TXN008001,4.255692132674859
383.58543430739434,10,0,utility,0,4,2923.9709232091227,0,0,0,TXN000590,0.13114162307177563
5794.368762967237,18,6,transport,0,5,782.8102777735974,0,0,0,TXN000647,7.392565429769642
642.1065759464633,12,2,grocery,0,4,287.6520642390508,0,0,0,TXN009102,2.224500204560099
7214.232076102478,19,1,grocery,0,4,429.7731621787353,0,0,0,TXN008015,16.74717161954757
665.6726290539686,21,0,transport,0,5,421.4432594071265,0,0,0,TXN003771,1.575768139816457
259.0146725383559,11,1,transport,0,2,4271.524598927026,0,0,0,TXN009039,0.06062333089981581
995.6005176010478,20,5,food,0,2,1356.9697572865625,0,0,0,TXN005082,0.7331536746373605
182.28226912951385,16,3,transport,0,4,3644.8563570847646,0,0,0,TXN007882,0.0499971066537759
1233.787920374611,14,6,grocery,1,5,1041.7509201729943,0,0,0,TXN009362,1.183204825338273
8118.6767597019625,9,1,transport,0,5,452.5932122822331,0,0,0,TXN004210,17.89858520777509
2204.1196686459325,22,2,transport,0,1,1761.7598930858196,0,0,0,TXN008834,1.2503799736375245
1310.5992363131554,16,1,grocery,0,2,1624.529422519905,0,0,0,TXN008699,0.8062599287076927
405.50923495282797,9,0,transport,0,1,540.4304777516636,0,0,0,TXN001795,0.748959010650342
416.34587830373727,9,4,food,1,5,702.2405851101837,0,0,0,TXN002586,0.5920390363114555
1515.4267542641974,12,2,grocery,0,1,511.8948214932325,0,1,0,TXN008355,2.9546540357966804
1229.4334752797854,12,5,grocery,0,5,791.3272008305106,0,0,0,TXN002316,1.5516739473176029
1820.700044276189,17,1,grocery,0,1,623.7531707595551,0,1,0,TXN004185,2.914270994515545
906.4304487362882,12,6,food,0,2,1512.567964306132,0,0,0,TXN008827,0.5988700012898496
1345.2294657479,17,3,transport,0,2,2030.6255730058463,0,1,0,TXN007072,0.6621443850785929
731.7836537999915,15,4,transport,0,4,2227.534861251338,0,0,0,TXN005234,0.32836984806649594
84.1469007809482,8,1,grocery,0,4,3343.155330485927,0,1,0,TXN008743,0.025162378079107085
365.8987429147394,22,6,grocery,1,2,2179.112512790732,0,0,0,TXN008670,0.16783479786846295
452.44832955080517,18,3,utility,0,2,2143.223387115447,1,1,0,TXN004768,0.21100801915954706
62993.00718525115,2,4,transport,1,8,562.1629108144115,0,1,1,TXN009972,111.8557454256967
1208.1747546483605,22,3,transport,0,3,520.6778387580771,0,0,0,TXN007144,2.3159403464877477
646.9999542705345,22,5,transport,0,4,887.2467447859601,0,0,0,TXN002913,0.7284011543734297
5320.714832627541,1,1,grocery,1,5,388.1460947141509,1,1,1,TXN009871,13.672795140179673
11624.363020280021,2,0,shopping,1,12,166.0590495326064,1,1,1,TXN009893,69.58236056533526
470.8068022896021,21,4,transport,1,5,595.4268814278836,0,0,0,TXN002075,0.7893789112295893
656.5676638796871,19,1,utility,0,5,1073.7879547666973,0,0,0,TXN004302,0.6108811147052791
4320.38074992868,18,1,transport,0,3,1393.1067540879535,0,0,0,TXN005822,3.0990315033335745
1359.650305631104,20,3,transport,0,5,1026.688061275959,0,0,0,TXN002149,1.3230184886481864
2822.3122400314196,12,3,transport,0,2,1297.074100103978,0,0,0,TXN000144,2.1742304540282773
932.7481555269435,19,1,grocery,1,5,99.83211158406819,0,0,0,TXN004963,9.250507014814126
525.392931755285,19,6,transport,0,1,2139.4184405203273,0,0,0,TXN008159,0.24546271972295475
1322.034414940814,13,2,grocery,0,1,838.6676605607532,0,0,0,TXN009030,1.5744734220893097
3062.7555633981137,20,1,utility,1,4,811.8607906397251,0,0,0,TXN004775,3.767872185085605
2057.270325261272,18,0,grocery,0,3,6072.648062176311,0,0,0,TXN008933,0.3387207003436597
530.7985355134931,17,3,food,0,2,247.92798999557291,0,0,0,TXN007749,2.132337691405989
5000.0,0,6,shopping,1,5,185.30541022801478,1,1,1,TXN009828,26.837653259133045
455.2500374665015,8,1,grocery,0,5,5171.18361493802,0,0,0,TXN009214,0.08801892418352533
1153.9125860423237,14,1,utility,0,5,1388.057500264828,0,0,0,TXN006060,0.8307162128438361
1793.417238352939,20,2,food,0,3,384.33345426819307,0,0,0,TXN009475,4.654195524649972
4115.635198119882,22,4,food,0,4,698.4303865178842,0,0,0,TXN006409,5.884267079972864
1342.2123059327873,8,2,utility,0,2,1228.9749085115761,0,0,0,TXN003317,1.091251778100931
1210.1819811240593,13,0,food,0,3,1680.2870853267048,0,0,0,TXN007464,0.719794966419372
2021.5130841381397,9,2,transport,0,5,577.245845458544,0,0,0,TXN003061,3.495940524285302
565.0054685074317,21,0,grocery,1,2,2585.753708212855,0,0,0,TXN001355,0.21842259922680637
1117.6673646069694,16,1,food,1,4,409.4200546773073,0,0,0,TXN004514,2.723227951143214
451.8430862814308,10,1,utility,0,2,1080.9190830226803,1,1,0,TXN005505,0.4176311272919463
261.63740514299656,13,1,food,0,4,1700.3760113326723,0,0,0,TXN005250,0.15377988369429188
2410.38875915178,15,2,transport,0,2,2620.7916520889335,0,0,0,TXN004511,0.9193670127186817
1040.2796934614498,12,4,food,0,4,848.0115453747688,0,0,0,TXN001730,1.225283329924862
17472.327202628432,9,1,transport,0,3,673.3413234042654,0,0,0,TXN001758,25.910212819856852
914.4648884312641,9,3,grocery,0,5,1032.82952140577,0,0,0,TXN006650,0.8845412802565382
354.61643297975655,21,4,grocery,1,5,2537.9508113313764,0,1,0,TXN006646,0.13967046206531375
87299.78214373552,4,2,utility,0,17,663.975318489356,1,0,1,TXN009860,131.28274045126517
2015.236120042381,16,5,utility,0,5,460.47177752239674,0,0,0,TXN004139,4.366975876319056
431.820017259281,18,5,shopping,0,1,1747.2865010878822,0,0,0,TXN009393,0.24699613992934125
1048.8326896389638,15,1,grocery,0,1,432.74138409967424,0,0,0,TXN005123,2.4181061067438767
6159.148354406378,13,5,utility,0,2,343.9131373208078,0,0,0,TXN000000,17.857099912891055
3330.611316766089,22,4,food,0,4,577.6901201823192,0,0,0,TXN001864,5.7554314487290075
2824.056442884112,18,1,transport,0,5,620.595524082607,0,0,0,TXN000543,4.5432380599137145
791.043086187015,17,5,transport,0,2,509.4319284313325,0,0,0,TXN000349,1.5497523609427435
1595.4445423131867,11,2,food,1,3,977.5054256949653,0,1,0,TXN006906,1.630491257807847
72203.33911729544,0,2,utility,1,15,289.120275894483,0,1,1,TXN009765,248.87381240308716
1170.0378177391237,13,0,food,0,4,1612.3567885027346,0,0,0,TXN002523,0.7252195088384448
1464.6021368764145,10,5,food,1,2,2431.9694002906326,0,0,0,TXN003464,0.6019813223715264
9500.70375770507,15,0,utility,0,4,2794.213659231434,0,0,0,TXN000457,3.3989186215973786
1030.566503608605,12,0,grocery,0,2,1633.2433206605572,0,0,0,TXN003023,0.6306077501311448
1694.0763798881585,10,2,shopping,0,5,2416.2685973214784,0,0,0,TXN007261,0.7008225655044403
93332.37472791494,4,1,shopping,1,14,402.46892220920233,1,1,1,TXN009515,231.324817328858
1301.1964842117318,22,3,grocery,0,5,2436.444721800742,0,0,0,TXN007872,0.5338363051164624
848.4449167744955,10,5,grocery,0,2,592.5735025826708,0,1,0,TXN006625,1.429384757039971
151.89331980525236,19,2,utility,0,3,861.2596920158361,0,0,0,TXN002534,0.17615727745564466
467.12669947635817,11,1,food,0,3,370.28732032833875,0,0,0,TXN000131,1.2581272612898986
4296.518705622113,22,1,transport,0,2,1032.2779000503945,0,0,0,TXN003704,4.158144392145197
187.13739660109778,20,0,grocery,0,4,2458.1764650271716,0,0,0,TXN001372,0.07609758765279583
552.4955773240356,18,1,shopping,0,5,624.0158898221115,0,0,0,TXN006200,0.8839704499053357
667.6700565930558,10,4,food,0,3,754.7188007678711,0,0,0,TXN004856,0.8834900705323849
126.32246660914969,11,4,food,1,4,2104.7273990676367,0,0,0,TXN004712,0.05998994298363696
286.8243384845292,17,0,utility,0,5,850.7528108243158,0,1,0,TXN005544,0.3367459840924319
1453.945552163649,8,3,grocery,1,1,975.3745889541657,0,0,0,TXN001413,1.4891267845479559
438.22757708351503,9,1,utility,0,4,375.0681325105341,0,0,0,TXN004113,1.1652877210254973
745.4569785450624,9,3,transport,0,3,1063.8110463333917,0,0,0,TXN000655,0.7000838140362983
749.9048631865218,22,1,grocery,0,4,4150.633430518624,0,0,0,TXN008137,0.18062887192158567
607.7632336592202,11,0,transport,1,2,170.62638560380177,0,0,0,TXN004098,3.5411992830883072
988.84461907369,10,2,grocery,0,2,1611.685563231312,0,0,0,TXN000592,0.6131664111213088
5784.363773843865,9,1,transport,0,2,2821.4124779137687,0,0,0,TXN008708,2.049439555383297
4241.8680567211795,14,1,food,0,2,1084.6065373699294,0,0,0,TXN003123,3.9073715114113465
2706.7953428068986,13,0,transport,0,5,304.0585932237686,0,0,0,TXN003047,8.873034239757974
2338.5917799957097,17,1,transport,0,4,2071.223978390309,0,0,0,TXN003887,1.1285419937145564
2603.429235615667,18,4,grocery,0,5,410.4133098146607,0,0,0,TXN005735,6.32801412474598
502.80042614646413,17,0,transport,0,1,4989.1895074139,0,0,0,TXN002184,0.1007577819238039
818.3106900907975,20,0,food,0,1,1487.8207395891416,0,0,0,TXN002145,0.5496368154547743
1083.9967845156095,8,6,utility,0,5,4159.964246433394,0,0,0,TXN007047,0.26051576517264396
171.78913386148736,14,4,food,0,1,3143.335416708055,0,0,0,TXN003105,0.05463448108896126
474.1632867096779,14,3,food,1,1,1241.0567100480673,0,0,0,TXN009233,0.38175655175304185
2316.923248780637,12,2,transport,0,3,932.91490887638,0,0,0,TXN009096,2.4808718939589416
1817.5802148907433,18,6,food,0,4,2280.8871451435407,0,0,0,TXN002769,0.7965250248063471
886.3750049809593,15,2,transport,0,3,390.64308379836257,0,0,0,TXN005221,2.2632213912331194
11903.619593028652,14,3,grocery,0,3,362.720180125137,0,0,0,TXN005833,32.72741036511431
1174.8621882700527,15,3,food,0,3,496.4523009388614,0,1,0,TXN001732,2.3617584762452375
1063.942835477183,19,6,food,0,2,1005.6171187228772,0,1,0,TXN000265,1.0569488792591135
1494.2660703797578,14,1,food,0,2,585.5257721388446,0,1,0,TXN005144,2.5476562861521277
451.3299279721975,13,1,food,0,2,631.1933004031984,0,0,0,TXN008267,0.7139112794842173
3929.4863158046273,10,1,transport,0,3,140.63532114369974,0,0,0,TXN003937,27.743689102931228
6114.168096427017,12,2,food,0,2,1918.3802092083283,0,1,0,TXN000761,3.185490851210183
2633.878040770123,22,5,grocery,0,1,4644.84346035496,0,0,0,TXN007220,0.566932154138677
323.62511363032814,14,6,grocery,1,1,398.3768320221399,0,1,0,TXN008439,0.8103252058757069
970.985285598276,11,0,grocery,1,3,1626.9910915181702,1,0,0,TXN003257,0.5964315718047274
7152.5583900949605,13,2,food,0,2,1271.360658110337,0,0,0,TXN004338,5.621486600126159
2045.1693906061766,19,3,food,0,5,436.98986750603876,0,0,0,TXN004362,4.669444529051757
614.6470758327696,14,4,shopping,0,3,2035.5766754209908,0,0,0,TXN000316,0.3018040436438333
320.8035578487041,16,3,grocery,0,1,1038.0404195554916,0,0,0,TXN008069,0.3087498347619104
1772.1339859555974,20,2,grocery,0,3,1114.9290773976436,0,0,0,TXN001851,1.5880345999122358
332.62862552681975,14,6,grocery,1,2,214.30747794503483,0,0,0,TXN002484,1.544900477686778
22771.14193971925,5,2,food,1,10,292.2822160734549,1,1,1,TXN009873,77.64242320787714
5000.0,0,5,food,0,19,332.41481850604305,1,1,1,TXN009574,14.996334063386497
114.91683225020533,11,0,utility,0,1,6086.127729471701,0,0,0,TXN001078,0.01887866286981609
7366.366726003101,8,0,utility,0,4,1624.7244005839414,0,0,0,TXN008358,4.53112884530563
1766.249245848638,15,0,shopping,0,5,1093.3773930048956,0,0,0,TXN007333,1.6139306761435788
1654.6712558828422,11,2,utility,0,4,437.49025051838373,0,0,0,TXN001071,3.773564529488826
469.13714653279334,15,5,utility,0,5,878.5824839161764,0,0,0,TXN000103,0.5333634481260335
3998.8142388441634,22,2,grocery,0,5,740.1897305872146,0,0,0,TXN005748,5.395129038925114
197.31866867284444,14,0,utility,0,1,480.62814611203635,0,0,0,TXN001418,0.40969090005579567
4437.4905625472675,13,5,transport,0,3,2073.402738192725,0,0,0,TXN001658,2.1391653996819
758.3892185638854,14,2,transport,0,5,820.7608782110365,0,0,0,TXN005284,0.9228830900479098
355.9542360837828,21,4,utility,0,3,1468.880845433817,0,0,0,TXN001149,0.24216536815861925
3813.6034596397276,19,4,grocery,0,2,646.8524900804632,0,0,0,TXN007150,5.886530526672944
4874.017666413596,17,6,transport,0,2,1118.0344334826061,0,0,0,TXN001568,4.355556469558232
128.8397159361097,10,6,shopping,0,4,1989.8434988540507,0,0,0,TXN001087,0.06471614469458355
1846.3700833518103,14,4,transport,0,5,2285.062589980307,0,0,0,TXN006085,0.8076638371339235
1825.3031883559047,8,1,food,0,1,8668.729655440542,0,0,0,TXN008674,0.210537497811188
467.2114233404168,16,0,food,1,2,764.3885753390474,0,0,0,TXN008341,0.6104238270521012
901.1812315304048,8,6,utility,0,5,317.1747528985048,0,0,0,TXN007811,2.8323467632828634
2253.4643381369765,11,5,grocery,1,5,2563.58684899545,0,0,0,TXN006084,0.8786851336384492
288.0914359983785,14,2,transport,0,1,836.3858202917427,0,0,0,TXN008773,0.34403667821603223
83.91903386242973,12,6,transport,0,1,2718.8991948252874,0,0,0,TXN008757,0.030853729440447245
2034.62843489422,13,3,grocery,0,3,605.6642559791583,0,0,0,TXN001692,3.3537964612903104
937.7619852987913,14,4,grocery,0,5,916.2532566931212,0,0,0,TXN004734,1.0223588506838428
471.2067707024265,16,1,shopping,0,1,900.8919565580167,0,0,0,TXN003387,0.5224647667340793
547.9770423251709,15,1,food,0,1,701.1947258166487,0,0,0,TXN003646,0.7803776106234301
1531.4421462350128,20,0,food,0,1,1608.551276675797,0,0,0,TXN001683,0.9514714867598982
492.5837977402949,17,2,food,0,1,1289.5998571831435,1,0,0,TXN000008,0.38167042635151516
166.3568836507422,15,5,utility,0,5,2340.6899566996176,0,0,0,TXN006062,0.07104137897281923
2760.2796952905032,20,4,food,0,3,2053.1617693070893,0,0,0,TXN006516,1.3437499112942803
415.2206770639332,21,5,utility,0,3,943.3638155445271,0,0,0,TXN004123,0.43968295928885615
2025.4276231748638,12,0,grocery,0,5,927.6870090215447,0,0,0,TXN008729,2.1809582814223214
3374.815363508757,19,3,transport,0,5,1251.7545207111855,0,0,0,TXN006045,2.693915933021645
2767.4366059663394,14,3,grocery,0,3,502.33629585512443,0,1,0,TXN000567,5.4981860611993145
879.3346201100212,17,3,grocery,0,4,702.9334689089211,0,0,0,TXN009161,1.2491729104356515
187.0890252383074,12,1,shopping,0,4,1095.1774298430691,0,0,0,TXN001803,0.1706740351925431
1140.5994069121375,12,0,grocery,1,2,993.6800988014734,0,0,0,TXN008501,1.1466997362131681
2338.0113622105578,8,6,food,0,1,2259.5627009224327,0,0,0,TXN004900,1.034260788810026
665.2274188958795,21,6,transport,0,5,1142.0909222281202,0,0,0,TXN001599,0.5819549486048003
1971.4314014715508,19,4,transport,0,5,3809.2320162343167,0,0,0,TXN007931,0.5174045551745514
129156.65701377863,5,3,utility,1,8,292.24040112984846,0,1,1,TXN009547,440.4463249816227
832.5703183891181,11,0,transport,0,1,379.5897262783602,0,0,0,TXN002823,2.1875795926771366
467.04878426040756,20,0,grocery,0,1,398.4161053161386,0,0,0,TXN005467,1.1693288729324962
1400.9380146526564,14,2,grocery,0,4,742.8110860154342,0,0,0,TXN003529,1.8834594441949293
514.9267763369771,17,6,grocery,0,1,3856.4280571642394,0,0,0,TXN008683,0.1334896642804848
338.93139229233833,19,5,transport,0,4,1632.368970531525,0,0,0,TXN001155,0.20750448821250994
1047.161088272995,15,2,transport,1,2,583.1136418531527,0,0,0,TXN006547,1.7927352029491777
4807.47239876314,11,3,food,0,2,3015.7699332421494,0,1,0,TXN009088,1.5935827077129832
391.46844953455735,20,6,grocery,0,1,568.7146350835263,0,0,0,TXN007620,0.6871307588529191
800.7106186104787,17,4,utility,0,5,459.62391088044546,0,0,0,TXN008296,1.7383175291095614
1520.6769312970384,10,0,transport,0,3,2089.5524801812676,0,0,0,TXN004540,0.7274043324495655
2182.6283801159634,19,0,transport,1,3,507.14704802748366,0,0,0,TXN009134,4.295269230803273
1640.3369903773998,17,3,shopping,0,5,133.39985407206942,0,0,0,TXN006482,12.204901573016588
103.70349916220144,17,6,grocery,0,3,2800.3978295930533,0,0,0,TXN005826,0.03701848343948563
1827.1915199653754,9,3,grocery,0,5,793.5673495049783,0,0,0,TXN001190,2.2996055917773743
1052.2849552280345,13,2,grocery,0,1,575.5971030116948,0,0,0,TXN007444,1.8249917485393463
1116.3897289663037,14,0,transport,0,5,1798.304135930259,0,0,0,TXN008520,0.6204563790373986
517.8004167918377,9,1,food,1,2,675.6523813734549,0,0,0,TXN000960,0.7652384459814022
1813.6365519227031,21,1,shopping,0,1,560.4379060195834,0,0,0,TXN007454,3.2303421847320766
712.3321856150104,12,6,utility,0,3,1750.7397485625759,0,0,0,TXN000036,0.4066427026043843
551.100877644253,12,6,food,0,1,1517.1730092067012,0,0,0,TXN007516,0.3630026843463794
646.4843574026418,10,3,grocery,0,1,362.86072311096603,0,0,0,TXN007644,1.7767357572295168
577.6039035891421,22,0,transport,0,1,7594.798609480956,0,0,0,TXN004438,0.07604255105818446
1957.8022990194931,12,0,grocery,0,5,838.2645174540119,0,0,0,TXN006161,2.3327595273045394
1873.669434109057,14,5,food,0,4,4476.086550653376,0,0,0,TXN007744,0.41850194605588265
83658.41444397543,5,1,grocery,1,7,220.827478075559,0,1,1,TXN009587,377.1327843139418
765.9934578638855,15,5,transport,1,4,210.29611945288104,0,1,0,TXN008119,3.625213088850417
1132.0482764230965,13,1,grocery,0,2,937.1552927088494,0,0,0,TXN006967,1.2066747213613178
972.1391394291662,9,1,grocery,1,1,415.7908630331567,0,0,0,TXN005718,2.3324387016416677
3415.883242207043,21,4,grocery,0,3,3110.8880366989215,0,0,0,TXN000577,1.097688349298903
5000.0,2,1,grocery,1,14,367.32664670737614,0,1,1,TXN009833,13.574907068758296
362.72894339394173,16,1,transport,0,1,2443.5076499150878,0,0,0,TXN004102,0.14838527644065316
308.716165177317,15,6,transport,0,3,828.8096083246477,0,0,0,TXN007646,0.37203252659438657
811.9705043592808,8,6,shopping,0,1,379.52437201180794,0,0,0,TXN004151,2.133819970758889
3695.7696506276243,20,1,utility,0,2,1021.8803658658759,0,0,0,TXN003130,3.613100587280437
3746.480264455201,12,3,transport,0,1,1750.2845789777637,0,0,0,TXN004890,2.1392755406103365
58397.35555906098,4,4,grocery,0,7,298.6530876819108,1,1,1,TXN009975,194.8832098171177
843.1822920717817,8,3,grocery,0,5,509.5561731716721,1,0,0,TXN007471,1.6514975949341144
2622.026013712534,19,1,food,0,3,1918.2783557820912,0,0,0,TXN001833,1.3661520257409867
1663.2412614624282,14,5,grocery,0,2,1162.272990860765,1,0,0,TXN009148,1.4297944459552105
9919.355946000867,8,6,shopping,0,1,1366.3666475030136,0,0,0,TXN004891,7.254349785490878
5863.224351696853,12,2,utility,0,5,578.7471571961961,0,0,0,TXN002287,10.113416303846817
747.8351148728716,16,0,transport,0,3,774.4460178468281,0,0,0,TXN001330,0.9643935201954826
742.1792668968687,12,1,food,0,3,1626.946623111804,0,0,0,TXN002771,0.4558990180391789
2991.008476802714,21,1,transport,0,5,5784.808776426708,0,0,0,TXN003686,0.5169559853047803
484.5700815997405,12,4,transport,0,3,1127.3059749410563,0,0,0,TXN008283,0.4294669108927256
726.9273958915292,17,4,utility,0,1,402.0705436664148,0,0,0,TXN005928,1.8034743726972555
2006.4202747753254,11,5,grocery,0,5,3039.7807450426662,0,1,0,TXN000637,0.659837207285122
411.25439608319175,15,1,utility,1,5,377.149781616861,0,0,0,TXN000047,1.0875436561797942
133.9409870874692,19,2,utility,0,1,1997.5987466740717,0,0,0,TXN002602,0.06701744775451522
314.32739063828956,16,6,grocery,1,1,2799.8065464258852,0,0,0,TXN001965,0.11222745499484903
434.8817627104815,18,0,transport,1,2,4457.815524595724,0,0,0,TXN002168,0.09753302425534004
3493.52670912812,15,1,utility,0,2,381.609397658523,0,0,0,TXN005049,9.13079169123304
5683.6843367631045,21,6,utility,0,5,224.62253211980945,0,0,0,TXN003334,25.191120245671964
9111.78713927705,19,0,transport,1,2,1113.689571721515,0,0,0,TXN003019,8.174282213123158
1931.741855675097,10,3,food,1,2,1607.4513638527053,0,0,0,TXN008764,1.2009948818396459
462.3867246449597,11,6,transport,0,5,1082.957557712583,0,0,0,TXN009176,0.42657272081824815
1474.2921279818963,21,0,utility,0,5,1148.959542699689,0,0,0,TXN001360,1.2820382572075464
371.7973336267489,22,0,transport,0,3,947.3548376838769,0,0,0,TXN005798,0.3920445373956992
1599.8090730865258,18,5,shopping,0,1,3561.7151394937846,0,0,0,TXN009400,0.4490420958308325
3293.0993906655435,9,6,grocery,0,2,381.5442675638477,0,1,0,TXN003251,8.608413901055036
1225.4549884903947,19,6,food,0,2,383.57061068013815,0,0,0,TXN006300,3.1865539239285545
1265.7468607305607,21,6,food,0,5,766.8745363739852,1,0,0,TXN002251,1.6483771772242908
2049.0069625344177,9,5,shopping,1,3,2930.7033813571393,0,0,0,TXN006027,0.6989134629253982
2702.9290885680257,16,4,shopping,0,4,1200.4518758082831,0,1,0,TXN001175,2.249718980004601
2222.795181007857,15,3,food,0,2,988.0867864276964,0,1,0,TXN008799,2.247320671460963
1181.9106281102254,19,4,grocery,0,2,889.0774449926666,0,0,0,TXN003279,1.3278739223865663
422.7760030810274,19,6,food,0,4,636.8325053320477,0,0,0,TXN002973,0.662832325958263
242.12495833110057,20,1,utility,0,2,2681.9547939691515,0,0,0,TXN003396,0.09024563472905259
352.32980782165174,12,4,grocery,0,5,3445.6018858954417,0,0,0,TXN006939,0.10222526984143251
749.0923722327576,13,6,food,0,4,1032.940221085716,0,0,0,TXN000965,0.7245025940147232
1260.7379032530146,20,3,transport,0,5,1214.6633958385396,0,0,0,TXN008574,1.0370781151828492
921.6137224900358,19,6,transport,1,4,2522.185737467184,0,1,0,TXN000742,0.3652579787547337
2489.8397808460777,17,4,transport,0,5,1722.798425621685,0,1,0,TXN007514,1.4443914925540793
692.4656299142154,11,6,shopping,0,4,121.23910879750429,0,0,0,TXN003314,5.664845209738253
290.75834989694437,9,6,grocery,0,2,840.5432425708235,0,0,0,TXN004898,0.34550613110350586
128.10726233977007,18,6,transport,0,1,1583.7603063798583,0,0,0,TXN009340,0.08083699586873895
143.17926261447317,18,1,shopping,0,3,496.84501863932394,0,0,0,TXN004672,0.28759806215557
594.7678630355624,8,0,food,0,4,1225.6729491980757,0,0,0,TXN008618,0.48486262244910966
1269.623414739156,18,1,transport,0,2,1105.3732902722807,0,0,0,TXN001217,1.1475542892279145
1449.88583991346,9,4,utility,1,3,1012.8233181117358,0,0,0,TXN004397,1.4301168793531978
1158.878503359964,14,1,utility,0,5,383.2939626952578,0,0,0,TXN006080,3.0156042401294396
827.8205506240238,12,5,grocery,0,4,784.5270020629467,0,0,0,TXN002614,1.053840986306016
13402.168361975026,19,5,food,0,5,1379.4541280295011,0,0,0,TXN002620,9.708521340803737
353.32655329944714,21,2,grocery,1,2,1603.4801704837005,0,0,0,TXN008714,0.2202124774112542
1051.056860755041,10,1,grocery,1,5,1817.6203566833592,0,0,0,TXN007282,0.5779418760449084
452.29373094372255,18,3,grocery,0,2,1177.730841975313,0,0,0,TXN003379,0.38371247687535714
2305.155246984452,14,3,transport,0,1,354.9022549186146,0,0,0,TXN007301,6.476933526345822
35942.18202323788,3,1,shopping,1,16,390.09876392794496,0,1,1,TXN009857,91.90052574510253
130.49708319039195,16,2,transport,0,3,1369.046854322636,0,0,0,TXN005605,0.09525008781901181
21305.33810731187,0,4,food,1,5,351.2987293148831,1,0,1,TXN009813,60.47520565499755
3584.2317384015473,12,5,utility,0,5,637.9971726536972,0,0,0,TXN005786,5.609151169662549
2216.0763975711884,14,4,transport,0,5,953.4623553172928,0,0,0,TXN008518,2.3218059729914606
3626.2049332439324,11,5,grocery,0,5,2537.7028817319733,0,0,0,TXN006850,1.4283691720434946
200.21118818280823,17,1,shopping,0,2,874.8699958712715,0,0,0,TXN001516,0.22858550826786592
2401.0477275654594,14,6,food,1,5,709.0169887087328,0,0,0,TXN005098,3.3816764468299656
640.7206901075557,12,3,utility,0,5,4383.2711756473955,0,1,0,TXN007636,0.14614075280435745
86.22040016573,10,6,grocery,1,3,682.1203035574284,0,0,0,TXN009085,0.12621554317259673
360.73704774980035,14,0,utility,0,4,1254.9266658952306,0,0,0,TXN008023,0.28722779565530226
762.6692425285711,14,1,utility,0,5,481.3868862144219,0,0,0,TXN002392,1.5810322882400314
150.70315763837198,9,5,shopping,0,1,799.7203132747695,0,0,0,TXN000586,0.18820948481003222
4056.047241636002,11,3,utility,0,3,534.0170843929131,0,0,0,TXN003519,7.58115462095649
2286.5772859488816,20,6,grocery,0,4,1432.2391984473531,0,0,0,TXN007653,1.595391256690412
1870.6906183921112,19,3,grocery,0,3,479.8547611323511,0,0,0,TXN008946,3.8903443817149186
242.93020494022403,9,2,grocery,0,1,700.0265854127371,0,0,0,TXN000850,0.3465349388956429
480.751093823078,8,3,grocery,0,4,1076.4680841821603,0,0,0,TXN000335,0.44618592502253707
1287.6345324436327,17,3,grocery,0,1,4755.580389457639,0,0,0,TXN006634,0.27070593304751295
2049.248605157892,12,4,grocery,0,1,911.6454803922076,0,0,0,TXN008972,2.245393911639415
1394.9038368568358,16,3,transport,0,5,2295.7350976733483,0,0,0,TXN007493,0.6073420649468497
278.8115833929942,12,2,grocery,0,5,467.90524094473096,0,0,0,TXN002868,0.5946011241658465
1878.0249964558027,10,4,shopping,0,2,3850.0814505703356,0,0,0,TXN004872,0.4876617180292751
4648.702428379075,20,6,grocery,0,2,659.318261550752,0,0,0,TXN003550,7.040093692792375
678.4682724073198,15,2,food,0,5,548.8742995155899,0,0,0,TXN003842,1.233860671438935
126.35398809841179,18,0,food,0,2,357.43966361102616,0,0,0,TXN007262,0.35251117810312815
1929.9456559714033,10,1,utility,1,5,1391.812155376237,0,0,0,TXN005824,1.3856467640103787
1721.9730184489695,13,6,food,0,1,602.4864052515865,0,0,0,TXN000023,2.8533749948038993
634.9792876815114,16,1,utility,1,4,1017.8916653801621,0,0,0,TXN001453,0.6232058905345861
924.1003135560601,9,4,transport,0,5,5178.54087592533,0,0,0,TXN001684,0.17841355743542978
624.3994238764404,15,3,food,1,5,1465.3371750955048,0,0,0,TXN002310,0.42582254237383865
595.9145552127544,13,2,grocery,0,2,1130.4197412339015,0,0,0,TXN009063,0.5266962679675918
1474.8261029280961,11,0,transport,0,4,3568.3641204249016,0,0,0,TXN009406,0.41319015185050134
863.7189252997277,18,3,grocery,0,2,4577.593823126442,0,0,0,TXN000381,0.1886428363523076
2170.0146751653274,9,3,grocery,0,2,1954.2325107296256,0,0,0,TXN005814,1.1098499351136262
1453.8185749701938,11,0,shopping,0,4,1758.071779040341,0,0,0,TXN005550,0.8264691596401611
2934.511988039945,10,0,shopping,0,3,154.61094621102487,0,0,0,TXN009308,18.858004912202237
1009.1142330470865,16,0,grocery,0,2,1881.7561880963856,0,0,0,TXN001618,0.5359771166480033
163.0021482080844,22,4,food,0,2,1001.0989899360907,0,0,0,TXN000789,0.16266072498334716
1559.9716303175062,8,0,grocery,0,2,734.3348499607782,0,0,0,TXN005983,2.121443897838805
566.5428015553887,15,1,grocery,0,3,2047.6269547493846,0,0,0,TXN008672,0.2765475677462692
277.2308653447545,15,2,grocery,1,3,1246.4857414922217,0,0,0,TXN004475,0.22223169061085662
172.1580870954162,21,4,grocery,0,1,958.5780626152992,0,0,0,TXN005606,0.1794101947539368
1984.4665160811376,18,0,food,0,4,479.2563816332917,0,0,0,TXN009312,4.13209817083995
614.5382439750578,17,0,transport,0,3,261.4954495459158,0,0,0,TXN005648,2.3411386560724456
2825.8129198464485,10,2,grocery,0,5,876.4298829415205,0,0,0,TXN006216,3.2205569639058953
1330.0737113835273,22,4,utility,0,2,2792.2832260132195,0,0,0,TXN002286,0.4761685814731745
74350.76772032444,4,1,utility,1,18,602.5965193471866,1,1,1,TXN009993,123.17958327648695
181.9484550990023,21,4,grocery,0,4,1672.5319165390767,0,0,0,TXN007578,0.10872123399670688
2517.977057587896,21,5,grocery,0,2,627.777634313346,0,0,0,TXN001183,4.0045588776987
1389.281788424807,10,1,transport,0,1,3264.1014131343195,0,0,0,TXN006001,0.42549422288576705
342.7485686015728,8,1,grocery,0,1,270.9746406344291,0,0,0,TXN005090,1.2602225259018671
374.7679947352523,8,3,utility,0,3,748.7018969628016,0,0,0,TXN002516,0.4998893510254081
928.4480378825523,18,4,transport,1,2,1167.2177669499201,0,0,0,TXN004122,0.7947559642981817
3019.7909456246675,16,6,grocery,0,5,1227.7880237809197,0,0,0,TXN005521,2.457536114596007
668.8113458966758,13,0,grocery,0,2,281.0000055435287,0,0,0,TXN005627,2.3716713927278277
7749.05528455309,20,4,food,0,2,2811.5235918616786,0,0,0,TXN008360,2.7551965455421477
1362.994069639851,17,2,transport,0,1,1011.6317221574178,0,0,0,TXN005872,1.3459918742580808
3658.0150227276167,22,0,transport,0,4,405.4531354873929,0,0,0,TXN008612,8.999844516739074
1066.9908855453984,14,5,grocery,1,2,2025.9074762819093,0,0,0,TXN007727,0.5264132171946252
2079.1979693952517,22,3,transport,0,2,1022.2392995341327,0,0,0,TXN005968,2.031976264341961
356.33743788306276,22,5,food,0,1,490.4131580547387,0,0,0,TXN001180,0.7251279947277485
769.537925784877,15,1,transport,0,1,1040.0208441032253,0,0,0,TXN008762,0.7392147142334946
5142.149418710192,16,1,grocery,0,1,657.0421897522656,0,0,0,TXN008235,7.814315706179974
3404.7486137630217,8,1,transport,0,5,639.4250495251536,0,0,0,TXN002818,5.316388883113629
36287.91768767812,3,1,food,1,13,706.9015871678034,0,0,1,TXN009964,51.26124640129717
17209.71813000337,11,0,utility,0,1,615.2990187824599,0,0,0,TXN008703,27.924299091052138
3425.184478152273,22,3,utility,1,4,468.4166966186823,0,0,0,TXN006608,7.296682250172766
1410.9291827687966,21,2,food,0,3,749.4582167321432,0,0,0,TXN002820,1.8800902586058186
3722.661617888119,18,0,grocery,0,3,566.7520818076066,0,0,0,TXN007535,6.556843624484697
265.22189187552027,19,4,food,1,5,2592.377755151728,0,0,0,TXN002260,0.10226890060603733
1645.9845895809183,11,3,transport,0,2,1735.9863183645023,0,0,0,TXN002239,0.9476094153296103
457.24702261473067,20,2,transport,1,5,2174.3449761053857,0,0,0,TXN006021,0.21019517714995248
2456.950933323243,11,6,grocery,0,4,2590.455869151805,0,0,0,TXN000782,0.9480967677552673
580.0734803239305,22,5,grocery,0,3,1304.2742771960927,0,0,0,TXN000932,0.444407348293117
433.22779905016637,21,4,utility,0,5,1079.3818288270506,1,0,0,TXN006202,0.40099508108213305
534.9358245805861,15,6,food,0,4,2630.9294314502126,0,0,0,TXN002412,0.20324854389649516
11131.29991440548,21,2,grocery,0,5,2659.1603161304597,0,0,0,TXN006997,4.184447022575453
204.43593977624346,15,0,transport,0,1,4464.630391587424,0,0,0,TXN009115,0.045779861262447964
768.2114977363843,10,2,grocery,0,4,180.16139839373108,0,0,0,TXN001156,4.240481165125338
2600.3831318613743,15,1,utility,0,3,2268.2785787956204,0,0,0,TXN008107,1.1459074069440525
642.4106519216267,9,6,food,0,5,364.9614628683782,0,0,0,TXN005805,1.7554051918102545
2374.9421966487257,20,0,transport,0,5,930.3024057230108,0,0,0,TXN004879,2.55012999220694
1822.5871671050427,14,5,food,0,4,773.2022594246866,0,0,0,TXN003309,2.354148602536262
2782.240604400933,15,0,grocery,0,4,581.9827192765337,0,0,0,TXN008961,4.772423799891738
671.4152284830661,12,2,transport,0,5,3216.7984931210135,0,0,0,TXN001702,0.2086567042399991
2126.3639918228682,19,6,utility,0,4,568.2155237778285,0,0,0,TXN002492,3.73560435897882
1719.957174902699,19,4,grocery,0,5,1177.7496923368435,0,0,0,TXN003706,1.4591369025029601
6077.250962381104,15,2,transport,0,2,1239.518021831812,0,0,0,TXN008276,4.898962252404142
1219.4837829337112,14,6,transport,1,2,633.608842435587,0,0,0,TXN000286,1.9216306193487827
5076.515513027671,11,3,transport,0,3,478.2610122650548,0,0,0,TXN001608,10.592381568939535
2262.9582041380168,10,4,grocery,0,5,970.9643894612263,0,0,0,TXN006631,2.328231598476984
413.6327964165289,13,3,shopping,0,5,1518.5963315221875,0,0,0,TXN008278,0.27219912804224183
2866.1931847579267,22,1,grocery,0,4,1571.469145112743,0,0,0,TXN007315,1.8227341335542875
374.0350525524768,18,5,shopping,0,4,665.9207063658366,0,0,0,TXN002252,0.5608388658235802
317.93242355839527,16,6,transport,0,5,1022.4504591845656,0,0,0,TXN007415,0.3106475948153934
575.5797932883173,19,1,transport,1,1,1444.7432031417654,0,0,0,TXN008365,0.39812035224341125
4985.458906944485,14,3,food,1,2,999.607158164424,0,0,0,TXN001891,4.982433781595287
722.512437721317,15,4,transport,0,5,283.3666648339016,0,1,0,TXN005062,2.5407775490961155
4620.210682037922,8,4,utility,0,4,588.5641200339437,0,0,0,TXN006120,7.8366551237411075
2968.148849178982,8,6,transport,0,2,1107.6443066911697,0,0,0,TXN000563,2.6772778530181967
495.9823146375361,8,0,grocery,1,3,2187.6185574890246,0,0,0,TXN000291,0.22661889297263865
756.8986822566916,16,2,shopping,0,3,918.4964667489376,0,0,0,TXN004716,0.8231664934318423
16331.752034925043,16,0,grocery,0,1,436.1707783724885,0,0,0,TXN007708,37.35783095047053
3418.8477567085615,18,1,food,0,3,928.4912289051075,0,0,0,TXN006349,3.678192596540999
1052.3071805021175,16,4,food,0,5,10768.898054026458,0,0,0,TXN000169,0.0977081839793924
195.5738757522387,18,0,food,0,2,1052.5847123702708,0,0,0,TXN000267,0.1856271009402293
440.71862065847085,19,0,transport,1,5,249.63654322245802,0,0,0,TXN004638,1.7583972991013577
1408.710862153967,17,0,transport,0,2,8413.602734906552,0,0,0,TXN007077,0.16741264044589638
507.92489440491136,9,5,grocery,0,4,1587.748760695683,0,0,0,TXN003355,0.3197012057353239
2339.6456849713722,8,0,grocery,0,2,560.2251896884774,0,0,0,TXN008279,4.168818021639502
1275.9003893336985,18,4,shopping,0,5,1719.7745443610752,0,0,0,TXN000315,0.741468656376156
756.9536967453699,22,0,grocery,0,3,1695.3270586910025,0,0,0,TXN006728,0.44623098645227366
1259.9962064670412,14,5,transport,0,2,1201.4958243834947,0,0,0,TXN009495,1.0478175316018468
855.8404548568731,22,6,food,0,5,807.7771470126369,0,0,0,TXN004067,1.0581906994010315
487.89972389200386,21,5,utility,1,2,922.2630629917782,0,0,0,TXN000245,0.5284514711451732
2465.1975826705075,20,5,transport,0,3,3137.4949287419663,0,0,0,TXN000252,0.785471265253456
1962.0073081598878,11,0,food,0,2,1310.5490353377888,0,1,0,TXN001111,1.4959465908604581
1015.1364220467188,9,6,food,0,3,801.5366274509267,0,0,0,TXN004801,1.2649097714967434
1868.500880627063,14,5,shopping,0,4,876.0630379722377,0,0,0,TXN001713,2.1304065953423614
1543.9603337069702,22,3,utility,0,1,4268.922740932409,0,0,0,TXN000050,0.36158975873409377
909.295105657576,17,0,transport,0,3,838.666755909231,0,0,0,TXN001835,1.0829237900135131
5719.513044593776,18,5,transport,0,4,944.747391812507,0,0,0,TXN007896,6.047611755642738
1397.7272631928065,11,0,shopping,0,2,768.0288971988865,0,1,0,TXN003383,1.8175224211780507
464.3143555323453,8,6,transport,0,5,399.11521731556417,0,1,0,TXN006410,1.1604516285271609
5259.501397009305,21,0,grocery,0,2,1524.0304871793464,0,0,0,TXN004313,3.4487844283933833
1407.555031786496,17,2,shopping,0,3,4098.969134107669,0,0,0,TXN000872,0.3433086898330617
569.0127058367669,18,5,transport,0,4,464.4137175779617,0,0,0,TXN001254,1.222595476553506
1567.382932803642,14,3,grocery,1,2,1104.3705366139434,0,0,0,TXN008881,1.4179706088466686
1747.7189303260625,22,6,transport,0,2,510.0346128076265,0,0,0,TXN005851,3.4199619488082944
595.4023194963115,16,1,food,0,5,549.7908909835526,0,0,0,TXN005702,1.080995218408743
4626.6943436427155,8,0,shopping,0,1,910.1012366334688,0,1,0,TXN008103,5.078134193669205
1938.672849392644,19,0,transport,0,1,451.74200961333787,0,0,0,TXN002098,4.282069717913648
1366.1585250413982,13,5,shopping,0,1,1397.7933094301447,0,0,0,TXN005128,0.9766693305088501
2275.1911782901975,22,1,grocery,0,1,716.4644610065392,0,0,0,TXN000248,3.171155230599583
532.8838835794505,12,4,food,0,2,912.9697586169252,0,0,0,TXN006561,0.5830432337125059
1982.4998944832544,8,1,food,0,1,1165.5253179275117,0,0,0,TXN001339,1.6994915275438949
689.6716595572346,9,0,grocery,0,4,1536.9461008419553,0,1,0,TXN007017,0.4484368204969413
1246.2909787427534,10,2,transport,0,2,484.6651173880992,0,0,0,TXN002110,2.5661529603882
2263.866278893699,14,0,grocery,0,2,925.3518982108443,0,0,0,TXN001569,2.4438512872550158
670.7896404084989,15,5,transport,1,3,946.8744742386218,0,0,0,TXN001726,0.7076777132829843
670.186403311044,11,1,grocery,1,2,1212.3940193806404,0,0,0,TXN008384,0.552323806287698
3850.418181734907,20,2,grocery,0,5,1183.1478603538892,0,0,0,TXN006940,3.251636312195158
856.4777912355939,20,3,transport,0,5,3991.3912769032727,0,0,0,TXN004395,0.21452751792903604
391.65800740423356,10,0,food,0,4,1037.9903421339882,0,1,0,TXN002420,0.37696020022650545
1717.1363156055456,18,1,food,0,1,755.0338862691566,0,0,0,TXN003045,2.271242528663888
437.07369947221844,15,1,shopping,0,2,948.1733269174082,0,0,0,TXN005503,0.4604782783895593
971.5809281469424,20,4,utility,1,2,492.4714154945991,0,0,0,TXN003703,1.9688697210012482
270.9412439332454,13,6,transport,0,5,1850.795654484834,0,0,0,TXN008191,0.14631271181410174
560.4774024149028,12,4,food,0,3,2671.623590790799,0,0,0,TXN005331,0.20971056468489224
15567.873470238537,0,3,grocery,1,6,334.9037302212572,1,1,1,TXN009808,46.34623575029696
2454.2456025611114,19,3,food,0,4,2384.296328648366,0,0,0,TXN000447,1.0289059573373074
1116.2750198884482,15,1,food,0,1,597.4643926889075,0,0,0,TXN007894,1.8652321399991927
651.2613610260768,13,1,utility,0,1,2824.040231031527,0,0,0,TXN008728,0.23053171203451395
1141.2326252656835,16,6,utility,0,4,499.8973965960435,0,0,0,TXN007828,2.278376036731627
6550.128616901429,13,6,food,0,1,2342.621408655643,0,0,0,TXN001768,2.7948748858113306
462.1215357249194,13,0,grocery,1,2,1472.445576300772,0,0,0,TXN006808,0.31363325741906284
4823.410799901934,14,2,transport,0,2,735.7232505737882,0,0,0,TXN004704,6.547113581857608
3841.9479139411837,9,4,grocery,0,5,346.01648136128654,0,0,0,TXN003869,11.07137015184373
690.312031050986,22,4,transport,1,4,2211.370419197966,0,0,0,TXN001655,0.312023712241298
845.9018008221525,13,1,utility,0,2,2634.15415271797,0,1,0,TXN003187,0.32100657183552855
1261.4058050919575,18,6,grocery,1,4,805.6435731671968,0,0,0,TXN000683,1.5637709727720102
218.4662988124657,10,1,food,0,5,2809.8619011718383,0,0,0,TXN004170,0.07772217436985712
267.52090556013127,13,3,utility,0,3,2852.987609136261,0,1,0,TXN004477,0.09373583287598594
5636.859752683945,17,2,food,0,4,1071.783392377379,0,0,0,TXN000461,5.254424884591274
3487.0240681863443,21,3,transport,0,3,801.0229026443964,0,0,0,TXN005764,4.3477861501075274
4070.3359537959823,16,3,transport,0,5,2107.095689343614,0,0,0,TXN007522,1.9308117626592842
790.1358906287295,12,0,grocery,1,2,2017.3485324523647,0,0,0,TXN004502,0.39147643626677625
28050.237129421464,5,4,transport,1,11,739.3093660732909,1,0,1,TXN009709,37.88988551935257
700.1568051961193,10,0,shopping,0,4,1678.3504963973105,0,1,0,TXN000318,0.41692118869655675
152.8858277004625,21,1,grocery,0,2,5355.425671930246,0,0,0,TXN001145,0.028542508953618775
4757.016610975404,8,0,transport,0,4,907.2403969912081,0,0,0,TXN005094,5.237618395673995
373.9440440104357,15,0,grocery,0,1,1865.9684341248112,0,0,0,TXN001393,0.20029478655097424
594.8041179462724,16,4,utility,0,3,213.74382686996842,0,0,0,TXN006623,2.7698310429497837
3208.0312249762846,15,6,shopping,0,4,353.64820823783873,0,0,0,TXN001501,9.045671599234117
557.8345065768304,15,4,grocery,0,5,863.4505046584509,0,0,0,TXN006408,0.6453053165805415
606.3967923291425,20,2,shopping,0,3,1235.874189040369,0,0,0,TXN000376,0.49026554010284307
1533.1111051968853,12,0,utility,0,5,2157.993852546553,0,0,0,TXN000410,0.7101044328535566
638.1204084352398,17,1,transport,1,3,987.9973614634549,0,0,0,TXN001660,0.6452195256527178
1387.0412011324775,11,3,grocery,0,4,756.2327452111494,0,0,0,TXN003151,1.8317237466344776
1112.2145048505058,22,3,utility,0,1,466.0146773440929,0,0,0,TXN001623,2.381540792627026
408.35705494563723,14,3,transport,1,2,969.687882987009,0,1,0,TXN005609,0.4206883202137411
559.9128392660382,16,6,transport,0,2,1950.0376832349982,0,0,0,TXN008532,0.2869820732204678
636.5671724276677,12,2,food,0,5,1031.3082757575248,0,0,0,TXN005802,0.6166444533834085
888.5957398141414,15,5,food,0,3,2804.7739438442204,0,1,0,TXN005306,0.31670254182939167
3542.8882991891687,17,6,grocery,0,3,950.1877312335606,0,0,0,TXN007086,3.724699323649314
2885.430590141094,16,3,grocery,0,2,815.6124472277934,0,0,0,TXN008897,3.5334149019359797
2569.180157604206,16,0,grocery,1,5,1367.5335067246845,0,0,0,TXN007488,1.877323532803397
5000.0,0,3,shopping,1,15,290.1932529003861,0,1,1,TXN009615,17.170727515827586
2087.5240992141757,21,4,grocery,0,4,1397.906055261555,0,0,0,TXN009217,1.4922546738307378
2061.5725760238897,21,4,utility,0,4,805.7851587803473,0,0,0,TXN001672,2.5552931329828374
1911.6885308053957,16,6,transport,1,4,1228.5073553743416,1,0,0,TXN002358,1.5548410690258572
3318.5159932765882,15,0,transport,0,4,1714.739034636833,0,0,0,TXN008467,1.934161271780479
2479.3568891825503,15,5,transport,0,2,399.2495008150607,0,0,0,TXN000274,6.194528373261263
2005.7663166805396,18,3,grocery,0,3,419.9170937186208,0,0,0,TXN002473,4.765228940835974
1728.7876644961334,21,1,grocery,0,4,142.392136553154,1,0,0,TXN005489,12.056363103671934
1299.772737749392,14,1,food,0,3,353.70993883491434,0,0,0,TXN004771,3.6643256797896484
1693.0106113999236,21,5,food,0,2,747.2773449276189,0,0,0,TXN002107,2.2625442596604195
950.1090652593286,16,2,grocery,1,5,2783.0782765045215,0,0,0,TXN007500,0.3412652127195985
363.668026867177,14,5,grocery,0,3,5272.543463955177,0,0,0,TXN004414,0.06896084755020197
465.77928115952125,16,2,shopping,0,3,377.4593542613144,0,0,0,TXN008138,1.2307247156531245
771.1011451163491,14,2,shopping,0,4,2019.3719935515878,0,0,0,TXN008660,0.38166295492981944
77.0857148131519,10,0,grocery,0,4,672.9079684146834,0,0,0,TXN008239,0.11438611565091017
639.8380913947441,8,3,food,0,5,1104.8249986114656,0,1,0,TXN002417,0.5786070058084777
1346.393601733351,11,2,transport,1,1,1924.6144269468878,0,0,0,TXN008771,0.6992020743571669
1666.556097682691,21,0,grocery,0,4,1006.6873177725819,0,0,0,TXN002236,1.653842484955045
2462.6384854939697,14,0,transport,1,4,1826.8592939916084,0,0,0,TXN003767,1.347280118108082
30264.25478834688,4,1,shopping,1,12,343.02424182209575,1,1,1,TXN009791,87.9712854770198
40034.55244369205,0,5,food,1,8,599.9363782531758,1,1,1,TXN009989,66.62028443021869
16150.744234805863,5,3,food,1,11,477.71237472499604,1,1,1,TXN009965,33.73788748219412
1775.6141321995021,18,2,food,0,1,1321.5823859240097,0,0,0,TXN007323,1.3425357475625128
744.7663562351162,11,3,transport,0,4,1265.6713915664589,0,0,0,TXN001383,0.5879712458920252
563.9435072308132,19,2,shopping,0,1,1427.4111664914756,0,0,0,TXN003101,0.3948047456223654
2018.1799862184205,14,4,utility,0,3,1036.159087784533,0,0,0,TXN003921,1.9458731162732594
1753.898815294109,8,0,transport,0,5,1380.7764467857746,0,0,0,TXN006685,1.2693072163546777
2174.849735587363,13,2,utility,0,3,984.5716414324419,0,0,0,TXN003194,2.206688630393636
853.1045994523452,13,5,utility,0,5,1741.1681803592564,0,0,0,TXN001941,0.48967981912999037
2805.4518441220252,14,5,transport,0,3,2221.4209623770257,0,0,0,TXN007713,1.2623404348748626
6532.590746585037,10,0,food,0,2,763.4774712259743,0,0,0,TXN004896,8.545171038341884
2113.53293250379,16,1,utility,0,3,1079.933384697435,0,0,0,TXN004782,1.9552850919628049
3523.526921536008,17,5,grocery,0,3,1185.3065375472838,0,0,0,TXN001496,2.970165644388154
1155.5974578393668,14,5,food,1,1,1895.6281580671384,0,0,0,TXN001957,0.6092904678885718
508.6074527307918,20,1,grocery,0,3,5607.898259990519,0,0,0,TXN009171,0.09067867327150475
200000.0,1,3,transport,0,6,594.7156700103861,0,1,1,TXN009745,335.7306347112089
1815.5696440898523,22,5,shopping,0,4,8298.658381465657,0,0,0,TXN007332,0.21875233420983725
3277.8206863010705,12,3,grocery,0,4,1101.8912846687897,0,1,0,TXN007949,2.972025195833727
3914.658323199974,14,5,food,0,2,263.9594306927471,0,0,0,TXN003017,14.77455742173412
5017.385061985392,18,2,utility,0,1,241.59780760368957,0,1,0,TXN006746,20.681906038416667
1037.0628535597455,20,4,food,1,1,852.0742693618216,0,0,0,TXN000513,1.215677099645221
204.4855283750377,12,3,grocery,0,4,2697.6636445928452,0,0,0,TXN003934,0.07577288439956324
1006.1011535974374,13,0,grocery,1,4,1928.0391933016622,0,0,0,TXN003025,0.5215555791147183
336.81691869716434,9,3,transport,0,3,1607.2529908438908,0,0,0,TXN001199,0.20943030767841322
2326.3281066958216,18,3,transport,0,1,1731.753111574513,0,0,0,TXN005028,1.3425617828392993
5000.0,2,4,shopping,1,19,404.9586133127059,1,0,1,TXN009784,12.316526453765743
2817.8106742322843,15,1,utility,0,2,2564.0592238985305,0,0,0,TXN000921,1.098536301999923
368.3204262468199,10,5,grocery,1,2,2378.9054715177494,0,0,0,TXN004649,0.15476262845512476
933.2886826555036,9,1,grocery,0,3,338.1930357174451,0,0,0,TXN005332,2.7514971841372136
1114.7375131127644,13,1,transport,0,2,2073.066553594602,0,0,0,TXN001076,0.5374646783541217
1602.964580190622,21,3,transport,0,2,744.9101301559181,0,0,0,TXN006768,2.149004974440491
353.6387144723947,10,6,grocery,0,3,273.6476595399323,0,0,0,TXN009410,1.2876086949540435
1146.615238891092,21,2,food,1,3,1695.4388645887943,0,0,0,TXN001671,0.6758954082138552
1187.8678587647069,15,5,utility,0,3,632.366140627539,0,0,0,TXN000474,1.8754836777156538
652.8680220956807,18,4,transport,0,1,1128.858674585579,0,0,0,TXN009186,0.5778315791000553
442.5790299404812,8,0,transport,0,3,1433.9885229345984,0,0,0,TXN008839,0.3084199091957841
1771.373587853804,14,0,transport,1,4,1768.043640935356,0,0,0,TXN005758,1.0013170658227606
2310.4252601925555,9,6,transport,0,3,708.4577410635059,0,0,0,TXN006297,3.2566073022603637
398.3433957324713,9,4,grocery,0,5,1341.2366468768832,0,0,0,TXN002478,0.29677583059539975
109.414434905523,12,3,grocery,0,2,646.8929925642615,0,0,0,TXN005493,0.16887732412798195
1135.0066572395344,22,6,food,1,2,715.5744815426947,0,0,0,TXN003914,1.583933961471818
595.2103887140809,10,4,grocery,0,3,185.05458439366856,0,0,0,TXN002138,3.1991170260803092
3056.0742081583858,18,0,grocery,0,5,807.5921107515359,0,0,0,TXN005454,3.7795004026417667
2549.239328805205,11,5,food,0,2,2584.893238309781,0,0,0,TXN005379,0.9858254358836044
358.91316825898264,18,6,grocery,0,3,883.7283119090638,0,0,0,TXN008985,0.4056761419610513
438.9421833662175,20,6,transport,0,2,1612.560350843695,0,0,0,TXN004023,0.2720333225445855
1332.9663114675327,16,6,shopping,0,4,3850.460452866783,0,0,0,TXN003485,0.3460937293216544
2201.845120195803,10,4,food,0,1,870.6153115655784,0,0,0,TXN002455,2.526166177875985
5373.030147491302,17,3,transport,0,2,608.0423618980127,0,0,0,TXN002464,8.822095938855307
890.4948241240734,22,5,shopping,0,2,1106.3591626204795,0,0,0,TXN008696,0.8041607946032491
279.7470827470407,11,6,grocery,0,1,1607.5118117913942,0,0,0,TXN001369,0.17391671027611996
155.23093107908463,16,5,grocery,0,4,8013.985700855207,0,0,0,TXN006688,0.01936758677716934
1036.3848962930565,17,4,grocery,0,5,868.2772373977019,0,0,0,TXN007456,1.1922374723576263
180797.3206562957,4,3,shopping,0,8,234.94110051847724,1,1,1,TXN009974,766.2815857813503
739.9990298450306,8,2,grocery,0,3,2994.838448271575,1,0,0,TXN001901,0.24700899017834793
901.6938237460806,9,5,transport,0,3,2680.010039488549,0,0,0,TXN004871,0.33632616456672987
274.259114815772,14,0,food,0,2,1031.9375888611405,0,0,0,TXN004710,0.26551373265267153
233.08821017869556,11,4,utility,0,4,1295.239337990679,0,0,0,TXN007886,0.1798188061010471
1647.6254075667894,18,0,grocery,0,2,827.7752920290004,0,0,0,TXN001793,1.9880242852475576
1265.7320900443042,19,3,utility,0,4,2298.9728867690437,0,0,0,TXN002874,0.5503247874466813
2492.168567725317,13,2,grocery,0,1,262.40382556694226,0,0,0,TXN006217,9.461398528898547
2610.1341281711084,19,6,food,0,3,1840.146918997228,0,0,0,TXN005213,1.417667488259278
2102.6751180676642,15,1,transport,0,2,114.37373324631133,0,0,0,TXN002245,18.224903181200386
1027.1977745416748,19,1,food,0,3,870.5372742885532,0,0,0,TXN001741,1.1786045242645407
868.1747671335387,18,2,grocery,0,4,1202.6374315383262,0,0,0,TXN001020,0.721292595581674
701.5954481233641,22,2,food,0,3,2668.934884065817,0,0,0,TXN000705,0.26277623934219846
4117.189956856823,13,3,food,0,3,1280.2471244789392,0,0,0,TXN004294,3.2134237636093914
1637.8476679260807,17,2,grocery,0,4,292.0223118829856,0,0,0,TXN005576,5.589498142312563
1212.8591778769992,20,1,grocery,0,2,1250.460005452981,0,0,0,TXN007166,0.9691553646079086
420.3492485883528,18,4,shopping,0,4,1333.6410651612493,0,0,0,TXN008177,0.3149530308641948
585.7582578678712,11,0,utility,0,5,1849.1079906611326,0,0,0,TXN000908,0.31660760389373355
1130.9909708568075,21,2,transport,0,4,624.0710914897883,0,0,0,TXN005193,1.8093797429684595
679.0169275351631,9,6,utility,0,5,173.00233014381794,0,0,0,TXN003077,3.9023438765097915
12693.080808363786,15,2,grocery,0,2,2519.1584164726687,0,0,0,TXN009366,5.036620208236597
1143.553640203222,21,6,transport,1,2,3103.726654166117,0,0,0,TXN000594,0.3683266733542323
419.7448169171246,14,4,transport,0,2,1143.4325948765352,1,0,0,TXN005304,0.36677111329777173
152.61386502742948,9,5,food,0,2,304.81634061464894,0,0,0,TXN000440,0.49903764043705623
886.2697331107429,10,3,food,0,2,1155.9499404179853,0,0,0,TXN007606,0.766039827782479
11305.181260629808,15,2,food,0,3,301.6036688542419,0,0,0,TXN004092,37.3596966072321
118.11486226671005,8,6,grocery,0,5,1522.452231961708,0,0,0,TXN006134,0.0775310572846887
6278.34322275495,8,1,transport,1,5,2305.085410520223,0,0,0,TXN000010,2.7225111412237926
7253.8123734178525,20,4,grocery,0,2,1170.688987316483,0,0,0,TXN003776,6.190902579046377
3056.8327336884727,21,1,food,0,5,1698.4203446565848,0,0,0,TXN008999,1.7987502287470796
1784.4081470775554,12,4,utility,0,1,2295.147864717353,0,0,0,TXN003708,0.7771312006934751
9277.25629293576,13,5,transport,0,3,403.82503013776875,0,0,0,TXN003780,22.916706236713065
990.3053653401723,16,4,utility,0,3,568.6573734594167,0,0,0,TXN000093,1.7384227984731304
474.38573862943775,18,5,utility,0,1,583.4136887120204,0,0,0,TXN009239,0.8117293413761895
205.80229758343438,11,2,food,0,2,3606.1679909782756,0,0,0,TXN003949,0.05705370476178464
1184.8533406683073,21,4,grocery,0,3,1555.3588808327922,0,0,0,TXN005785,0.7612982810457598
1472.6675412803345,13,2,transport,0,4,591.90561866314,0,0,0,TXN004870,2.4838144468943417
4004.398032438598,21,5,transport,1,3,1020.711046025077,0,0,0,TXN004802,3.9193058037470934
1965.9117661637247,10,5,transport,0,4,1711.551561089103,0,0,0,TXN004867,1.147943110637496
434.81270690014406,20,0,utility,0,3,3242.447380528354,0,0,0,TXN000292,0.13405881332020053
1206.2882948239946,12,2,transport,0,1,749.6099364449612,0,0,0,TXN007888,1.6070774396315843
3404.8500001917478,11,4,shopping,0,2,1224.5329180151118,0,0,0,TXN007405,2.778260746929821
2073.7607812605315,15,6,transport,0,1,1481.8540611058338,0,1,0,TXN005595,1.3984928359801172
320.69959450486806,15,3,grocery,1,3,754.6236404796421,0,0,0,TXN002886,0.42441710042488845
616.8726693082629,21,5,grocery,1,1,1897.4654550178698,0,0,0,TXN006454,0.3249322591979723
846.218996311572,20,6,food,1,3,695.3956374550667,0,0,0,TXN002542,1.2151411508033354
2150.536868347047,12,4,shopping,0,2,230.84903779207082,0,0,0,TXN001765,9.275591086453906
1265.581110894707,8,3,food,0,4,551.3802413492887,0,0,0,TXN006800,2.291141167184576
3721.2119416562086,15,1,utility,0,2,605.861237191934,0,0,0,TXN001877,6.131899211218344
709.635744871081,20,6,transport,0,3,2909.837884815335,0,0,0,TXN001981,0.2437908852887218
106985.00486534789,5,5,shopping,0,8,228.01037134257984,0,1,1,TXN009729,467.16226971794003
84812.85495955439,3,4,transport,1,11,821.1772229157704,1,1,1,TXN009608,103.15641518111384
20213.565467016255,8,6,food,0,1,760.3506973679428,0,0,0,TXN002685,26.549611810820366
1768.3711593439962,13,0,food,0,5,1430.4739958315013,0,0,0,TXN008930,1.2353498313581317
1555.598022439768,18,5,utility,1,4,5920.633468533024,0,1,0,TXN003458,0.2626974517599008
990.8787446434146,15,0,transport,0,5,785.2437697770665,0,0,0,TXN004541,1.2602691210187533
1456.6740364206146,18,0,grocery,1,3,1344.3734261855832,0,0,0,TXN002178,1.0827284143337006
3920.849362872254,14,4,transport,1,5,2776.342561418333,0,0,0,TXN004450,1.411726957034049
1468.8946470713172,20,5,food,0,1,1201.762818101328,0,0,0,TXN003859,1.221267090206615
2059.272400154001,18,6,shopping,1,2,1239.377611530642,0,0,0,TXN007623,1.6601979760121857
366.9802221388673,19,6,grocery,0,1,891.4792656203399,0,0,0,TXN007654,0.4111918744507623
1356.5854473954794,8,0,utility,0,3,367.03948119456794,0,0,0,TXN004519,3.685978045051928
1734.2285246724748,15,1,grocery,0,3,2904.587426768862,0,0,0,TXN002517,0.5968598668535028
808.659025457286,13,2,shopping,0,5,284.50479995887565,0,0,0,TXN004836,2.8323832929385633
957.8256484730838,22,0,shopping,0,3,461.7233628706939,0,0,0,TXN002885,2.0699746875342973
650.1601930903184,8,5,grocery,0,3,334.52513382393596,0,1,0,TXN007281,1.9377391663048547
472.93197855642387,16,6,grocery,0,2,1355.2678206712085,0,1,0,TXN006255,0.34870102449409496
375.9784233289625,9,0,grocery,0,3,3375.110487230948,0,0,0,TXN004539,0.1113643717381229
949.0980936578051,8,0,food,0,3,1434.4369650144884,0,0,0,TXN005639,0.6611910636202861
2521.6425100378056,13,6,grocery,0,4,2574.927413264257,0,0,0,TXN009459,0.9789260741793726
1479.8144352922216,16,0,transport,1,4,2607.0471113828867,0,0,0,TXN003481,0.5674032607898587
3436.495196889432,22,5,transport,0,2,3506.007730084745,0,0,0,TXN001277,0.9798938187131943
7813.066735392276,21,5,food,0,2,6529.380268875517,0,0,0,TXN003146,1.1964183422258239
4397.537937430723,19,5,transport,0,5,1442.6335371660218,0,0,0,TXN008262,3.0461594471291327
541.0569272246576,20,1,transport,0,3,1755.243763052732,0,0,0,TXN003205,0.3080762127713885
88588.02041359902,5,6,transport,1,19,221.96214961286276,1,1,1,TXN009892,397.3231356417114
679.5601382011581,10,3,transport,0,1,718.0542215232257,0,1,0,TXN002742,0.945074957993565
5837.405848102201,12,2,food,0,4,2378.912125423111,0,0,0,TXN006076,2.452782094660072
248.6436981380663,16,5,grocery,0,3,1048.0292621395076,0,0,0,TXN004047,0.23702265238145456
1299.0689244841592,13,1,food,0,5,597.5293654266899,0,0,0,TXN005731,2.1704347347403026
1335.8370956793756,9,0,transport,0,2,502.9730416498766,0,0,0,TXN002945,2.650612205974733
6048.399008565988,11,1,grocery,0,3,1756.582703707903,0,0,0,TXN005790,3.4413168699293175
1173.1761703841998,15,3,shopping,0,2,1409.093001092533,0,0,0,TXN006794,0.8319849609034502
504.97925605637704,12,4,grocery,0,3,1601.7319237275465,0,1,0,TXN006543,0.3150740610955847
23.649558614772474,15,2,utility,0,3,1221.192945079682,0,1,0,TXN000700,0.019350102379482006
569.4508508038341,21,4,transport,0,1,1035.4010416862893,0,1,0,TXN003574,0.5494502879670036
3762.0840147020094,12,1,transport,0,4,1996.5386163320902,0,0,0,TXN007699,1.8833598429300973
1143.1488017321171,21,1,grocery,1,5,802.6415967600188,0,0,0,TXN002515,1.4224609656106202
5122.106938446687,18,1,transport,0,3,2214.8831747508425,0,0,0,TXN003000,2.311541960700444
521.0034340739609,20,6,grocery,0,4,1304.8680662405286,0,0,0,TXN005820,0.39897095850875713
416.8578440079103,19,0,transport,0,5,2793.912707846923,0,0,0,TXN008581,0.14914878838167334
687.9888340910961,18,4,utility,0,5,2589.3436966435506,0,0,0,TXN003684,0.26559750931220466
845.0465103409535,20,2,grocery,0,4,1671.3361479951297,0,0,0,TXN002995,0.5053090022326149
434.3110087197565,13,0,transport,0,1,190.0621904343413,0,0,0,TXN004252,2.2731394826597464
1546.2648618092576,9,0,food,0,4,4981.899834794886,0,0,0,TXN003411,0.31031425737517504
1974.0353386123566,9,6,food,0,5,1515.1279144836844,0,0,0,TXN007962,1.3020242683709256
2852.4628562478692,20,1,grocery,0,1,457.1922095449098,0,0,0,TXN006309,6.225472185747157
2433.1352368934454,21,0,transport,0,1,1390.856548921707,0,1,0,TXN008611,1.7481221313923718
769.5311121329454,16,1,food,0,4,878.7696616778547,0,0,0,TXN005012,0.8746961229207795
1567.8651341836946,10,6,grocery,0,5,537.8079966007945,0,0,0,TXN007750,2.9098772551167866
1340.8157866570543,16,0,transport,0,3,1264.7765114642937,1,0,0,TXN005979,1.0592831945553742
4684.088564022145,20,0,grocery,0,2,1110.159019750997,0,0,0,TXN004048,4.215497944724254
664.3591308955572,21,1,food,0,2,779.3567532896473,0,0,0,TXN004899,0.8513530870270628
1780.396513441777,9,1,transport,0,3,908.3862580142111,0,1,0,TXN001318,1.957800107216877
98876.42193190723,4,6,shopping,1,8,888.4011142773503,1,1,1,TXN009772,111.17191146341837
492.5563625072624,12,5,food,1,2,2147.7340750494163,0,0,0,TXN009137,0.22923095427522117
150.84273296752966,19,6,grocery,0,4,444.8245673529946,0,0,0,TXN007142,0.3383454928541332
681.8943416369078,10,4,food,0,1,1670.1727128184375,0,0,0,TXN001897,0.4080334344897788
897.4478540368402,13,1,shopping,0,2,1213.780987059746,0,0,0,TXN007465,0.7387733785733852
168.19229466766893,9,0,utility,0,2,410.549251156966,0,0,0,TXN000603,0.4086808424382722
2664.5858884562886,19,0,utility,0,5,1774.2964096288395,0,0,0,TXN002846,1.500924507031123
570.2659926594206,8,3,grocery,0,1,1421.1314369325805,0,0,0,TXN008207,0.40099387289365956
398.3597767166818,19,5,food,0,3,1263.836763572274,0,0,0,TXN000393,0.31494955569728667
2420.5384006390345,13,5,transport,0,5,1843.7350730058383,0,0,0,TXN004436,1.3121333442720173
777.1660973814318,18,3,transport,0,5,756.3553111111321,0,0,0,TXN009447,1.0261578495319916
1150.1790381901183,13,4,grocery,0,5,363.01888658706906,0,0,0,TXN007234,3.1596685792153503
314.61088050745917,13,5,transport,0,5,1564.2519230899725,0,0,0,TXN005398,0.20099696148999716
566.3236667775211,15,2,grocery,0,2,5551.130334792982,0,0,0,TXN000095,0.10200114778080714
2145.2637944964154,21,2,grocery,0,1,538.3391584371436,0,0,0,TXN001662,3.977578414133324
6533.091933735088,9,3,food,0,1,939.559832890281,0,0,0,TXN008970,6.945961017343585
7549.752019628062,16,1,food,0,4,823.9217126602097,0,0,0,TXN005130,9.15208304468263
5036.754378548835,13,3,transport,0,2,776.7019389725074,0,0,0,TXN001488,6.476458558407799
7793.95951333673,21,4,utility,0,4,3195.6278287718437,0,0,0,TXN008316,2.438181712361304
242.85074957585314,11,3,food,1,5,1435.2018026573562,0,0,0,TXN002707,0.1690923581397228
1281.1477102068723,16,1,food,1,1,224.9896996047623,0,1,0,TXN001595,5.669053556190817
1875.2321182105457,16,3,food,0,3,1153.139232824383,0,0,0,TXN009277,1.6247884699504762
281.22780130181025,19,0,grocery,1,1,962.9697944119017,0,0,0,TXN002377,0.2917392255774794
257.1955866401427,16,5,utility,0,4,393.9981295835398,0,0,0,TXN005140,0.6511311507001639
141.97763196197567,15,4,utility,0,2,645.3216450885079,0,0,0,TXN006147,0.2196702416527194
1212.7860385824513,18,5,grocery,0,2,424.03690919012615,0,1,0,TXN008241,2.8533664073864036
2867.206406626418,10,2,utility,0,5,1407.9821608193274,0,0,0,TXN003948,2.0349486930048344
1036.042191931799,11,6,grocery,1,4,2420.714593212785,0,0,0,TXN003933,0.4278134982691441
580.414883970723,19,0,transport,1,5,141.47169450687562,0,0,0,TXN004797,4.073896123575006
1649.9253742531703,8,5,transport,1,4,627.5060769534995,0,0,0,TXN004372,2.625154210522043
49672.625710488304,3,2,shopping,1,5,406.5379331689964,1,1,1,TXN009862,121.88466807061671
2030.4763684096056,8,0,grocery,1,3,895.9980653646302,0,0,0,TXN008242,2.263635170254482
515.1917691362542,16,1,grocery,0,1,695.1979233560463,1,0,0,TXN003448,0.7400076211844389
612.0886767558485,18,3,shopping,0,2,463.56900639114247,0,0,0,TXN002943,1.3175409214460214
1810.0853467786271,11,5,food,0,5,4876.4664856253,0,0,0,TXN002465,0.37111179587050935
1620.490716656465,21,2,transport,0,3,655.58481705867,0,0,0,TXN008582,2.468059989440274
485.12579516505116,15,5,grocery,0,4,1261.9113535030144,0,0,0,TXN005506,0.3841328956457855
3989.6903049535504,19,4,transport,1,3,623.4809216824849,0,0,0,TXN002698,6.38881055678126
593.4552662678512,10,2,utility,0,3,1636.6073997450835,0,0,0,TXN002447,0.36239166137148066
2143.187898637804,12,1,utility,0,3,990.2017847802452,0,1,0,TXN000019,2.1622115007722273
2438.3285745798066,20,4,food,0,5,812.3262156496528,0,0,0,TXN002748,2.9979712047424494
2405.426702380701,21,6,transport,0,3,1560.4561744300886,0,0,0,TXN005399,1.5405022195122773
1221.2173110750473,13,3,shopping,0,2,2662.5208022777056,0,0,0,TXN008078,0.4584973806214411
508.3820192898172,9,5,transport,0,1,512.10899403815,0,0,0,TXN006871,0.9907875815796335
4017.1761710696137,20,3,shopping,0,4,2208.0639268030345,0,0,0,TXN004708,1.8184970214435061
3371.3899936808743,22,2,transport,0,4,1148.7035583334848,0,0,0,TXN009476,2.93239937307645
841.2888011555658,9,5,utility,0,5,1281.5621765664,0,0,0,TXN000809,0.655943872762422
1580.3414467889463,8,2,grocery,0,4,1079.604928384581,0,0,0,TXN007477,1.46245996596687
886.7368794188199,17,1,food,0,4,3164.554168493854,0,0,0,TXN002273,0.2801205830702061
1230.0930430698202,13,6,transport,0,2,313.5133668512853,0,0,0,TXN001923,3.911099408539473
741.722610618114,16,5,utility,0,5,2198.6488692574453,0,0,0,TXN001470,0.3372004600300155
331.7642650803726,11,6,grocery,0,4,1064.9344256748082,0,0,0,TXN007934,0.3112426591066739
2423.3480914243446,22,5,food,0,1,283.56604375295785,0,1,0,TXN007407,8.515942589159167
2072.587709773675,13,4,food,0,3,1916.29079088091,0,0,0,TXN002406,1.0809981040076937
3440.4636738902855,18,6,food,0,5,1102.3388742535967,0,0,0,TXN001142,3.11822936196075
407.03894330790024,11,6,transport,0,2,889.2754805275151,0,0,0,TXN001747,0.4572056090623965
3854.043098369132,21,5,transport,0,5,870.0525200973324,0,0,0,TXN005709,4.424581766824436
4342.6149584410705,14,2,transport,0,1,830.1885307353053,0,1,0,TXN004975,5.224584793776455
897.9102121933668,9,6,grocery,1,5,3747.9402498271043,0,0,0,TXN007300,0.23951040890416353
96.56773723097164,12,5,food,0,4,1100.5223511361933,0,0,0,TXN008148,0.08766752406917971
943.5710118292134,12,2,grocery,0,5,1888.6212086473724,0,1,0,TXN002833,0.4993439994805307
1218.980805829352,20,2,grocery,0,4,1672.137366111035,0,0,0,TXN003131,0.7285599081817747
1266.8053302211326,9,5,food,0,5,1211.8669161635144,0,0,0,TXN001310,1.0444718322668358
1040.488754592854,10,5,grocery,0,3,653.2485352395836,0,0,0,TXN008650,1.5903570257315602
4954.655160747528,14,0,food,0,4,593.5724478019674,0,0,0,TXN006774,8.333139517419685
2542.9536496300752,20,2,food,0,1,3312.5518904180503,0,0,0,TXN006756,0.7674404185380801
3429.7771001564106,10,0,grocery,0,5,714.7685473217969,0,0,0,TXN000620,4.791740448766106
1358.4654312605342,22,2,transport,0,2,438.39668968060954,0,0,0,TXN002701,3.0916605954586984
247.32808523797954,13,5,transport,0,3,1265.4691262782653,0,0,0,TXN002199,0.19528947062830906
2243.764727781506,11,5,transport,0,1,1200.948436770942,0,0,0,TXN006196,1.8667728657390859
776.1504213889306,21,1,food,0,4,743.1869145950363,0,0,0,TXN008824,1.0429509121526113
1189.4867226943652,11,4,grocery,0,2,1256.2411152599907,0,0,0,TXN001046,0.9461086725980845
902.7226261487299,12,3,grocery,0,4,354.55645130969907,0,0,0,TXN005768,2.538900989768386
38388.88773984555,1,0,transport,1,16,459.9791988481705,1,1,1,TXN009947,83.27683295855056
6791.037193883733,17,6,food,1,2,488.9565765061761,0,0,0,TXN009019,13.860487887130402
4182.197638909992,15,0,food,0,5,640.0697092475717,0,0,0,TXN000743,6.523779830150871
1293.6721096048448,9,4,utility,0,5,1216.47323449431,0,0,0,TXN000222,1.0625877209877101
238.06378545585676,14,0,grocery,0,1,981.9862240333374,0,0,0,TXN003149,0.2421842540977288
2657.8061899398285,13,5,grocery,0,5,240.8884759154705,0,0,0,TXN000625,10.987733830149958
2053.700333264797,13,2,food,0,3,261.4116180568562,0,0,0,TXN009334,7.826255363509957
2131.4385671949844,21,6,utility,0,1,500.8677957373676,0,0,0,TXN007566,4.247012032448457
489.2063198701063,19,5,utility,0,5,634.352093857382,0,0,0,TXN004582,0.7699767177912518
1139.195988586244,22,0,transport,0,1,575.7921154003701,0,0,0,TXN005711,1.9750547175831126
5325.914808377213,14,3,grocery,0,5,1742.3606623113194,0,0,0,TXN003284,3.0549701639568956
1112.8236686852297,18,0,food,0,4,616.7664547703955,0,0,0,TXN007585,1.8013662931873364
69367.13490051033,1,5,transport,1,5,327.1221986940198,0,1,1,TXN009646,211.40640644431528
1083.526166960582,12,6,grocery,0,1,2614.2031414951707,0,0,0,TXN001530,0.4143181651047978
20896.579433663836,2,5,transport,1,9,243.6459193514947,0,1,1,TXN009685,85.41560590528674
1884.3181192894863,10,3,food,0,2,1153.6845429269322,0,0,0,TXN000353,1.6318899658196298
4990.633299019149,16,1,grocery,0,3,617.1259998646166,0,0,0,TXN002474,8.073812297350717
280.3298190562838,11,6,grocery,0,3,936.0555963519041,0,0,0,TXN008013,0.2991602847767509
787.7568533290424,21,6,transport,1,4,1817.4710188953384,0,0,0,TXN006475,0.43319736478812787
1936.7560152206295,16,3,transport,0,4,206.6083160724934,0,0,0,TXN006449,9.328894197785152
2028.7274109069997,10,2,transport,1,2,1056.806427517932,0,0,0,TXN000239,1.9178626241355567
965.6491949369151,22,3,utility,0,5,1069.458281780325,0,0,0,TXN002625,0.9020895175203864
5000.0,4,2,grocery,1,14,680.6269371145081,1,1,1,TXN009786,7.335390853486822
3284.8468420679988,21,2,grocery,0,2,2345.515683994939,0,0,0,TXN007198,1.3998827557272289
1228.0219846948262,11,6,utility,0,5,525.4278349815277,0,0,0,TXN007692,2.3327451610493153
1196.5587312715875,12,2,food,0,2,1121.5303923020701,0,0,0,TXN002997,1.0659477368961932
2022.6358316623675,12,1,food,0,2,1028.6721653195375,0,0,0,TXN006440,1.9643493334936215
599.4245517126251,21,2,grocery,0,2,809.5852427614758,0,0,0,TXN004562,0.7394960086745779
5082.82681642819,11,4,grocery,0,3,662.5571478036073,0,1,0,TXN008614,7.659968449217205
877.1942061332722,14,6,grocery,0,3,2146.2762700831477,0,0,0,TXN001479,0.4085148326532315
581.5664757761283,21,6,grocery,1,2,1764.9121831819944,0,0,0,TXN001018,0.3293292165458673
1534.6773039872214,10,0,grocery,0,4,253.0898326447597,0,0,0,TXN003094,6.039900487214053
546.5940680303471,9,3,food,0,4,228.6010099759077,0,0,0,TXN006182,2.380625712786289
235.79764455104777,16,2,shopping,0,4,590.3570524707784,0,0,0,TXN004960,0.3987398874602913
1744.9612107226585,15,5,transport,0,1,1554.4274666277456,0,0,0,TXN008492,1.1218531549438513
1667.4499039894606,21,2,food,0,3,1428.941233623734,1,0,0,TXN001103,1.1660968050860636
432.7464763695542,22,1,food,0,3,6927.513355194965,0,0,0,TXN006081,0.0624587778336435
14176.168041302193,1,5,shopping,1,18,277.2372314849202,1,1,1,TXN009525,50.94993206209539
731.4207887562395,12,1,food,0,3,1175.4186081560972,0,0,0,TXN005190,0.6217351406083746
823.2651347041085,18,1,utility,0,4,1375.9489902642304,0,0,0,TXN004181,0.5978908009846665
5136.32264417407,10,5,grocery,0,1,1031.9952399184651,0,0,0,TXN004467,4.972261677197547
1940.9749834562829,11,1,food,0,3,1095.5591090014643,0,0,0,TXN001626,1.7700596051076085
763.9984830666459,14,4,grocery,1,5,1136.8484474592547,0,0,0,TXN006717,0.6714413371768511
811.9433806075746,10,4,transport,0,2,1403.6056593470573,0,0,0,TXN003798,0.5780578877811251
254.1410797232496,12,2,utility,0,2,676.2295840217586,0,0,0,TXN003053,0.3752657676500505
1878.4675782681552,19,0,grocery,0,2,1067.6631640977737,0,0,0,TXN002867,1.757773301612828
1121.4194803189946,15,4,transport,0,2,265.8492859784781,0,0,0,TXN001432,4.202445122560452
675.1196812396205,11,4,food,1,3,1431.3949923348448,0,0,0,TXN007983,0.47132228530005965
826.2694462174591,19,2,grocery,0,1,364.3208674074681,0,0,0,TXN009346,2.2617636164097425
1495.440105097675,15,5,grocery,0,1,2452.393095627048,0,0,0,TXN009419,0.6095395425067277
640.7487476184543,14,6,utility,0,4,237.43823528609545,0,0,0,TXN004076,2.6872734855197935
3563.217891088103,19,4,food,0,2,659.8589406997261,0,0,0,TXN000217,5.3917979641999265
520.6204287211103,17,1,grocery,0,4,7499.516802457308,0,0,0,TXN003555,0.06941127424053573
1010.1528696054505,15,5,transport,0,2,1128.232342407905,0,0,0,TXN007936,0.894548297697056
632.4164565114023,11,3,shopping,0,5,994.0093159163805,0,0,0,TXN008421,0.6355884778113473
3890.6451374178914,9,6,utility,0,3,809.9001607308239,0,0,0,TXN001034,4.797933612334528
2400.57998684174,18,5,food,0,1,604.2744322681968,0,0,0,TXN003773,3.966101752961612
12409.008798817451,17,0,transport,0,1,1530.1547906332692,0,0,0,TXN004132,8.104346389227715
3148.308578777716,13,6,utility,0,1,6920.489193603272,0,1,0,TXN002335,0.45486000060324183
1988.8727260501926,14,4,transport,0,1,645.2252731600507,1,0,0,TXN006492,3.077677102173019
993.5447517772462,16,5,utility,0,4,371.56208001270767,0,0,0,TXN001482,2.66678979176667
8536.2178281861,20,6,grocery,0,1,915.7831833509538,0,0,0,TXN000906,9.311054110946046
542.2025693371185,18,2,grocery,0,4,524.0497305287678,0,0,0,TXN006088,1.0326689793575865
2968.9241532994115,16,4,food,0,1,532.9141388685631,0,0,0,TXN006466,5.560677152305737
897.6194228548474,16,0,grocery,0,4,691.8676557376033,0,0,0,TXN005676,1.2955135305013947
759.7408477126626,9,2,food,0,3,363.53982398396994,0,0,0,TXN002770,2.0841093283297107
2799.9796107273146,19,5,transport,1,5,2574.5525426877516,0,0,0,TXN001805,1.0871374450025233
2026.5817896124784,9,3,grocery,0,4,993.1523054621106,0,0,0,TXN007374,2.0385023285445834
698.9867656154423,17,2,utility,0,5,1377.605101322735,0,0,0,TXN002114,0.5070246475548241
4046.3993521504613,16,2,grocery,0,1,5447.4364331260385,0,0,0,TXN004534,0.742671664029829
2823.2202006514576,20,6,utility,0,1,1418.2425922970372,0,0,0,TXN002531,1.9892442743576977
413.6895012105996,8,6,grocery,1,3,2883.5209590703284,0,0,0,TXN008525,0.14341705506065394
1599.6733527238625,8,2,food,0,1,694.7213129926896,0,0,0,TXN003470,2.2993019228385654
412.9719546077203,8,6,grocery,1,4,1398.2596108399953,0,0,0,TXN001402,0.2951360500999578
1683.7205870911403,11,4,transport,0,3,1346.015734832533,0,0,0,TXN000852,1.24996356282391
673.7322770693326,11,4,transport,1,4,1161.0431128078033,0,0,0,TXN003082,0.5797825137842066
742.2572275048672,11,0,grocery,1,4,1183.3688157116717,0,0,0,TXN008024,0.626711221756421
2101.6744013554658,21,4,shopping,0,5,360.9217155809072,0,0,0,TXN007565,5.806986182031508
1528.380456464689,12,3,shopping,0,2,9016.980691160434,0,0,0,TXN005529,0.16948145142546506
2252.990067455122,15,1,grocery,1,5,2415.814345074264,0,0,0,TXN007854,0.9322147859834438
219.19863483040885,22,1,shopping,1,2,486.30979572299265,0,0,0,TXN004932,0.4498137257946905
2031.2249029488025,11,5,utility,0,4,668.2306190813108,0,0,0,TXN005159,3.03516432905771
164938.37871313453,3,6,grocery,1,8,1381.393781270518,0,1,1,TXN009715,119.31360003771461
834.5125262546266,22,1,transport,0,1,4155.083762970603,0,0,0,TXN003846,0.20079299981628626
1022.0233925910153,8,1,grocery,0,1,907.9364534782422,1,0,0,TXN006483,1.1244167715795987
735.222567069194,16,1,grocery,0,4,1342.3445064859588,0,0,0,TXN000747,0.5473075324456086
216.3776018168438,12,5,food,0,3,284.4844770968641,0,0,0,TXN003034,0.7579312333098498
1175.8002627456212,8,3,transport,0,4,1373.3339521000366,0,0,0,TXN000347,0.8555418869983907
2192.4518652036054,14,5,transport,0,2,1281.9945778334918,0,0,0,TXN003351,1.7088551293068237
426.2778131730862,14,1,grocery,0,3,759.81321912991,0,0,0,TXN002864,0.5602923325393728
748.0098581836726,9,3,utility,0,1,616.5936425844739,0,0,0,TXN002167,1.2111683259132002
562.402398762175,20,3,grocery,0,3,1118.588068358375,0,1,0,TXN006954,0.5023297538234862
2057.1676921606518,8,5,grocery,0,5,4656.579795711005,0,0,0,TXN006209,0.44168168499335686
1622.2205106162733,10,3,transport,0,2,246.68992243310024,0,0,0,TXN002777,6.549400535479705
6917.540797636635,9,3,transport,0,1,1467.843432915744,0,0,0,TXN001441,4.709515420513467
7228.512228731458,20,0,grocery,0,2,850.7574184742208,0,0,0,TXN005657,8.486585584050578
20127.709784618535,4,3,food,1,10,218.26152308454652,1,1,1,TXN009657,91.79772858212499
425.5725681741758,17,1,grocery,1,2,150.82247430349906,0,0,0,TXN003027,2.803093350484063
322.9951129736789,22,0,grocery,0,2,413.5556372428909,0,0,0,TXN006117,0.7791357394675444
1399.5288757124783,10,3,transport,0,1,431.14416714275393,0,0,0,TXN002483,3.2385693991101814
436.23292994265023,11,3,transport,0,3,1680.3816743525333,0,0,0,TXN002882,0.2594490808344482
9608.968681123013,22,6,food,0,3,2957.1716725458527,0,0,0,TXN005561,3.2482795945555694
1005.9243426852381,19,5,transport,0,4,391.4406784740832,0,0,0,TXN000763,2.5632519712190573
620.4034073399854,15,4,transport,0,3,621.5376038317562,0,0,0,TXN006481,0.9965717789919281
5502.612016591556,22,4,utility,0,2,903.4003990328762,0,0,0,TXN001616,6.084265356888159
1447.3880393869501,14,5,grocery,0,4,235.11939432972008,0,0,0,TXN001222,6.129899000866483
679.4664182204555,16,1,food,0,3,916.1625305874499,0,0,0,TXN008664,0.7408353433117812
563.2573416324476,18,4,transport,1,2,717.8811977322682,0,0,0,TXN006221,0.7835193678861812
783.8471667837714,8,6,grocery,0,2,647.1139372851852,0,0,0,TXN001576,1.209428036784928
1979.030204742499,22,3,food,0,2,953.7123420611476,0,0,0,TXN009391,2.0729073225029553
440.85672811183247,8,4,grocery,0,4,1962.9382097621062,0,1,0,TXN006350,0.2244758648314266
805.7585016288252,8,4,utility,0,3,2768.9789549277893,0,1,0,TXN003782,0.2908897557490037
767.8334744358199,15,5,food,0,3,424.094923767663,0,1,0,TXN004374,1.8062635696291724
373.2615029170272,11,1,utility,0,4,617.0585299055999,0,0,0,TXN000708,0.6039258174691609
3074.566941735422,18,2,grocery,0,4,2133.9843278665885,0,0,0,TXN000509,1.4400887639337963
407.94307897874455,21,0,transport,0,4,619.1179083402576,0,0,0,TXN002954,0.6578476020320105
288.3884852531207,13,0,food,0,4,4253.322179842771,0,0,0,TXN007537,0.06778717573848128
945.080786483931,14,5,transport,0,3,2360.7937592180197,0,0,0,TXN006338,0.4001538164775418
242.84293230434838,17,1,grocery,0,1,5540.305486151846,0,0,0,TXN008922,0.04382413727437186
850.9552534979904,19,2,food,1,1,787.861399194656,0,0,0,TXN007063,1.0787132623889641
820.6353415140577,17,3,transport,1,1,1766.3224153268022,0,0,0,TXN007162,0.4643382183110663
2605.4448543965245,17,0,grocery,0,4,6130.14965018294,0,0,0,TXN007371,0.42495208942074736
4162.76851321708,18,2,utility,0,5,273.39215729587596,0,0,0,TXN006828,15.170872791121297
1788.6417727976166,9,0,transport,0,5,3890.614551093914,0,0,0,TXN003615,0.45961431927908636
1219.349228793251,20,6,grocery,0,3,825.2804828249813,0,1,0,TXN004656,1.4757086172777576
1793.3029125611215,14,6,grocery,0,5,1480.1355808843991,0,0,0,TXN006975,1.2107621582423431
1752.0315107195615,19,1,utility,0,3,1545.9438799516747,0,0,0,TXN004350,1.132575999314399
2082.9525157963435,16,4,transport,0,4,999.6875245021604,0,0,0,TXN000711,2.0815214188191336
800.0880727515934,15,0,food,0,5,1011.5394651428684,0,0,0,TXN006478,0.7901796426657816
1174.8251882044135,22,3,shopping,0,4,1487.3929198867324,0,1,0,TXN009129,0.7893246282667203
441.58380783719576,17,6,transport,0,4,3114.0843474163294,0,0,0,TXN008204,0.14175661349377205
2001.3556309465073,15,0,utility,0,5,2111.158482956194,0,0,0,TXN009203,0.9475404649301666
499.17848694609876,15,3,food,1,2,1521.679365826025,1,0,0,TXN000712,0.32782902175554457
751.5445929624733,16,0,transport,0,3,435.25424000436783,0,0,0,TXN009112,1.722721578488151
547.9563234829269,17,4,shopping,0,3,1549.36695555268,0,0,0,TXN001245,0.3534365341833473
5000.0,3,4,food,0,15,186.41147480388173,1,1,1,TXN009785,26.679262863879018
3155.9455190721883,16,6,grocery,0,2,626.0623988414502,0,0,0,TXN006848,5.032905058416929
417.6333063056417,8,3,food,1,5,5254.572684979099,0,0,0,TXN005133,0.0794648521367187
1393.9165868798782,21,2,food,0,2,1886.4198052041788,0,0,0,TXN000715,0.7385302321383058
1468.0039988588574,16,6,transport,1,4,936.8818471215621,0,0,0,TXN003463,1.5652334069203753
744.3499869048319,22,5,food,1,2,1461.7049969016593,0,0,0,TXN004394,0.5088859260626947
1801.2723697396214,10,0,grocery,0,5,864.2849868148779,0,0,0,TXN004568,2.081709953584335
797.0392826741868,22,6,grocery,0,3,552.2886475872358,0,0,0,TXN008803,1.4405487735016638
913.3112225986829,10,2,food,0,4,2427.63842798736,0,0,0,TXN008489,0.3760589522399817
2339.5973343572796,19,2,grocery,0,5,797.5077481646537,0,0,0,TXN007701,2.9299619693544297
856.3370392624138,17,0,shopping,0,3,1294.534481575512,0,0,0,TXN000212,0.6609913139641131
20885.880802254724,3,1,grocery,0,16,458.66533969583776,0,1,1,TXN009767,45.43714524152504
430.6910825994334,10,3,grocery,0,3,1077.7319221629205,0,0,0,TXN006838,0.39925682530639556
1099.9941237630178,11,4,grocery,0,3,5436.454957629299,0,0,0,TXN001010,0.20229944566614105
1456.577183295568,12,5,grocery,0,1,1211.7341072320423,0,0,0,TXN000323,1.2010688695975376
1051.246625785214,9,5,food,0,5,158.26424751482034,0,0,0,TXN005396,6.600644163326049
480.2048937231306,8,4,transport,0,3,73.13721946444001,0,0,0,TXN005990,6.477244455512138
458.15843235635776,10,1,food,0,5,354.24044127083374,0,0,0,TXN003172,1.2897136112018839
1363.3745621361832,8,0,grocery,0,3,1004.4389413941344,0,0,0,TXN000334,1.355999361080781
3032.595747701321,11,4,grocery,0,3,451.91862001126395,0,0,0,TXN008305,6.695674705592588
384.93644775393074,19,4,transport,1,3,1401.125716936248,0,0,0,TXN002210,0.2745377558547648
2269.0635254143695,22,0,food,0,2,436.2429181683377,0,0,0,TXN004271,5.189480334912558
688.8868166717342,10,3,food,0,4,557.5678614557326,0,0,0,TXN006740,1.233309082402926
1098.6032430385749,15,4,utility,0,4,345.7769830752676,0,0,0,TXN000233,3.16803968157288
2495.166769120786,10,6,transport,0,4,526.9778534454346,0,0,0,TXN005950,4.725892862433588
2754.670539500873,11,5,grocery,1,1,871.5228878090741,0,0,0,TXN005737,3.1571326987397623
798.9850504480253,18,1,transport,0,2,1148.2547964803305,0,1,0,TXN007921,0.6952201138467904
479.0569271272674,16,4,food,0,4,638.6837253271314,0,0,0,TXN002348,0.7488965377105379
493.63378859502893,9,6,grocery,0,3,1328.8496575540735,0,0,0,TXN002036,0.37119518420070513
209.77603054897614,14,1,utility,0,1,797.8931683074891,0,1,0,TXN007484,0.26258333262931927
2653.4727930159506,15,4,transport,0,3,754.0746435282358,0,0,0,TXN006006,3.5141860685681
566.7125069168318,21,2,grocery,0,5,469.89142952365927,0,0,0,TXN004553,1.2034886841964876
1528.9650865137742,18,4,utility,0,3,368.69731175599543,0,0,0,TXN008072,4.135721407471064
2844.121462129011,11,2,transport,0,1,2715.829992864049,0,0,0,TXN001458,1.0468529387555725
192.08107380339135,21,1,transport,1,2,1180.9665574662536,0,0,0,TXN003288,0.16250973649808656
10937.68149532494,17,6,grocery,1,3,448.0830317951215,0,0,0,TXN003064,24.35558843451221
706.8243812975452,18,2,transport,0,3,365.1236602034599,0,0,0,TXN009436,1.9305618787508931
356.42420012416693,19,4,food,0,1,1702.7086018420673,0,1,0,TXN000774,0.20920490730562574
302.36913756974224,15,1,food,0,3,506.0583781441118,0,0,0,TXN006832,0.5963201686489153
438.88830881311566,12,4,transport,0,3,1673.7055232214143,0,0,0,TXN000871,0.26206894449651247
3124.029744881839,9,1,transport,0,2,1884.144347689707,0,0,0,TXN008749,1.6571833073209583
1956.4948669698563,14,4,grocery,1,3,3154.13480128227,0,1,0,TXN001263,0.6200986614501296
2144.55461418218,10,6,transport,0,4,399.67373877026364,0,0,0,TXN004833,5.352371285336009
476.1161387384766,18,6,utility,0,3,998.4219847109111,0,0,0,TXN003894,0.4763915003092473
2337.242285409594,13,0,grocery,0,1,383.7745885988684,0,0,0,TXN006323,6.0743155984404
1481.7341097603646,8,2,transport,0,3,1628.9383309013826,0,0,0,TXN009212,0.9090737248573947
2803.464011874651,19,2,grocery,0,3,672.9796944916044,0,1,0,TXN007019,4.159567468852837
804.7165584184338,22,2,grocery,0,1,2162.3499961251196,0,0,0,TXN001220,0.3719770540410939
898.6893698580429,18,0,transport,0,5,3186.044842898292,0,0,0,TXN001446,0.2819820285430238
226.50604404229313,15,2,transport,0,4,2305.3889081340526,0,1,0,TXN003184,0.09820808764881905
2375.22592567317,21,6,food,0,4,2504.3883593295377,0,1,0,TXN000408,0.9480470031036624
1177.8203314422599,16,4,shopping,0,5,440.7919296768025,0,1,0,TXN004344,2.666006896739618
1268.533765112888,14,1,utility,0,4,1207.2689459039252,0,0,0,TXN003021,1.049876990891194
397.19153503467766,12,3,food,0,1,618.8614265700927,0,0,0,TXN002303,0.6407747248162796
151.51282957140418,21,2,grocery,0,3,382.9039529987653,0,0,0,TXN006271,0.39466337449224304
701.7277594408946,13,3,transport,1,3,690.397760929495,0,0,0,TXN008280,1.0149407462608966
622.2422006372412,19,2,food,0,1,2103.3393731336873,0,0,0,TXN006641,0.29569479551704925
121.94300194090009,13,1,utility,1,3,8281.731730926207,0,0,0,TXN006955,0.014722558438731898
1806.4348880690643,22,6,utility,0,3,1019.7971341256086,0,0,0,TXN002109,1.7696316218759909
6349.311048450213,22,1,transport,0,1,251.11969027456155,0,0,0,TXN005351,25.183717469808617
16869.636403461922,2,3,transport,1,14,136.8650953255422,1,1,1,TXN009683,122.36336081752589
50000.0,15,5,transport,0,3,1349.0626901827475,0,0,0,TXN008343,37.03531722162612
690.2705488436434,19,6,transport,0,4,1341.833783395314,0,0,0,TXN004549,0.5140402016832757
1094.181510250927,18,4,transport,0,5,4190.131865261798,0,1,0,TXN001880,0.26107064760239396
4206.7005752958585,13,4,utility,0,5,1199.1158415543966,0,0,0,TXN005945,3.505245435180088
206.20129156285844,10,4,grocery,0,5,2705.666091457712,0,1,0,TXN001737,0.07618275937827482
509.022878422966,17,6,food,0,1,185.8335023991299,0,0,0,TXN007793,2.724473244287565
968.3013688557813,12,6,shopping,0,2,2024.3489807848155,0,0,0,TXN005212,0.47809112308169627
913.6203576885695,14,3,grocery,1,4,3436.1539569804954,0,0,0,TXN003208,0.26580722572321885
1404.3548596415217,14,4,food,0,4,221.29018093917165,0,0,0,TXN007082,6.317664836602994
8172.033137888283,18,1,food,1,4,417.10108745321713,0,0,0,TXN002055,19.545591683740074
1003.0460531466775,17,3,grocery,0,5,1376.8050432047721,0,0,0,TXN001688,0.7280028898817166
328.8725115637636,11,1,grocery,0,5,2934.063377168981,0,0,0,TXN004779,0.1120495435028657
785.0857927464552,15,1,grocery,0,1,738.705661618586,0,0,0,TXN007475,1.06134890333078
3489.1797048995936,17,6,shopping,0,2,1477.857981659406,0,1,0,TXN007876,2.3593744282222646
2422.947798212777,14,5,shopping,1,3,617.7039601315281,0,0,0,TXN006749,3.9161666230448744
643.7425714685413,18,1,transport,0,3,174.99596025657078,0,0,0,TXN008555,3.6577122027691957
980.1800044506087,9,5,transport,0,5,3198.8608382732423,0,0,0,TXN008122,0.30631957262852355
1728.6146316269326,22,6,food,0,5,284.11018260536554,0,0,0,TXN006990,6.0629705183823255
1079.3713653679026,17,1,transport,1,5,712.9847444895597,0,0,0,TXN008266,1.5117569019483241
998.002874407596,21,1,food,0,1,1163.4819575802876,0,0,0,TXN008539,0.8570359273589575
1064.4315908443155,21,1,transport,0,4,2653.095198935704,0,0,0,TXN003392,0.40105252866255664
4050.5869247619426,10,5,transport,1,5,645.0369522565982,0,0,0,TXN006325,6.269899748943614
1579.9824226409219,22,3,grocery,0,3,1030.4566230321252,0,0,0,TXN003528,1.5317972538644629
1743.6276139481633,19,4,grocery,0,5,1281.743246393348,0,0,0,TXN004604,1.3592958831400364
3594.1081210887314,19,0,grocery,1,1,1029.75414983441,0,0,0,TXN007023,3.4868723270880086
5855.460593835742,15,0,food,0,4,524.7967148927131,0,0,0,TXN006321,11.136358269241995
284.40371040869917,21,1,grocery,0,4,180.48427733196874,0,0,0,TXN000745,1.5670983436679284
2044.572561836929,19,1,utility,1,2,427.4349447107173,0,0,0,TXN000710,4.772189073460011
1634.4214061108848,12,6,food,1,5,1242.0822165603568,0,0,0,TXN000379,1.314813601495623
2565.745267334217,12,2,transport,0,2,263.7940592051111,0,0,0,TXN008782,9.689587731070562
1096.8787747280155,12,5,shopping,0,1,436.04294361649414,1,0,0,TXN003011,2.509773446177702
1438.8251624322825,16,1,food,0,5,3955.311940997155,0,0,0,TXN008858,0.3636783913630528
99.66722679755107,22,2,grocery,0,5,1977.0019792177409,0,0,0,TXN007152,0.05038782966080115
2762.752319747488,21,6,transport,0,2,368.5306498715067,0,0,0,TXN008566,7.476382055745993
3566.225949474827,21,6,grocery,0,5,773.4610086627779,0,0,0,TXN003497,4.604784372078908
828.5832270515739,14,4,transport,0,1,896.734682378895,0,0,0,TXN003889,0.9229711665543794
2085.4024822030287,11,0,grocery,0,4,1508.9713957460747,0,0,0,TXN004484,1.3810874087271265
1204.8011856995572,13,3,grocery,0,1,1342.263306335322,0,0,0,TXN004011,0.8969210876358144
356.7678615623652,12,3,shopping,0,4,3668.842741625981,0,0,0,TXN002619,0.09721611706018053
300.3859400378785,13,3,food,0,2,474.7229044158915,0,0,0,TXN006670,0.631430476122865
316.2831128802046,20,6,grocery,0,2,257.6758240988317,0,1,0,TXN006512,1.222700706500361
392.9795695724054,18,3,transport,1,3,174.61784276912883,0,1,0,TXN003467,2.2376972827813697
2176.8178209891425,20,3,food,0,4,1057.9720577279172,0,0,0,TXN001313,2.055595145408865
10109.222391529076,14,1,grocery,0,4,310.3728650253026,0,0,0,TXN008605,32.466613269937916
749.4243482856174,12,5,transport,0,1,315.2345726724695,0,0,0,TXN002069,2.3698368649332067
287.8172741187007,18,6,food,0,5,266.1593523234231,0,0,0,TXN002982,1.0773243444993426
965.6910611073038,15,2,transport,0,2,1035.07687934234,0,0,0,TXN005914,0.9320650623149566
203.04543199213353,12,6,food,0,3,2610.3995120503096,0,1,0,TXN009170,0.07775349235349853
1373.691172154722,15,0,utility,0,5,1919.3342776276302,0,0,0,TXN001285,0.7153396094412126
4431.962850227831,11,0,grocery,1,3,1299.0283296788025,0,0,0,TXN008990,3.409127900561086
596.5582188779831,9,6,food,0,5,2433.0078981423953,0,0,0,TXN008429,0.24509296758374077
2141.1218727808273,8,1,utility,0,3,618.0793255641754,0,1,0,TXN001349,3.4585581917625725
7074.1284375724435,8,1,transport,0,2,4623.514941311556,0,0,0,TXN002611,1.5297017151740793
604.6051587180776,17,2,grocery,0,4,2360.062716321193,0,0,0,TXN009494,0.2560733158584292
984.3842452672233,8,4,grocery,1,2,3394.671968990946,0,0,0,TXN003668,0.2898937984165007
1390.9353700532129,16,2,transport,0,3,528.5496409458996,0,0,0,TXN002221,2.626638302631415
1263.9283827363097,21,3,utility,0,5,995.8879891625033,0,0,0,TXN000427,1.2678740204284635
239.87242041087006,19,2,shopping,1,2,863.3174606071534,0,0,0,TXN000653,0.2775281437012367
29700.98752074338,3,4,utility,0,10,466.2269952773564,0,1,1,TXN009913,63.568646120526935
409.547902667612,9,0,utility,0,5,2065.8284134541855,0,0,0,TXN003535,0.19815283165338113
10475.059994460842,21,1,food,0,4,5726.31994599286,0,0,0,TXN007736,1.8289636502304634
1019.4622568759097,10,0,food,0,5,1657.9701946400155,0,0,0,TXN003245,0.6145151131525456
369.94850161051573,18,5,food,0,4,1009.5134538556298,0,1,0,TXN004740,0.3660995310838975
2079.8604540233505,8,5,transport,0,1,1307.417569536283,0,0,0,TXN009068,1.5895999124809024
972.1426822255851,8,6,utility,1,3,823.7357512079963,0,0,0,TXN004099,1.178732316140874
171.41143390080163,17,6,transport,0,1,528.0641477805927,0,0,0,TXN004100,0.3239898878422723
578.1130885885847,22,2,transport,0,1,733.7564692008393,0,0,0,TXN006959,0.7868091167912704
158.84594632116688,19,5,transport,0,4,606.9576465164384,0,0,0,TXN000611,0.26127798084512105
5452.6993971657,13,4,shopping,1,4,483.1485837835263,0,0,0,TXN004288,11.262450371235051
427.95700662151444,13,2,grocery,0,3,264.3146007829607,0,0,0,TXN008570,1.6130171704029306
200000.0,0,3,shopping,1,16,360.5019300201287,1,0,1,TXN009712,553.2473920370601
176.6803211351083,11,4,shopping,0,2,825.3386050093195,0,0,0,TXN001543,0.21381104557388517
7139.1860418878405,5,6,grocery,1,12,433.6185241719948,1,1,1,TXN009535,16.426327100274715
4314.691481819422,22,0,grocery,0,4,1418.2744888225084,0,0,0,TXN003853,3.040068370001547
640.3542066688916,21,0,food,0,4,431.9301581155274,0,0,0,TXN000554,1.4791166534949804
4995.773159540368,16,1,transport,0,3,252.33045162107663,0,0,0,TXN006365,19.720381531600797
1687.5329660803511,14,0,food,0,4,1358.7485159966127,0,0,0,TXN000511,1.241062554014624
1132.5928160446706,20,6,grocery,0,2,517.573985049642,0,0,0,TXN003206,2.184052514582369
285.7202917502179,18,6,utility,0,2,2168.1604827248084,0,0,0,TXN008084,0.13171929602521065
4453.743896728201,12,4,food,0,1,1660.2536603269073,0,0,0,TXN000967,2.6809535491718814
3331.3910057700136,10,6,shopping,1,4,1035.935240000015,0,0,0,TXN006043,3.2127281215459176
2573.7268520738917,11,0,transport,0,3,706.8184102939648,0,0,0,TXN006879,3.6361400249606315
1828.7999304714638,12,6,transport,0,5,2188.15802336858,0,0,0,TXN006775,0.8353896388244221
830.3772666347678,8,0,utility,0,1,428.58236596241915,0,0,0,TXN003295,1.9329873207770616
1730.158669708441,20,3,food,0,5,242.67616577579386,0,1,0,TXN008701,7.1002375804794875
889.8759247631107,16,3,shopping,1,1,1250.5016300182758,0,0,0,TXN003429,0.7110465567273099
2513.1034096220733,21,6,grocery,1,1,1792.8524901516698,0,0,0,TXN008870,1.4009532129420468
1263.2953625588766,22,4,food,0,5,1929.5544168952451,0,0,0,TXN006962,0.6543692068470841
139.88763823179468,20,5,shopping,0,2,2373.6038936870664,0,0,0,TXN002088,0.058909883287772274
1929.8551303457139,12,4,transport,0,1,608.6393055932172,0,0,0,TXN008499,3.1655687430912023
5211.5261403799905,11,3,grocery,0,2,943.1922061162111,0,0,0,TXN006162,5.519560643077958
3550.209164222384,10,5,grocery,0,2,2059.567495931441,0,0,0,TXN003210,1.722927868770238
5345.104856589198,22,5,transport,0,4,2347.387848377386,0,0,0,TXN009200,2.276074141791522
10696.682504111057,9,0,grocery,0,2,4876.546945438839,0,0,0,TXN006605,2.1930455255000445
508.38223205900886,10,3,grocery,1,4,260.78166702146996,0,0,0,TXN001109,1.942008536515714
610.156175890236,10,5,utility,0,1,851.0119828853366,0,0,0,TXN005728,0.7161356743175649
2400.5858871965693,9,5,utility,0,1,1782.6537528745287,0,0,0,TXN007829,1.345881106872786
1528.560101932929,8,4,transport,0,3,115.73524500399908,0,0,0,TXN001038,13.094246745107393
1059.3764509076261,8,4,shopping,0,3,693.8587043180352,0,0,0,TXN001194,1.5245926176420928
564.9073167205801,18,6,grocery,0,5,1322.4806385368738,0,0,0,TXN004474,0.42683459075388736
11466.966830806521,1,2,shopping,1,7,258.77648992503737,0,1,1,TXN009874,44.141665144969416
1315.7611884990301,22,0,food,0,2,6998.323330426013,0,0,0,TXN002122,0.18798405594144005
436.87249702141685,17,6,utility,0,5,670.8586240173794,0,0,0,TXN004982,0.6502446815509151
3513.879044238379,9,2,grocery,1,3,1401.0341820098013,0,0,0,TXN008973,2.5062720219854198
1295.9089545610102,12,3,utility,0,4,311.9551074559076,0,0,0,TXN005700,4.14087811218608
822.089884466519,10,0,utility,0,3,1787.8331680027406,0,0,0,TXN000934,0.45956766632653334
1159.3677863563973,18,5,grocery,0,5,451.14600242321984,0,0,0,TXN006101,2.564144723480714
442.2755168806183,22,3,food,0,1,2610.767817478406,0,0,0,TXN004689,0.16933952318457765
158.31235950156554,13,1,utility,0,5,1612.090170536675,0,0,0,TXN000394,0.0981422876372094
7496.747660972419,13,2,grocery,0,2,772.2080205733901,0,1,0,TXN004685,9.695641355883808
929.0467814597863,22,6,transport,1,5,1574.8234634626376,0,0,0,TXN008776,0.5895627289482949
2069.294224167072,20,1,grocery,0,5,1198.9367536705686,0,0,0,TXN009165,1.7245027438630967
9048.39481176382,17,4,grocery,0,1,717.6938147299926,0,0,0,TXN005980,12.590055217273893
7272.527350585462,3,2,shopping,1,18,468.19039508221226,1,1,1,TXN009942,15.500162464560168
810.9460317637852,21,5,grocery,0,2,1035.7305308180316,0,1,0,TXN002191,0.7822148645742194
2690.966688109542,9,6,transport,0,1,3181.7439195867864,0,0,0,TXN001297,0.8454863966746368
572.0385275290648,17,0,utility,0,2,326.21185624435554,0,0,0,TXN005044,1.748220660750989
2431.9054543261323,13,4,utility,0,1,1728.2974968977744,0,0,0,TXN001162,1.4062967526922245
602.2329285334404,10,2,food,0,4,336.5341746860229,0,0,0,TXN004254,1.7842131958745882
4718.097825069172,22,2,grocery,1,4,1373.7371848765295,0,0,0,TXN006372,3.431999859298869
3202.478671804364,12,2,transport,0,3,493.0321367463282,0,0,0,TXN001527,6.482328645451556
2363.5917369752483,20,5,utility,0,5,1655.1341134259,0,1,0,TXN004342,1.4271741145926233
2463.3035341986765,10,3,transport,0,2,1780.5133106404508,0,0,0,TXN002030,1.382702851270375
707.3832744415715,12,1,transport,0,4,916.6723337438789,0,1,0,TXN003060,0.770845157285739
460.36726701092357,8,4,grocery,0,3,698.4881474670992,0,0,0,TXN000058,0.6581487744688014
311.6046916831351,17,1,food,1,4,5727.917194533441,0,0,0,TXN002405,0.054391550986366104
1091.1190825407004,19,1,food,0,1,497.79575594148105,0,0,0,TXN005006,2.1875067490925306
3459.9682650277136,18,6,utility,0,3,772.1348231097156,0,0,0,TXN006157,4.475245664282682
765.2170654155617,9,5,grocery,0,2,1977.8367365964145,0,0,0,TXN007375,0.38670045449617524
2019.165971643212,19,4,utility,1,3,3759.4698749542617,0,0,0,TXN004506,0.5369451262171782
1286.1302693681278,13,4,utility,0,4,1035.5394680890813,1,0,0,TXN005214,1.240792375942212
1932.5735376109437,9,5,utility,0,3,4174.016963720337,1,0,0,TXN006029,0.4628899844969341
3441.167371320594,8,1,transport,0,4,1502.4115833047558,0,0,0,TXN001780,2.2889057191885667
413.98617180396565,17,1,transport,1,1,329.1271873953207,0,0,0,TXN005447,1.254020231021523
953.0656337486181,20,0,grocery,0,1,629.1281393677671,0,1,0,TXN004606,1.5124949580967249
703.1150049589783,12,0,grocery,1,1,1651.8636522946838,0,0,0,TXN006914,0.4253920182604525
5432.19108798612,9,2,transport,0,3,2240.361999878795,0,0,0,TXN000676,2.423611664818032
1881.7376309976898,13,6,utility,0,1,1796.6481382683899,0,0,0,TXN003582,1.0467775038614067
92.06491088589208,10,5,utility,0,2,1221.9493208299962,0,0,0,TXN003653,0.0752810515675409
2258.5894707777384,17,6,grocery,0,1,176.27162546020259,0,0,0,TXN007920,12.740840306023994
1472.8207742722113,11,0,food,1,4,5348.028087600381,0,0,0,TXN009499,0.27534362320631056
448.6233041785504,8,3,grocery,0,3,6454.470551790399,0,0,0,TXN002732,0.06949505858316192
265.6979780325074,21,4,food,0,3,1695.4364095844073,0,0,0,TXN004787,0.15662124234742053
1151.8155681024946,21,1,utility,0,1,574.9455937283872,0,0,0,TXN002754,1.9998687039972123
3528.331461103225,13,6,grocery,0,1,1239.208684318683,0,0,0,TXN002337,2.844949810234185
4213.729594182162,14,4,grocery,1,1,3145.3574507853423,0,0,0,TXN003643,1.3392405853729048
1287.817947130422,11,6,utility,0,1,702.5006233034317,0,0,0,TXN007737,1.8305853676194461
192.08655125273708,20,3,food,0,4,2142.774266755241,0,0,0,TXN005516,0.08960204170352044
7883.915138455074,19,2,utility,0,4,173.73026927631557,0,1,0,TXN005246,45.120488688697556
1936.5137822317909,10,1,grocery,0,3,2963.0414248377288,0,0,0,TXN000866,0.6533355998348803
257.0028235487776,19,4,food,0,2,1141.6535675317489,0,0,0,TXN004447,0.22491753480797383
1432.4424832325556,19,6,utility,0,4,1045.8823687358233,0,0,0,TXN005071,1.3682936364305385
11783.626749379098,15,0,transport,0,2,241.9652230707544,0,0,0,TXN004881,48.499232114167896
27703.989566942495,3,6,shopping,1,14,504.4957596801337,1,1,1,TXN009510,54.8055825126465
2386.862562666637,11,3,grocery,0,1,2085.1055892989175,0,0,0,TXN003002,1.1441715006711601
812.7719686179491,15,1,transport,0,1,469.4757293009578,0,0,0,TXN002225,1.7275534485606343
4808.709037186217,20,2,transport,0,4,1448.1401934397982,0,0,0,TXN009056,3.318318723719801
331.45264602949624,18,4,utility,0,1,1206.4189708406184,0,0,0,TXN004826,0.2745133661422723
1269.8227307787463,16,6,transport,0,3,246.41365999098437,0,0,0,TXN007621,5.132387317761752
6866.076150845289,1,5,shopping,1,7,233.5698730768575,1,1,1,TXN009689,29.27092068893092
1109.5794733902342,15,3,food,1,3,473.5242641019333,0,0,0,TXN005500,2.338298707422649
36133.25424133215,3,1,grocery,1,15,498.955435933786,1,1,1,TXN009700,72.27295003572604
198.8943949913539,17,4,grocery,0,1,603.2031160911425,0,1,0,TXN008478,0.32918465611049774
218.98368561103433,11,5,grocery,0,2,845.0262608462488,0,0,0,TXN005502,0.2588379294420401
980.5884943901406,14,4,grocery,0,1,585.2773507815662,0,0,0,TXN001210,1.6725675878198576
2651.6166924566087,19,2,grocery,1,2,597.7070658006094,0,0,0,TXN009083,4.428904958572329
229.29883440097973,15,0,food,0,1,325.24122762738034,0,0,0,TXN002288,0.7028505749214372
504.91678754646176,12,4,food,1,5,581.0804464593014,0,0,0,TXN002183,0.8674347173449765
1401.4907109337607,22,0,utility,0,4,1166.204080758547,0,0,0,TXN002862,1.200724649645634
1363.0955009077509,21,5,grocery,0,2,1558.3119297493013,0,0,0,TXN006861,0.8741647356772951
1864.5995372252385,12,3,transport,0,4,848.468521294146,0,1,0,TXN002362,2.195018991856889
1276.6768600368557,20,6,shopping,0,3,1536.1412242639642,0,0,0,TXN008463,0.8305527428998414
1122.5802678381567,16,3,grocery,0,4,527.5428823205123,0,0,0,TXN006332,2.1239152117791944
3195.3355607138146,20,4,transport,0,4,1825.260725369608,0,0,0,TXN004064,1.7496601204448101
6942.444460048211,5,3,utility,1,16,289.01664377108756,1,1,1,TXN009546,23.938089792970427
1539.1350683041185,12,5,utility,0,1,507.1848901915542,0,0,0,TXN000617,3.028691127994695
214.63359710262154,10,0,grocery,0,1,953.7149462898942,0,0,0,TXN003281,0.22481432592702824
2476.8199091588513,16,5,grocery,0,1,1144.3413680050614,0,0,0,TXN005226,2.162516764301406
551.2650374305467,20,6,food,0,3,907.9006863277938,0,0,0,TXN003397,0.6065184521510348
259.4744539181243,12,3,food,0,5,1682.5747741639605,0,0,0,TXN003065,0.15412113432679322
2531.289505805705,19,5,shopping,0,3,7758.89104941886,0,0,0,TXN000766,0.3262016811428395
2165.24146569824,16,2,transport,0,5,610.8648590501648,0,0,0,TXN007078,3.5387576744634046
1005.109337054382,13,5,transport,0,1,1898.9917089495739,0,0,0,TXN005279,0.5290072226736531
2939.3636264496704,19,2,transport,0,5,1217.4095164761814,0,0,0,TXN004149,2.4124595111098115
1411.1988272675474,12,0,shopping,0,2,1058.827557952742,0,0,0,TXN001144,1.3315362642518427
1479.9963109640019,16,6,transport,1,2,664.4805328923284,0,0,0,TXN004248,2.2239513221094604
2128.7141293481595,16,4,grocery,0,2,1569.91746803595,0,0,0,TXN004110,1.3550769996908867
502.6309075847736,19,3,food,0,4,3196.291566095015,0,0,0,TXN000462,0.15720521484959774
1503.457810114184,9,0,grocery,0,2,4671.995600566927,0,0,0,TXN002932,0.3217331961390643
807.2267218894552,18,6,utility,0,1,2117.5958991416223,0,0,0,TXN004623,0.38101967544471976
296.2832341703629,17,4,utility,0,3,647.8693775479549,0,0,0,TXN003813,0.4566146044524439
5354.428064166978,15,2,grocery,0,3,1489.0459860050926,0,0,0,TXN006308,3.5934649765558837
413.42125639119183,8,3,food,0,3,2978.8153879524657,0,0,0,TXN004341,0.13874056025842188
5403.28288254963,19,2,food,0,1,792.9278633360741,0,0,0,TXN005300,6.805760487917767
784.6413036235057,14,1,shopping,0,2,1193.789640262597,0,0,0,TXN006804,0.6567192057767199
522.6109633634228,20,0,grocery,1,3,7289.472662064036,0,0,0,TXN003282,0.07168409890387878
2745.6364851521184,11,4,transport,0,3,1877.0801877285292,0,0,0,TXN002574,1.4619378358241815
2382.9330285462834,12,5,food,1,1,613.4285859267051,0,0,0,TXN007961,3.8782912825454745
354.4312607605853,8,2,food,0,4,681.0146395773298,0,0,0,TXN007879,0.5196827754023575
1160.3890879030314,19,6,grocery,0,3,807.0057207026516,0,0,0,TXN000828,1.4361149409857432
1224.5582346460942,22,3,transport,1,5,687.9536166722984,0,0,0,TXN006486,1.7774175285715306
302.9387095788361,12,2,shopping,0,2,2659.3488391574365,0,1,0,TXN007599,0.11387179948731097
1240.8218258376073,17,0,utility,0,1,767.4292169533137,0,0,0,TXN002540,1.6147509731049101
15143.180540650716,18,5,grocery,0,4,1013.4583290037681,0,0,0,TXN005746,14.927355917637174
1533.6738120255925,14,2,grocery,0,3,1543.938269865761,0,0,0,TXN008526,0.9927087974582005
22002.75644575473,4,0,food,0,17,583.2082240458797,1,0,1,TXN009566,37.662524319457006
769.9668370226195,19,2,grocery,0,3,301.64519850350536,0,0,0,TXN003742,2.5441237489637607
452.99942626999444,11,3,food,0,4,325.51919674882583,0,0,0,TXN007498,1.3873592449710186
1241.8731483593572,10,5,utility,0,4,1258.121528229986,0,0,0,TXN003524,0.9863012588666672
2937.7513226811034,17,3,transport,0,1,310.9378495040394,0,0,0,TXN000020,9.417745641806322
449.0915177623075,18,0,grocery,0,5,1221.7570649565282,0,0,0,TXN001915,0.36727779428391505
888.7752539160155,8,5,shopping,0,3,532.7005594678088,0,0,0,TXN006571,1.665306955649957
949.0042079357083,8,1,shopping,0,5,1039.2350367133333,0,0,0,TXN009018,0.9122978696565801
2919.7688882984135,21,4,grocery,0,3,1624.7105134517087,0,0,0,TXN002012,1.795995574943512
186.8843102514582,21,1,grocery,0,2,690.2813929102163,0,0,0,TXN005405,0.2703447715621224
178.45759752504372,11,2,food,0,4,624.9933961237572,0,0,0,TXN001295,0.2850790417759665
1012.9517375052319,11,6,food,0,5,964.8833932318357,1,0,0,TXN003745,1.048730876421745
2555.79464335891,17,3,grocery,0,3,793.315488803417,0,0,0,TXN000591,3.21760645409174
2284.965799470335,20,0,grocery,0,1,1178.8530406781815,0,0,0,TXN001406,1.9366528886995389
4620.0887837160935,16,4,transport,1,3,1762.788623262554,0,0,0,TXN000221,2.6194118290490622
1031.3603726026029,11,5,grocery,0,2,564.4548284644096,0,0,0,TXN005617,1.8239482991124867
10100.314672174669,18,4,transport,0,3,1773.9366283894412,0,0,0,TXN006248,5.690521289957032
1947.664713640122,13,5,transport,0,5,980.7405167682797,0,0,0,TXN004418,1.9838895108979488
623.7253624958548,16,2,shopping,0,5,2017.8303757065312,0,0,0,TXN000858,0.30895382296671126
2212.8362078045484,17,1,grocery,1,5,4127.889026079625,0,0,0,TXN001783,0.5359398602935167
1371.4165386291863,14,4,transport,0,4,4082.6506096196954,0,0,0,TXN007259,0.33583101732518306
1144.9605153154112,17,2,grocery,0,1,1107.8347513911672,0,0,0,TXN006856,1.0325799348179878
2387.0119458642102,22,5,grocery,1,3,1421.1792065777345,0,0,0,TXN001954,1.6784185388339379
1609.1397764606425,8,2,transport,0,2,1636.0764995082686,0,0,0,TXN001746,0.9829349923134212
786.9944751302361,21,2,food,0,4,1585.414775005838,0,0,0,TXN003132,0.49608367718797874
3367.582786393993,12,1,transport,0,1,1013.8408185661428,0,0,0,TXN008036,3.3183359644047554
84.13434631042644,21,0,transport,0,2,4811.312903127598,0,0,0,TXN008850,0.017483141267839463
408.49392290220305,13,3,grocery,0,2,340.92929253817834,0,0,0,TXN000994,1.1946736703074141
694.6243628055043,10,5,transport,0,4,547.6774833771466,0,0,0,TXN006108,1.2659975738935831
1103.653745105881,10,3,shopping,1,4,1721.3098212883463,0,0,0,TXN000730,0.640798613271746
465.36759776475606,16,3,food,0,1,2841.9933283220766,0,0,0,TXN006974,0.163689303498793
1926.4032666139485,16,2,food,0,4,874.755279935719,0,0,0,TXN006273,2.199704998359071
1267.4540611218104,16,2,grocery,0,1,2241.156299765684,0,0,0,TXN006751,0.5652835447975975
1013.7475655852527,8,5,food,0,1,1688.791669028964,0,0,0,TXN003509,0.5999245848855446
2952.9703097980105,12,3,shopping,0,1,236.72499719987226,0,0,0,TXN003533,12.421791332761018
688.1790298776327,15,4,transport,0,4,4225.623549060405,0,0,0,TXN002513,0.16282004344357037
2879.1902902472852,11,3,grocery,0,4,2055.027158133883,0,0,0,TXN005436,1.4003658846902256
2696.099496923613,11,3,food,0,1,3585.1943014684657,0,1,0,TXN003625,0.7517996154920052
692.0742429935036,13,4,utility,0,2,1208.9226141220997,0,0,0,TXN000465,0.5719987666282785
794.2921095696593,14,5,transport,0,4,2133.8199984537487,0,0,0,TXN006755,0.3720651437334134
1243.3424078395394,12,4,food,0,5,2761.703704844774,0,0,0,TXN006759,0.45004551362463174
1423.2612353792215,11,1,food,0,3,2746.7787925533603,0,0,0,TXN007991,0.5179679089293293
129.56726294357264,19,0,food,0,4,284.9721772110036,0,0,0,TXN000157,0.4530764643162187
1975.222205736705,16,6,utility,1,5,6804.242760717715,0,0,0,TXN003960,0.2902500726555107
215.0328830647264,18,4,grocery,0,2,318.45228911279895,0,0,0,TXN008832,0.6731298863499396
909.5279512918227,18,0,transport,0,4,1148.5201172009042,0,0,0,TXN005470,0.7912240400859921
2703.415898454845,17,4,utility,0,4,1673.4589385866327,0,1,0,TXN000185,1.6145011598413563
7296.489434684187,21,5,shopping,0,1,1064.7042192577885,0,0,0,TXN001002,6.846636527127423
16026.424455114093,4,3,food,1,8,304.6012189418109,1,1,1,TXN009508,52.44227922456573
1069.8806261806146,19,1,transport,0,5,189.81073172569165,0,0,0,TXN005623,5.6070254356482865
247.6801748888949,9,5,grocery,0,3,1521.0448181498332,0,0,0,TXN000400,0.1627285687881188
1020.1524340764753,21,6,transport,0,1,4683.557067604307,0,0,0,TXN006240,0.2177692403687983
58.33658069543403,14,0,transport,0,2,788.8394019096006,0,0,0,TXN008940,0.0738587876907549
35817.34672810538,2,1,shopping,0,6,427.60908701522436,1,1,1,TXN009932,83.56646607175908
4373.960097576463,18,6,grocery,0,3,290.2892623458593,0,0,0,TXN007342,15.015864513340993
21663.595220241772,1,1,shopping,1,9,339.9770454298015,1,0,1,TXN009832,63.53388156359563
740.3744777660633,14,5,shopping,0,2,741.4093666016811,0,0,0,TXN008466,0.9972590744040146
345.33120046453143,11,4,grocery,0,3,1653.8085180795663,0,0,0,TXN008756,0.20868348010759227
536.1723083656017,10,0,transport,1,5,2595.582260206735,0,0,0,TXN007958,0.2064915549114599
2646.6823397638386,19,6,utility,0,1,1302.4617176159722,0,0,0,TXN001250,2.030502548708997
890.5103648394426,16,1,utility,0,4,1173.4024218764525,0,1,0,TXN003143,0.7582667987150358
12531.304144393413,12,5,utility,0,2,806.1543641320652,0,0,0,TXN007430,15.525288223979747
885.7252117910976,12,6,transport,0,4,2880.1696262462406,0,0,0,TXN000059,0.30741862739441456
729.4854491523786,14,2,grocery,0,4,490.11852842959684,1,0,0,TXN007855,1.4853551778732215
928.1424835435184,16,5,utility,0,4,4591.8102892030965,0,0,0,TXN001113,0.2020859615572237
840.5662786259153,9,5,grocery,1,5,1219.387946765576,0,0,0,TXN003057,0.6887697316690882
45399.012484066065,2,0,food,0,12,537.0284952641417,1,0,1,TXN009569,84.38031235088711
1837.9326658662035,17,5,food,0,3,1376.469227619632,0,0,0,TXN001328,1.3342821959386244
637.3399113828577,21,2,grocery,0,1,2337.791714048668,0,0,0,TXN004995,0.2725081962427353
911.1741887454732,20,2,utility,0,3,1340.6611157803472,0,0,0,TXN006682,0.6791388511066068
672.2200656137169,11,5,shopping,1,4,2069.6877438518145,0,0,0,TXN002072,0.3246361348347379
5442.493803742916,12,3,transport,0,3,1711.1204905294892,0,0,0,TXN004793,3.1788030304221015
537.1554526490598,14,2,transport,1,3,1733.627293108484,0,1,0,TXN006829,0.30966620598161315
107032.37375630575,4,0,shopping,1,17,630.6701992805382,0,0,1,TXN009629,169.4434435536358
575.6456601936882,12,0,utility,0,4,680.9790057363596,0,0,0,TXN008218,0.8440812038959189
2379.8039517880347,8,4,grocery,1,4,1150.8212621361638,0,0,0,TXN007567,2.066122609487568
587.6665829729366,10,0,grocery,0,3,777.2809652169371,0,0,0,TXN005922,0.7550828161512739
1672.9181863831877,22,6,utility,0,5,431.26759788584303,0,0,0,TXN001550,3.8700985097314335
1985.3280268569192,15,5,food,0,3,1034.825420409466,0,0,0,TXN001009,1.9166627770846858
2039.5834995358289,10,6,shopping,0,4,4319.581610401422,0,0,0,TXN003755,0.4720622553745334
1818.6765734455957,20,1,transport,0,2,865.4375950205847,0,0,0,TXN008681,2.099027770606362
244.10806541975757,20,2,grocery,1,1,4236.862980455013,0,1,0,TXN009342,0.057601688998814224
2491.3420288283833,8,1,transport,1,2,2279.8882269193873,0,0,0,TXN008009,1.0922683538040963
4144.486782957526,20,4,grocery,1,2,241.57704780259283,0,0,0,TXN003860,17.08523877465223
762.9132833720383,19,4,transport,0,2,1372.0603491638713,0,1,0,TXN003148,0.555629826348577
6598.019771620742,18,4,food,0,5,2567.856111995018,0,0,0,TXN002519,2.568466073600598
536.9786072663743,9,1,utility,0,3,3052.659387746646,0,0,0,TXN003127,0.17584757796534115
325.20533666531145,12,4,shopping,0,2,2738.2902274681196,0,0,0,TXN009084,0.11871883212823832
1207.5842110729789,12,0,transport,0,5,7413.157483747554,0,1,0,TXN005316,0.16287544656558797
2712.7484835651676,21,2,transport,0,5,598.6844771156359,0,0,0,TXN001195,4.523626318648355
3920.8339137785233,20,5,shopping,0,4,2781.893921154314,0,0,0,TXN009050,1.4089052708671714
1381.2052258617498,11,5,shopping,0,4,3265.672414582583,0,0,0,TXN000879,0.42281718230943
155.75081509203244,8,5,grocery,0,2,1416.5316883859396,0,0,0,TXN006989,0.10987466196919858
185.67869858679595,20,4,transport,0,4,2739.3270962246575,0,1,0,TXN002487,0.067757859579101
698.7267307742278,13,5,transport,1,4,307.15229691652297,0,0,0,TXN002840,2.267472083660988
1240.188512838334,20,4,grocery,0,4,3009.9287953582075,0,0,0,TXN004329,0.4118956631423062
718.7431808601029,16,2,transport,0,3,1085.2390989032995,0,0,0,TXN002930,0.6616804546860523
9397.87803631868,14,0,food,1,5,963.5521119255345,0,0,0,TXN006424,9.743255880242389
740.4615896812379,22,0,transport,1,1,2359.991161889753,0,0,0,TXN002485,0.31362319420483026
926.3277007692275,22,2,transport,0,1,2178.859079967079,0,0,0,TXN005747,0.42494843326441867
3800.4036465832987,9,1,grocery,0,2,1010.8088215682662,0,0,0,TXN000883,3.7560491325750784
4974.439346848608,10,6,utility,0,2,5146.735853270686,0,0,0,TXN004914,0.9663353926149937
588.3190595378682,15,5,shopping,0,1,1742.9054646725338,0,1,0,TXN006210,0.3373571970819767
36237.97879945,3,0,transport,1,17,269.65882329766754,1,1,1,TXN009578,133.88803792882774
289.1229388268918,18,4,transport,0,3,543.9078069585876,0,0,0,TXN000211,0.5305905607053724
5363.653271593649,17,1,shopping,0,2,217.92775819482938,0,0,0,TXN002275,24.49964918025789
1849.222882749507,17,6,transport,0,4,5770.850749911303,0,0,0,TXN002328,0.3203864692408972
901.8126227306477,13,0,grocery,0,2,2807.121994708907,0,0,0,TXN004950,0.32114438917890764
6035.188433634784,19,3,utility,0,5,695.9308344491192,0,0,0,TXN003319,8.659666261437877
20331.73747900542,1,5,grocery,1,18,564.5870109937815,1,0,1,TXN009834,35.94802759575566
8248.663356371966,10,6,shopping,0,5,2336.7158689498874,0,0,0,TXN004607,3.528514079034465
1765.9254508605227,11,4,grocery,0,5,3345.7581692591093,0,0,0,TXN001438,0.5276525406230518
749.9174649269097,21,2,food,0,1,682.0310115427078,0,0,0,TXN000467,1.0979259393114975
1770.474066862052,19,6,grocery,0,3,2351.781436675806,0,0,0,TXN005466,0.7525025653736526
604.6769220811234,18,2,utility,1,1,347.84552853944035,0,0,0,TXN003329,1.7333658384924915
1159.097439421845,13,5,utility,0,1,278.3351770456594,0,0,0,TXN005828,4.149486118006476
2403.9985379816108,11,1,grocery,0,3,288.69866077060146,0,0,0,TXN008607,8.298272872877456
2087.387896531202,12,0,grocery,0,2,2643.787791943624,0,0,0,TXN000696,0.7892458906872089
7984.253237973615,13,2,grocery,1,3,843.4095284276996,0,0,0,TXN007267,9.455427691395652
5504.70758174119,19,4,shopping,0,1,435.1847262429416,0,0,0,TXN009144,12.620129157560724
507.64024465608816,8,6,food,1,1,1091.0942645007617,0,0,0,TXN008180,0.46483189332392477
79743.940232924,0,5,shopping,1,7,297.9950342864089,1,1,1,TXN009938,266.7065706400223
1499.4679909677652,14,3,utility,1,5,713.6150219562777,0,0,0,TXN001314,2.098287812174633
1813.8961584696415,16,6,grocery,0,4,2406.9184447750313,0,0,0,TXN002301,0.7533046488371044
811.1233933799924,11,6,grocery,0,1,4540.874134046794,0,0,0,TXN002039,0.17858781847335878
849.6239718639488,21,1,food,0,4,3401.6855882093596,0,0,0,TXN007108,0.24969217691107853
307.8189404442496,20,3,transport,0,1,1157.8780558290825,0,0,0,TXN003666,0.26561805954987244
615.1018733304522,16,4,grocery,0,2,1194.8583148069329,0,0,0,TXN000914,0.5143601593218493
1362.6790592401583,20,4,grocery,0,2,1273.6904480038443,0,0,0,TXN000012,1.0690274343658128
3213.515373968407,11,5,transport,0,1,1267.5648343327923,0,0,0,TXN008583,2.5331897014617866
134.5334055666475,19,3,grocery,0,1,847.9008012258585,0,0,0,TXN006427,0.15847953656348776
1133.4522095252128,10,6,grocery,1,3,371.31331732597994,0,0,0,TXN001536,3.044350434912903
2735.520928625037,13,2,transport,0,1,1468.3057497350371,0,0,0,TXN000736,1.8617778696628247
1658.4652380306086,14,5,shopping,0,3,2094.5890660082273,0,1,0,TXN008201,0.7914076595130018
671.6981739850195,11,5,utility,0,4,933.0313624979705,0,0,0,TXN008652,0.719138779439517
273.20429722683775,21,5,grocery,1,5,1295.032230052957,0,0,0,TXN000453,0.21080054252638022
983.5331809992582,13,4,grocery,0,4,2802.637976702245,0,0,0,TXN004345,0.35080605597878606
443.2805151225815,16,0,grocery,0,1,4432.37593724168,0,0,0,TXN000927,0.0999871252511868
1704.0392726249108,13,0,grocery,0,1,649.0370874967562,0,0,0,TXN006291,2.6214493071265172
1010.5634483814907,22,4,transport,1,3,447.3034799642615,0,0,0,TXN008281,2.254194967351251
1269.31831946721,11,1,grocery,0,3,534.618025069114,0,0,0,TXN008722,2.369820021093245
576.4275097798972,22,3,transport,0,3,1003.2708708020584,0,1,0,TXN006473,0.5739761318771844
131.6191842022691,9,3,food,0,2,3093.8944628936024,0,1,0,TXN000037,0.04252784247744928
682.9875414252632,17,0,transport,1,4,1847.8462680025277,0,1,0,TXN005770,0.36941283504504413
363.41599583291304,9,5,transport,0,4,2824.0265802608787,0,0,0,TXN002554,0.12864162000180301
562.7527969570802,12,6,utility,0,3,1429.3280311526175,0,0,0,TXN007632,0.3934431715664488
41797.4241974387,2,1,transport,1,5,1179.5042724700281,1,0,1,TXN009998,35.40641501447839
75.1897947801224,9,5,transport,0,1,756.0052502029891,0,1,0,TXN006620,0.09932532800791069
494.8946275018341,12,0,food,0,3,845.9809206938571,0,1,0,TXN000940,0.5843043395787598
958.9574195463993,18,4,food,0,4,1320.106285469795,0,0,0,TXN007398,0.7258745417333224
1706.6747337063566,10,3,grocery,1,5,2180.1089174353147,0,0,0,TXN006128,0.7824802879230682
5000.0,5,3,transport,0,19,239.20051252673085,1,0,1,TXN009829,20.815942261753385
265.23484582770016,12,4,utility,0,4,812.8150133631854,0,0,0,TXN002680,0.32591540027209165
624.0008110574518,16,0,utility,0,3,2817.4879564350686,0,0,0,TXN004354,0.22139559249588275
989.6500804413528,9,1,grocery,0,2,2200.015453353531,0,0,0,TXN003058,0.4496334084949259
1499.8545522061777,8,3,food,0,1,1245.5422690251446,0,0,0,TXN007880,1.2032119483434247
5518.561404191005,14,0,food,0,5,782.3550926663191,0,0,0,TXN000738,7.044776316456159
1008.4975218328054,14,4,transport,0,2,3124.6892144795124,0,0,0,TXN000538,0.3226480474005602
830.2191849020901,19,5,shopping,1,4,3094.4986704965304,0,0,0,TXN003325,0.2682020809167137
1254.8877725322495,12,3,grocery,0,3,978.5151835970604,0,0,0,TXN004239,1.2811315164344284
975.9668820842691,10,1,food,1,5,1622.8100238004215,0,0,0,TXN001400,0.6010351382116007
1371.3127374282003,12,2,transport,0,1,7694.527528704743,0,0,0,TXN004046,0.17819606678205333
2577.145708957257,9,5,transport,0,1,640.5924071665079,0,0,0,TXN005137,4.016795835129683
1866.877321091633,10,1,transport,0,5,1444.5480656594016,1,1,0,TXN004229,1.2914667906528847
6389.895316669907,21,4,food,0,3,379.509750393832,0,0,0,TXN004191,16.792987065525367
1376.5199193512665,22,2,food,0,5,1249.9124542907693,0,0,0,TXN009142,1.100412674467865
2212.508573846188,15,1,grocery,1,5,1737.9071656052345,0,1,0,TXN005538,1.2723557747121679
3220.5056907211065,8,1,utility,0,2,384.56946133813375,0,0,0,TXN002692,8.35259535219469
471.961632562214,20,4,transport,0,5,590.3027157203626,0,0,0,TXN005340,0.7981726111087454
62933.75706822672,3,1,shopping,1,9,262.45591555856106,1,1,1,TXN009917,238.8777527913879
951.8577303420662,19,3,transport,0,1,3244.729123512832,1,0,0,TXN007670,0.29326468541277306
854.8098072333225,9,6,shopping,0,3,6719.473517220876,0,0,0,TXN009173,0.12719487771849936
1592.152651862568,10,2,utility,1,4,1368.8170939945362,0,0,0,TXN001807,1.1623103981128438
5818.559964330338,20,1,transport,1,3,589.9286223878369,0,0,0,TXN005111,9.846468327796643
3668.371813102635,21,2,food,0,3,320.8090490982461,0,0,0,TXN003989,11.399218957272723
942.5627619736772,10,5,shopping,0,2,743.3465346718889,0,0,0,TXN003455,1.2662956271962265
518.0010754596627,11,4,utility,0,3,1099.0363348063079,0,0,0,TXN002907,0.47089451418063505
856.2882499495008,20,1,grocery,0,3,429.7810943674432,0,0,0,TXN006651,1.9877572649906334
1902.7588232024164,8,3,food,0,2,959.7945623764982,0,0,0,TXN008287,1.9804013237710214
680.3825010408742,19,4,grocery,0,5,149.4013893114864,0,0,0,TXN006244,4.523778032606992
3073.089805147085,12,4,transport,1,2,2114.1901133689285,0,0,0,TXN002697,1.4528669483295193
804.447011102857,21,5,shopping,0,4,783.444598461493,0,0,0,TXN004016,1.02549882130694
1217.4503040267496,11,0,shopping,0,5,2511.477985088326,0,0,0,TXN004339,0.4845615807391642
2210.496263015124,19,4,grocery,0,4,724.5805832305814,0,0,0,TXN004645,3.046520695431362
15846.04743250299,9,2,food,0,5,3395.1417418961605,0,0,0,TXN007739,4.665896960960087
566.5801931819587,21,6,transport,0,4,737.0522891189787,0,0,0,TXN007091,0.7676694477274664
1423.488993546079,13,0,food,1,4,1864.2438775262583,0,0,0,TXN004692,0.7631650802864193
326.1452607926763,14,4,shopping,0,1,1929.346082198689,0,0,0,TXN001739,0.1689568848821102
1028.32809111867,22,4,shopping,0,2,1496.9839702371107,1,0,0,TXN005406,0.6864746963586663
3774.19805075116,18,2,food,0,2,3136.150568991582,1,0,0,TXN004588,1.2030656379889195
824.2372182408213,17,4,shopping,0,4,735.6880513361555,0,0,0,TXN003125,1.118841573099869
173.8305407746736,13,0,transport,0,2,1183.8007757817463,0,0,0,TXN002157,0.14671710580200967
4325.482238781459,12,2,transport,1,5,4620.660573002958,0,0,0,TXN005333,0.9359151695493175
626.6234607547077,20,1,grocery,0,1,2345.832319329913,0,0,0,TXN008636,0.26700819466029274
1574.8483654663428,15,4,food,0,4,376.0776201576901,0,0,0,TXN001825,4.176456732721918
391.4719812164036,18,5,utility,1,1,2118.29118920044,0,0,0,TXN004230,0.1847183545193226
917.1702505985388,8,4,shopping,0,3,1427.3287520725926,0,0,0,TXN003487,0.6421282560248602
1252.8377901872136,12,5,transport,1,4,253.76770830848136,0,0,0,TXN009053,4.917569022013713
5000.0,1,5,transport,1,16,634.9756178038631,1,1,1,TXN009768,7.861936621510568
1544.4928440673878,14,0,transport,0,4,1498.464929492812,0,0,0,TXN003647,1.0300293215859382
1041.5015435909997,9,4,grocery,1,1,425.9700062101695,0,0,0,TXN005902,2.439285028087749
285.90340104122305,17,5,shopping,0,1,654.6237895648802,0,1,0,TXN006385,0.4360784425332848
2018.0946902950182,8,0,utility,1,2,1744.5367663198056,0,0,0,TXN005638,1.1561456219280095
5899.736185948689,11,4,grocery,0,4,2309.0777892694405,0,0,0,TXN006423,2.553912345875796
740.437366623682,22,0,transport,0,5,661.9293810894301,0,0,0,TXN007826,1.1169174089205076
2044.7095505067223,12,1,grocery,0,1,560.2050928069599,0,1,0,TXN007743,3.6434265774028707
997.123987136132,12,6,food,0,5,1042.7043263933585,0,0,0,TXN003012,0.9553701770901053
6442.306276526325,16,4,food,0,5,1049.7345440114018,0,0,0,TXN007671,6.131240581404563
8532.458537213824,2,6,utility,0,14,242.53741802520534,1,0,1,TXN009548,35.03551366521732
7364.05007658485,2,6,shopping,1,5,222.41188693092312,0,1,1,TXN009977,32.96176482705124
369.2098409032387,19,1,grocery,0,1,1090.9649356019422,0,0,0,TXN003080,0.33811510687356733
1909.5802034840983,11,1,grocery,0,4,554.2233242918543,1,0,0,TXN003520,3.439301124317183
1870.5369308253546,8,2,transport,0,1,1619.6099198813647,0,0,0,TXN004978,1.1542178706164439
8944.921592137696,14,5,utility,1,4,2193.5673509305407,0,0,0,TXN007619,4.075938516238688
295.90055813268,16,2,food,0,4,580.3800999925319,0,0,0,TXN004347,0.5089623090581893
714.3676623364541,12,4,shopping,1,2,1761.1535951115616,0,0,0,TXN008440,0.40539466271169605
777.6242827615713,13,6,grocery,0,2,2390.1618468356114,0,1,0,TXN001346,0.3252077159857058
681.2860434545362,17,3,food,0,2,659.952633909106,0,0,0,TXN007087,1.0307637922935131
1009.7011496180271,21,1,transport,1,3,4068.857963470912,0,1,0,TXN008947,0.24809247857802877
1411.2244395289292,18,2,transport,0,5,905.65880807257,0,0,0,TXN005651,1.5565110347617923
1441.7235308175823,10,5,transport,0,3,1092.1507668954546,0,0,0,TXN008081,1.3188697977243098
1535.3287229006553,19,3,grocery,0,2,329.10696302084176,0,0,0,TXN001791,4.651003749968522
208.53240263692703,17,0,grocery,0,2,2548.1307134343956,0,0,0,TXN007428,0.08180529995496985
13481.003989840503,5,4,shopping,0,18,342.4806220564598,1,1,1,TXN009579,39.24822282295901
38572.24827230559,1,4,shopping,1,17,430.00949055611756,0,1,1,TXN009959,89.4928049554943
21.706239382855152,9,6,food,0,4,1332.2204747406595,0,0,0,TXN002270,0.016281057630079893
6247.79135172997,0,2,transport,0,7,226.69991571578586,1,0,1,TXN009766,27.438707353446887
671.2402396149168,18,0,transport,0,1,992.2296285825365,0,0,0,TXN002955,0.6758157633425224
774.9810036096759,22,0,transport,0,1,584.2441944742513,0,0,0,TXN003443,1.3242010957594768
1331.4462074904245,17,0,transport,0,1,1736.9253709070622,0,0,0,TXN007735,0.7661124175864427
2236.0848134435937,10,1,transport,0,3,344.92147862507557,0,0,0,TXN000833,6.464139845641553
1327.3287351919355,11,4,grocery,1,5,824.9506584244984,0,0,0,TXN006498,1.6070315116932241
1193.8909553875062,20,2,food,0,3,1402.3659130922424,0,0,0,TXN002991,0.8507338992984593
697.5510738628976,14,5,transport,0,3,1086.0370861636102,0,0,0,TXN007792,0.6416994256605418
3372.5596904524414,13,1,transport,0,1,1195.0650836562938,0,0,0,TXN002150,2.819712519441454
322.8699857404054,18,4,food,0,3,1062.7163127242552,0,0,0,TXN004022,0.3035301629562414
431.4068143929674,11,4,transport,0,5,3845.650806464096,0,1,0,TXN007614,0.11215128071100469
2295.1788258101888,22,3,grocery,0,4,8049.579649760435,0,0,0,TXN006123,0.2850948534964793
633.2552117504067,16,1,utility,0,1,2236.174371161082,0,0,0,TXN003338,0.28306028350474555
647.8175738552983,20,6,grocery,0,1,3420.5952115291316,0,0,0,TXN004343,0.18933203193424644
407.477732125434,10,1,utility,0,4,3083.554240603001,0,0,0,TXN004463,0.13210263147967077
1073.928782787994,12,4,utility,0,4,517.8489342492354,0,0,0,TXN002375,2.0698294087120916
283.85187799159957,11,4,transport,0,3,405.3992105409398,0,0,0,TXN009043,0.6984557809887894
1453.7973921099358,22,1,transport,0,3,2448.6383885387386,0,0,0,TXN005570,0.5934742853932644
316.5356891645233,15,5,transport,0,1,523.3758772313389,0,0,0,TXN008598,0.6036427358859555
690.5586079500562,22,3,grocery,0,4,1718.5289090109047,0,0,0,TXN008503,0.4015975563605234
561.5180410440571,11,3,grocery,0,5,319.2257962166065,0,0,0,TXN008879,1.7535065809134132
494.8636828593058,8,2,transport,0,3,3165.8834946486063,0,0,0,TXN001886,0.15626204238189548
270.4071444489068,22,1,utility,0,3,3778.30566316011,0,0,0,TXN001197,0.07154942429896045
148.41515374278728,22,5,transport,0,5,2976.9695988420317,1,0,0,TXN006426,0.04983769941791809
4246.676089458772,18,3,utility,0,2,1125.1201456064164,0,0,0,TXN008910,3.7710683944579775
1312.1393438259206,10,6,grocery,0,1,576.2800317361755,0,0,0,TXN002935,2.2729685277345353
1213.9171437712912,17,5,transport,0,4,1639.9207586943114,0,0,0,TXN006341,0.7397780406759014
1244.9176786357411,21,0,utility,0,5,372.4452717559253,0,0,0,TXN001429,3.333601394341361
491.2314586577953,13,3,grocery,0,5,672.2365881359293,0,0,0,TXN006306,0.7296565090407915
2726.862704973395,22,1,food,0,3,1170.4950253530287,0,0,0,TXN003649,2.327677579468729
983.8487318450245,20,1,grocery,1,3,3697.6073184415513,0,0,0,TXN001937,0.2660051871252934
1250.8162787598676,16,4,food,0,1,1534.2959626539155,0,0,0,TXN005171,0.8147069419746954
434.9748092313372,18,6,utility,0,4,2262.81745271238,0,0,0,TXN007763,0.19214217502836836
994.2303584197896,19,5,grocery,0,4,319.6831274897788,0,0,0,TXN006392,3.1003513225106576
955.5231003820184,18,3,transport,0,1,378.5995659781821,0,1,0,TXN001153,2.517187020274249
2010.6979779700928,9,5,food,0,3,831.4075587610232,0,0,0,TXN006249,2.415521047121277
1402.741681247085,11,6,transport,0,4,3045.3571465186856,0,0,0,TXN007036,0.46046527500891
665.0400861642096,14,0,food,0,4,638.6283770619623,0,0,0,TXN004228,1.0397288644681029
1557.8957191433776,11,1,utility,0,2,1004.3222830115599,0,1,0,TXN004974,1.5496480536336266
1042.1672529870411,18,4,transport,1,5,1421.9273142562283,0,0,0,TXN006400,0.7324107440665636
913.3310699701591,11,2,utility,0,2,4005.487274061469,0,0,0,TXN003639,0.22796305279270093
968.2124344865351,16,5,grocery,0,4,364.33925366560953,0,0,0,TXN003971,2.650173570926293
42073.060953349144,0,2,food,1,17,280.69734696978975,1,1,1,TXN009593,149.35554560924285
156.0864198521245,19,0,shopping,0,1,12344.242684499126,0,0,0,TXN003375,0.012643446859745331
756.3755249016115,15,2,grocery,0,4,3670.7106418871335,0,0,0,TXN002486,0.2060008531916503
2447.2679831838464,8,5,grocery,0,4,1427.0317435629256,0,0,0,TXN006953,1.713735002191153
151.2847055963081,14,2,food,0,2,2434.066843604814,0,0,0,TXN000605,0.06212753707095362
305.9377958510396,17,1,grocery,0,4,1346.013030959411,0,0,0,TXN007443,0.2271231152330688
380.9806315393905,18,3,utility,1,4,1782.8691739431563,0,0,0,TXN005927,0.21356982737542984
419.56583136302976,13,4,grocery,0,5,2630.369058910088,0,0,0,TXN002453,0.15944773308872673
904.329615356939,21,1,grocery,0,3,306.4541912043038,0,0,0,TXN003608,2.9413474957510353
2505.9478475144765,8,1,transport,0,4,1652.5190714464327,0,0,0,TXN001483,1.5155240062168578
2075.970513623898,10,6,shopping,0,2,2592.748560768286,0,0,0,TXN004518,0.8003746180427688
339.7010855505423,22,2,utility,0,3,1073.6822475957172,1,0,0,TXN003037,0.3160944421576915
1386.023523042836,13,5,grocery,0,3,2406.6623786729797,0,0,0,TXN009351,0.5756718779676926
123.81948791165654,21,5,food,0,1,167.55965814278954,0,0,0,TXN007691,0.7345736772126525
1131.827663164557,13,6,utility,0,4,1455.3112573188932,0,0,0,TXN004115,0.7771880204018206
283.92485193992434,8,2,food,0,5,1692.8064636637023,0,0,0,TXN001426,0.16762532085619455
1520.8041397690458,16,0,grocery,0,2,744.4243186769356,0,0,0,TXN000496,2.0401858400170565
893.630846463011,21,5,grocery,1,5,1666.576512918815,0,0,0,TXN003352,0.5358859635764832
3077.0880194347346,18,5,food,1,2,411.7552011259984,0,0,0,TXN008793,7.454995142497108
793.8006302366092,21,6,food,0,1,405.50826927573036,0,0,0,TXN000758,1.952729354438255
283.47788442327465,13,6,transport,0,5,841.3778563814981,0,0,0,TXN000837,0.336521054388795
5888.553809986499,8,2,utility,0,3,1223.484868924104,0,0,0,TXN004326,4.809004961539858
12107.539794426963,10,4,transport,0,5,1455.73578602615,0,0,0,TXN002127,8.311417836075332
668.4993666415411,21,4,food,0,2,259.0650151903905,0,0,0,TXN001022,2.5705086328206836
2584.5900643387686,18,3,grocery,0,3,1457.1403601739844,0,0,0,TXN008761,1.7725248782156862
928.6741536145042,11,4,grocery,0,4,1256.7255336701364,0,0,0,TXN005613,0.7383758449306218
3070.411663149377,8,5,transport,0,4,331.81472287884503,0,0,0,TXN005580,9.225588449303977
9398.419950781705,14,6,grocery,0,5,4162.22727181541,0,0,0,TXN001057,2.257484239308282
16082.045448196362,4,3,shopping,1,16,263.3544862861034,1,1,1,TXN009541,60.83515235217616
7029.354440038729,12,6,transport,0,5,1914.522967655785,0,0,0,TXN006855,3.6696790165044306
3958.9710463365777,18,6,grocery,0,5,487.0215039607235,0,0,0,TXN007348,8.112288114777828
331.23676020519207,14,1,transport,0,1,1115.8344359726032,0,0,0,TXN009044,0.29658537517849026
462.57573173196255,21,2,grocery,0,4,1602.6911694992698,0,0,0,TXN002128,0.28844439660810467
715.7996889005303,15,4,food,0,1,1586.1267223413015,0,0,0,TXN002766,0.4510034887728405
263.3149355071766,12,6,transport,0,4,498.6895608648243,0,0,0,TXN002108,0.5269570471943648
1703.5924328202932,16,0,food,0,4,210.75643349230955,0,0,0,TXN003616,8.045056316469191
811.1667993940293,22,4,food,0,3,1194.9062093283578,0,0,0,TXN001544,0.6782863012724009
654.9809831693759,11,1,shopping,0,4,513.5011013201018,0,0,0,TXN006913,1.2730409740403512
445.7863369630019,22,0,food,0,4,234.6224766922912,0,1,0,TXN001718,1.8919516644635395
3308.2517497025146,8,1,shopping,0,3,1009.2872600642327,0,0,0,TXN007434,3.2745654433890223
2757.7584046905404,15,4,food,1,2,853.5215412656726,0,0,0,TXN007364,3.2272544008731403
3045.6149202698016,13,6,grocery,0,2,1013.3450879751381,0,0,0,TXN006234,3.0025431742855253
2754.595370203776,16,1,transport,0,1,3452.440291505862,0,0,0,TXN000724,0.797638047189935
3696.2187092506733,11,2,transport,0,1,1497.6833906062866,0,0,0,TXN006672,2.4663105846228017
449.89515109365954,15,1,shopping,0,2,1087.303905165697,0,0,0,TXN008028,0.41339110239171833
608.0400547582889,19,3,transport,0,3,628.9786791697998,0,0,0,TXN005491,0.9651756081008612
2866.744024810097,14,6,grocery,0,5,1047.8148851062035,0,0,0,TXN001127,2.733317447644547
644.2381730800815,18,3,utility,0,4,908.9110787805688,0,0,0,TXN002956,0.7080232212838502
5512.553661649584,12,6,utility,0,4,951.6225996060666,0,0,0,TXN005155,5.786713084414713
6813.4036722496085,21,3,grocery,0,5,545.8630047132549,0,0,0,TXN004816,12.459068566582202
247.4176362830189,14,3,transport,0,5,853.5401181842878,0,0,0,TXN006201,0.2895330845422771
11070.553853226013,13,1,food,0,3,792.5451345502604,0,0,0,TXN006223,13.950755125605072
660.6973207043486,16,4,grocery,0,1,1206.275284096705,0,0,0,TXN008685,0.5472631879469716
1145.0505330533244,10,6,grocery,0,4,1506.7304445624316,0,1,0,TXN007113,0.7594530820697444
940.2927116086746,15,4,food,0,4,765.4745924597745,0,0,0,TXN005274,1.226776100419822
3368.2268712617815,12,3,utility,0,5,3448.5564207517255,0,0,0,TXN008535,0.976423186181074
65.98132077324539,14,0,food,0,4,4343.0934822156905,0,0,0,TXN003043,0.015188743300153806
623.7171960560084,22,0,shopping,0,4,510.8341039614729,0,0,0,TXN006911,1.2185924916463895
380.30093670047137,12,3,transport,0,4,1250.2191556942964,0,0,0,TXN000149,0.3039443050162095
5519.164007681299,19,4,transport,1,4,793.2838107288156,0,0,0,TXN007573,6.948604432233168
2320.8714553703176,15,0,grocery,0,1,530.9333738409642,0,0,0,TXN004205,4.3630867501541735
4024.5827778915436,16,2,utility,1,3,1735.3306747388285,0,1,0,TXN005492,2.3178665426140124
9107.040320384942,14,4,grocery,0,3,2362.7824621552486,0,0,0,TXN002689,3.852740455685304
885.5684471151887,12,6,utility,0,2,2414.6389124474144,0,0,0,TXN004220,0.36659802197753616
882.8964899537401,19,6,transport,0,3,2729.66125058728,0,0,0,TXN009101,0.32332699259707026
1079.1683322664444,17,5,food,0,2,1965.4628745080715,0,0,0,TXN000841,0.548786527452957
8191.915525630467,13,2,shopping,0,2,905.0261879789683,0,0,0,TXN008136,9.041588018447682
500.4126246531343,9,4,grocery,0,5,1206.3489457033343,0,1,0,TXN006437,0.41447224220800705
11639.083832278688,1,1,food,0,7,360.24674108335546,1,1,1,TXN009699,32.21920783942253
1693.4787043654078,9,0,food,0,1,1350.5880705453662,0,0,0,TXN006199,1.2529547583844007
1215.7513776421679,14,1,utility,0,4,1803.0949805810812,0,0,0,TXN002794,0.6738843523917939
862.0363405215228,17,2,grocery,0,5,575.9046970033887,0,0,0,TXN007625,1.4942439279818505
1172.1428248316188,21,3,grocery,0,1,3939.236548710247,0,0,0,TXN008474,0.29748031884413
2394.6897353039576,14,4,food,1,3,688.5187268937951,0,0,0,TXN007889,3.472987232836688
1750.3567660994038,16,6,transport,0,5,1186.2702480477192,0,0,0,TXN006607,1.4742698799852794
1401.6560953819464,20,3,transport,0,3,1677.0353846321848,0,0,0,TXN009194,0.8352959110508751
2801.7222610169633,16,5,transport,0,4,674.0598867420169,0,0,0,TXN008247,4.150331423984727
430.1649630891096,10,6,transport,0,5,4175.9309178248495,0,0,0,TXN001392,0.10298589360274109
1451.3304203304529,8,6,grocery,0,2,1173.810272951857,0,0,0,TXN001921,1.2353743014893839
4167.637540787104,13,6,shopping,0,3,1577.015938646817,0,0,0,TXN007018,2.6410617527481652
1158.1877557114317,11,0,transport,1,2,248.58729763816854,0,0,0,TXN003621,4.6404114579199405
568.663914804349,19,1,grocery,0,2,279.7712922284822,0,0,0,TXN004848,2.0253634561099982
1533.5142199706725,12,0,grocery,1,1,790.9385179787046,0,0,0,TXN002291,1.9364056491212478
548.9101688945415,15,6,shopping,1,1,730.7774211884511,0,0,0,TXN002133,0.7501053640095617
372.26005057201263,15,3,transport,0,3,1895.7251320542127,0,0,0,TXN000550,0.1962646270041476
2396.9264156685167,20,2,transport,0,2,1035.1821810424046,0,0,0,TXN001740,2.313228754095343
2908.334137447597,18,5,food,0,3,3577.0622387383437,0,0,0,TXN005289,0.8128237977417356
404.53369849173,19,3,shopping,0,4,824.9938631622312,0,1,0,TXN001817,0.4897538789731621
469.47835536089127,10,5,grocery,0,1,1019.323810280508,0,0,0,TXN004698,0.4601268250633316
1281.8898821811097,20,6,grocery,1,5,682.776985815483,0,0,0,TXN005181,1.8747192560924055
230.40282150680895,9,2,grocery,0,2,1097.304267878276,0,0,0,TXN003018,0.20978050276714783
856.333251581822,15,3,shopping,0,2,1152.8239571052616,0,0,0,TXN000017,0.7421697619541626
4893.053065818588,14,1,food,0,3,955.7322226886777,0,0,0,TXN001770,5.114339153402588
3063.0028457132544,18,2,transport,0,3,1791.5448390327367,0,0,0,TXN001888,1.7087454545159724
1329.9037406563143,18,4,grocery,0,2,727.5977709136616,0,0,0,TXN002152,1.825292079865431
1406.5483017318693,15,2,grocery,0,2,1098.1827959314767,0,0,0,TXN001642,1.2796309284843954
861.0754123026436,20,1,grocery,0,1,1683.899548030667,0,0,0,TXN007846,0.5110544502840422
685.9942761404833,18,0,grocery,1,4,1054.219318701874,0,0,0,TXN004193,0.6500963960595323
343.66355599943773,18,3,transport,1,1,419.54259930464076,0,0,0,TXN009432,0.8171908305310305
2720.0736580427615,9,1,transport,0,2,676.03166658888,0,0,0,TXN008898,4.017646134260507
2405.097213196052,16,1,food,0,3,510.21036252058514,0,0,0,TXN000533,4.704711386008348
2879.369619809179,9,6,grocery,0,4,610.3718873375487,0,0,0,TXN000132,4.709686001998699
565.8393075853802,8,6,transport,0,4,1919.1942859039366,0,0,0,TXN007722,0.2946781540488804
2729.3358865104956,22,3,food,0,5,376.06670351304035,0,0,0,TXN008458,7.238337039791436
2947.193950696034,12,1,transport,0,1,1218.9875130725031,0,0,0,TXN000964,2.41575747220036
1814.6295772091014,15,0,transport,0,2,990.2283570355713,1,0,0,TXN008719,1.8306877162352826
5562.727053617242,20,0,transport,0,3,801.6219377612372,0,0,0,TXN006412,6.930694006612157
823.6112191162271,20,5,grocery,0,4,989.7734687479298,0,0,0,TXN008285,0.8312810597936674
880.4854627274243,12,4,utility,0,1,1983.407437798622,0,0,0,TXN007853,0.443701956541838
899.591019064491,10,5,shopping,0,2,991.6002047798615,0,0,0,TXN001095,0.9062974344882408
3114.3537829755273,17,2,food,0,1,1371.2955328216842,0,0,0,TXN006929,2.2694483137840296
2854.207389878662,19,4,shopping,1,2,675.0984216729848,0,0,0,TXN009254,4.221585642540051
1138.598132861013,11,0,grocery,1,3,1518.073623065713,0,0,0,TXN001561,0.7495345291844087
365.51986450563544,13,0,food,0,4,2699.848517593051,0,0,0,TXN001670,0.13533519637427885
1681.8956023023661,11,4,shopping,0,1,1192.219967653427,0,0,0,TXN006087,1.4095436280788725
8833.124670397834,9,5,transport,0,1,799.7716962924508,0,0,0,TXN006669,11.03076533710537
1645.9699256119336,22,5,transport,0,5,1502.8310693951928,0,0,0,TXN005933,1.0945178345556499
4909.652589916904,11,0,food,0,3,448.38692631972685,0,0,0,TXN008829,10.925223459713681
1755.6096586113333,10,3,transport,0,5,1022.6948785139251,0,0,0,TXN007945,1.7149735682568936
1037.0169293258682,20,3,grocery,1,1,2110.3862120562476,0,0,0,TXN003508,0.4911545426433058
1307.1102779432726,21,2,grocery,0,5,2036.8058874208475,0,0,0,TXN002002,0.641430219635698
774.3395329047572,18,2,grocery,0,3,291.45127136973707,0,0,0,TXN005866,2.647755741590823
1092.1758333332778,8,3,grocery,0,3,1559.4612193616276,0,0,0,TXN000168,0.6999057841245668
2368.5899728614945,11,2,transport,0,1,1161.5996723371322,0,0,0,TXN002588,2.0373220715777456
1218.1346243784396,17,2,grocery,0,4,2504.1543107422804,0,0,0,TXN005905,0.486251333562564
24949.81199538599,5,0,transport,1,5,823.967648329987,0,1,1,TXN009529,30.243382326437686
4369.628796571598,14,1,grocery,0,2,656.2128905282874,0,0,0,TXN006384,6.648726553520823
688.664745165005,14,0,grocery,0,3,230.16279450625677,0,0,0,TXN007824,2.979133154346623
18328.540771870757,3,4,shopping,1,19,365.1859408338392,1,1,1,TXN009779,50.05255179959934
649.5245988901113,15,0,transport,0,1,727.8563317325976,0,0,0,TXN004629,0.8911558706584832
813.2316510706501,10,3,grocery,0,4,813.2636221320801,0,0,0,TXN008560,0.998732632732962
995.0897097304547,16,3,food,0,3,1090.6007221124905,0,0,0,TXN009291,0.9115876250106674
2325.2043936438836,20,5,utility,0,2,1432.1727996193854,0,0,0,TXN006874,1.622417334644782
439.37192531254993,11,0,transport,0,2,1317.1001543086963,0,0,0,TXN006521,0.3333372838750536
2874.798538391163,12,6,grocery,0,2,720.0273462221718,0,0,0,TXN008979,3.9870866943586702
12004.205128583819,21,4,grocery,0,1,2495.6075326798814,0,0,0,TXN006647,4.808206725106848
200000.0,5,6,shopping,1,17,383.8282755079048,0,1,1,TXN009825,519.7123307429414
1529.5354327985904,16,6,utility,0,2,910.5731862386286,0,0,0,TXN000210,1.6779074416502129
67.83237359628808,22,4,grocery,0,5,1002.8851623201414,0,0,0,TXN005278,0.06756985374653458
854.149523209236,14,4,food,1,1,1249.7414963134202,0,0,0,TXN001919,0.6829145156907761
879.4276015409088,9,4,utility,0,5,566.365020066502,1,0,0,TXN000718,1.5500208339206907
2299.440735906052,16,4,utility,0,5,363.00638403571617,0,0,0,TXN004868,6.317034087183569
138.68173388608994,10,5,utility,0,3,853.5110909752143,0,0,0,TXN007834,0.1622936616630907
3851.4209588670387,17,4,food,1,4,988.6993237901443,0,0,0,TXN001298,3.8915061032048293
802.6097714142261,20,0,grocery,0,4,1430.8250912157682,0,0,0,TXN009193,0.5605501512288258
1775.7316728895332,21,3,grocery,0,1,920.8435495894395,0,0,0,TXN004617,1.9262831243765701
2781.894314685595,22,2,utility,0,1,682.6708607498052,0,0,0,TXN003128,4.0690549713272794
12749.681507102794,0,0,shopping,0,7,522.8534796564862,0,1,1,TXN009795,24.338258696808353
321.8571252139401,14,6,utility,0,1,1190.290265621084,0,0,0,TXN003979,0.27017523310839664
5000.0,1,0,utility,1,14,731.4996419946101,1,1,1,TXN009924,6.82594190269487
208.49850075600102,19,5,food,1,4,870.2142248710128,0,1,0,TXN008317,0.23931944039007189
829.9319140166824,8,2,shopping,0,3,13719.682260724305,0,0,0,TXN004393,0.060487656389535176
813.1624578750204,13,2,food,0,4,141.92009718403702,0,0,0,TXN001287,5.689629897381877
107.18752234860261,17,2,utility,0,4,1544.8868785932648,0,0,0,TXN004355,0.0693372353649458
661.8127952108965,10,5,grocery,0,1,595.4886320526634,0,0,0,TXN007013,1.1095145148591292
933.8788450869031,22,5,shopping,0,2,580.9376131175559,0,0,0,TXN003885,1.6047748487744722
228.35489488902388,18,5,transport,0,5,843.6392700932306,0,0,0,TXN005749,0.2703578947540744
907.7255535806606,12,3,transport,0,4,1032.850275154663,0,0,0,TXN009169,0.8780048478923757
11188.136169315623,11,3,utility,0,4,300.5969834277573,0,0,0,TXN002407,37.09631323947098
854.353003803167,10,6,transport,0,5,2419.8263785736403,0,0,0,TXN002013,0.3529179173545502
1606.9884374435908,19,2,transport,0,2,1152.5630738812017,0,0,0,TXN005153,1.393065081423614
938.3039176181254,9,2,transport,0,5,6203.048282454786,0,1,0,TXN008551,0.15124058919265246
902.5376246642825,13,0,transport,0,3,3002.6398206586528,0,0,0,TXN004376,0.30048130886291474
1139.065795965899,9,6,transport,1,1,1523.0927063113631,0,0,0,TXN008822,0.7473730379057366
1749.5098535368613,15,1,utility,1,3,1305.609852534536,0,0,0,TXN004273,1.338968820832934
4985.293712813309,13,1,food,1,5,2328.631027918825,0,0,0,TXN005825,2.139949911839438
908.9645264224807,12,5,grocery,1,5,3040.9533761193316,0,0,0,TXN006699,0.29880948654843004
2063.2201556021755,15,3,transport,0,5,580.8441725801712,1,0,0,TXN007243,3.5460012368137765
1106.389957604995,9,3,utility,0,2,3747.973179964396,0,0,0,TXN000449,0.2951181308839084
277.2486527352995,16,3,transport,0,3,320.75577446223815,0,1,0,TXN002227,0.861674209883801
7010.179409272842,17,0,utility,0,4,2023.451692204632,0,0,0,TXN005756,3.4627545998090685
444.675872342321,22,3,utility,0,5,2395.1706470803133,0,0,0,TXN000810,0.18557771454389102
407.21688174801665,14,3,food,0,1,1696.2239010428202,0,0,0,TXN004180,0.23993114962487366
443.8154337632655,21,5,food,0,4,1567.8048766989798,0,0,0,TXN009000,0.2829003404790054
145.73150015572202,8,0,grocery,0,4,1029.1735975917106,0,0,0,TXN005438,0.14146305098131615
6273.001543026388,15,1,utility,0,2,1382.311501371665,0,0,0,TXN007533,4.534771479024212
2151.173603607658,20,4,utility,0,3,804.9374106045368,0,0,0,TXN006369,2.669157152034988
223.5888058501372,19,5,food,0,2,1703.3457191548137,0,0,0,TXN008416,0.13118747173021625
1041.8613629485637,19,6,grocery,0,2,1384.4813656862445,0,0,0,TXN001477,0.7519851141646485
559.8150244454991,10,6,utility,0,5,1141.5813091327352,1,0,0,TXN001790,0.48995639957599263
732.377847579974,8,4,transport,0,1,758.1099647827682,0,0,0,TXN002008,0.9647849212327965
1094.6295134913576,10,6,grocery,0,2,2266.925732011338,0,0,0,TXN000682,0.48265668405312895
3724.589013692174,15,2,grocery,0,4,1583.2637141803564,0,0,0,TXN002816,2.3509905455476194
2201.1998184641775,10,1,utility,0,1,528.5386495314169,0,0,0,TXN009431,4.156825607369727
2226.678338427052,17,2,transport,0,5,870.6004412664084,0,0,0,TXN003774,2.5547007929364485
2035.0777495434338,9,6,utility,0,5,1111.874751481307,0,0,0,TXN006495,1.8286673741448587
308.79049401092857,13,2,transport,1,4,2106.8626167683824,0,0,0,TXN008878,0.14649460147661003
755.7748239344647,14,5,transport,0,4,359.2895305041097,0,0,0,TXN007361,2.0976874428657424
1348.173004892922,14,3,grocery,0,4,809.3252445728747,1,0,0,TXN008366,1.6637430635689363
3149.674990705036,13,3,transport,0,5,1413.8785573488144,0,0,0,TXN007474,2.226109777652484
1109.7196326245999,12,5,grocery,0,1,811.2620992578975,0,0,0,TXN000046,1.366208805801067
3869.3798201833206,17,0,grocery,0,1,1156.4064156910122,0,0,0,TXN000030,3.3431470291904035
3216.1302262012136,21,4,grocery,0,3,1921.4496988055232,0,0,0,TXN008250,1.6729333559153687
9247.850823856474,15,0,grocery,0,3,1720.2470100288892,0,0,0,TXN006935,5.372762171828701
1870.002876356851,21,0,utility,0,1,313.5724823295468,0,0,0,TXN001468,5.944585052413554
1028.7730598721678,20,4,grocery,0,3,2535.5808675738685,0,1,0,TXN001665,0.40557471398739414
6393.132539583798,8,2,transport,1,3,7854.629139067267,0,0,0,TXN001416,0.8138282022237727
4084.881750071496,16,1,grocery,0,2,915.6632108957066,0,0,0,TXN006480,4.456251436206327
102.61413470652711,19,2,grocery,0,3,480.8476786439366,0,0,0,TXN004852,0.21295969505407591
440.2804022695708,11,4,food,0,3,5115.013482886775,0,0,0,TXN002470,0.0860592732490488
463.45620716286385,13,5,utility,0,4,867.0165477017898,0,0,0,TXN004373,0.5339255436891578
485.0703596702359,16,5,grocery,0,2,1861.0970086012758,0,0,0,TXN008524,0.26049682558407583
248.48816237405995,9,1,grocery,0,4,892.8910512374017,0,0,0,TXN000429,0.27798484169863996
1490.2466796220863,18,1,food,0,3,3246.946089581249,0,0,0,TXN005244,0.458827406157539
573.7121044780754,21,0,utility,0,5,1081.338335681638,0,0,0,TXN002119,0.5300672493659401
1763.857771151778,20,2,grocery,0,1,936.8598403929021,0,0,0,TXN000385,1.8807264104760437
192.5921529432118,15,6,food,1,5,711.6899636411172,0,0,0,TXN001945,0.2702327277898832
4600.335286526437,16,5,grocery,0,4,334.19800974914443,0,0,0,TXN004224,13.724232103792135
658.1227741027217,21,6,grocery,0,4,2259.590008896054,0,0,0,TXN000473,0.29112876351431466
8434.906296247613,14,3,utility,1,1,1319.2539062187127,0,0,0,TXN002129,6.388851611434119
4946.9605482506195,13,2,transport,0,1,1097.3269219292163,0,0,0,TXN006556,4.504087489325364
1965.3092986271877,13,6,grocery,0,4,835.1733263833839,0,0,0,TXN006998,2.350361147164956
1314.5556100144477,13,4,grocery,0,5,766.7183906069394,0,0,0,TXN001055,1.71228881071247
8055.607733393673,20,3,transport,0,1,245.9876046567637,0,0,0,TXN003274,32.615433250540946
9742.28142500272,11,6,grocery,1,5,804.6482402026712,0,0,0,TXN004961,12.092475275005782
256.0668632008741,18,2,food,0,5,2592.205579618517,0,0,0,TXN005363,0.09874530010788568
11305.39768749495,9,4,utility,0,2,2650.9572185708066,0,0,0,TXN005816,4.2630392407263855
16290.360572405325,20,2,food,0,4,420.5682824875352,0,0,0,TXN000811,38.64228228053896
243.9211287961715,19,1,food,0,5,1099.019266632153,0,0,0,TXN004573,0.22174259687556805
248.68676805893628,21,1,transport,1,5,3209.0363119525546,0,0,0,TXN006137,0.07747163704440112
1416.5465004186588,18,2,transport,0,1,898.37936735545,0,1,0,TXN002388,1.575026681548072
9397.862668567966,0,4,transport,1,13,184.68272739043704,1,1,1,TXN009648,50.61247645725809
2303.5575376579786,17,5,utility,0,4,942.4421663737548,0,1,0,TXN006225,2.4416520903575973
27.42992878144512,10,6,utility,0,5,832.9312741437142,0,0,0,TXN000111,0.032892313349934435
2228.3791805385467,22,1,food,0,3,628.0678052314703,0,0,0,TXN008909,3.5423513363851096
511.0843763803034,15,6,utility,1,1,561.0822646883261,0,0,0,TXN001745,0.9092697074576781
450.8231756713047,18,0,shopping,0,2,748.9172531761326,0,0,0,TXN007851,0.6011638934321466
429.03259465513463,21,3,shopping,0,3,428.8191903293302,0,0,0,TXN001452,0.9981699382161302
1386.1137740732788,11,1,grocery,1,4,1080.010032551647,0,0,0,TXN000319,1.2822395096569605
5826.046392993881,21,0,shopping,1,3,915.4855117509208,0,0,0,TXN008593,6.3569432558332295
853.3470545173716,10,3,grocery,0,4,1454.471994836938,0,0,0,TXN003333,0.5863026272882532
1468.7527176524604,17,0,shopping,0,3,717.3493909810626,0,0,0,TXN001922,2.0446216508189123
3189.016532012197,14,1,grocery,0,4,182.27388187378796,0,0,0,TXN005865,17.400278203352084
5240.068290434668,1,0,shopping,1,6,404.0659415160944,1,1,1,TXN009528,12.936333948052912
387.0473543575864,16,0,utility,0,4,369.38885607881116,0,0,0,TXN003685,1.0449757005519373
563.9514181161762,16,5,grocery,0,5,800.4663987898105,0,0,0,TXN004275,0.7036494842051089
994.6384499355745,18,4,food,0,2,832.1310580146938,0,0,0,TXN004889,1.193855925027863
2966.988963487864,8,3,transport,0,3,400.2409004437778,0,0,0,TXN005225,7.39453271141186
3999.7583000612153,21,3,shopping,0,5,1641.7306813993,0,0,0,TXN007472,2.434822911235923
168.19673644023956,10,1,utility,0,2,3592.1834540719137,0,0,0,TXN003605,0.04680994961435478
1857.489996965625,22,0,utility,0,1,1177.1410902913221,0,0,0,TXN001052,1.5766278014344772
4749.696397180819,16,5,food,0,1,2505.516961801008,0,0,0,TXN004156,1.8949388612028457
15042.622295065457,2,1,food,1,18,303.1563020485739,1,1,1,TXN009676,49.4568818523548
1414.782569840531,9,3,utility,0,5,4473.556431252475,0,0,0,TXN000099,0.31618387019526734
310.1216520360232,17,1,transport,0,4,663.0885986371399,0,0,0,TXN007508,0.46698836973329017
342.77046097072315,18,6,transport,0,4,879.6848028988428,0,0,0,TXN001456,0.389209010808938
1426.9084895649544,12,3,shopping,0,4,130.149855722923,0,1,0,TXN007688,10.87998520242026
7064.723243099978,10,2,transport,0,2,3322.7028892816425,0,0,0,TXN004004,2.125557993129431
593.9209236604386,13,3,grocery,0,5,1987.096724247819,0,0,0,TXN006866,0.2987384448737744
729.5374151013133,22,0,transport,0,5,562.4362651738546,0,0,0,TXN004509,1.2948002466192094
3724.947073042078,20,4,shopping,0,2,2981.2499823784506,0,0,0,TXN003299,1.2490391801666807
701.3607994902787,16,4,food,0,1,1885.457622052848,0,0,0,TXN003799,0.37178720120256725
594.9009099606614,19,3,utility,0,1,714.9006250818724,0,0,0,TXN004281,0.8309825262306858
424.09526845026255,16,3,grocery,0,2,5290.442204591482,0,0,0,TXN009051,0.08014738743291333
1664.7979294624606,22,4,food,0,1,332.19829567869715,0,1,0,TXN006462,4.996417902052608
710.6304093994432,16,6,grocery,0,3,1098.153871679791,0,0,0,TXN007912,0.6465249567955543
941.1899775275748,15,2,utility,1,2,2424.419333869686,0,0,0,TXN001414,0.38805247586854746
895.7497643683797,22,3,shopping,0,1,575.8033335829954,0,0,0,TXN000540,1.5529552487225555
1465.2548694758823,8,1,transport,0,1,787.5421095648829,0,0,0,TXN005815,1.858182146143608
396.21711375820706,8,1,food,0,3,347.38016204809804,0,0,0,TXN008199,1.1373125020347874
37.50299887663006,19,3,transport,1,4,804.2113652014226,0,0,0,TXN003680,0.046575347166453285
1230.2119760366731,10,6,transport,0,2,3138.888539042049,0,0,0,TXN000754,0.3918011613278475
584.2948690363751,8,3,shopping,0,5,1648.5757409571695,0,0,0,TXN004196,0.3542091790810023
1134.792035551463,11,0,shopping,1,4,714.547286792636,0,0,0,TXN002650,1.585907816991448
1894.271717468047,21,4,transport,0,1,711.5570812082268,0,1,0,TXN004522,2.658413995768704
81242.28276453092,1,2,transport,1,10,418.40062971154197,0,0,1,TXN009519,193.71044535724292
3949.6545490092003,11,0,grocery,0,4,383.5392815102951,0,0,0,TXN003118,10.271134156949472
844.7082283423772,10,6,utility,0,3,1151.5992633016342,0,0,0,TXN003728,0.7328724347113501
2568.2568480176205,21,0,utility,0,4,571.9410188620716,0,0,0,TXN003886,4.482585054074993
431.1813820397962,11,6,transport,0,2,1719.4477623970715,0,1,0,TXN007107,0.25062160645844794
182.06918994357042,14,0,transport,0,3,1195.0381491074668,0,0,0,TXN008068,0.15222690854755594
1723.8061321839716,10,1,shopping,0,1,982.8957104076985,0,1,0,TXN007325,1.752021188779932
767.7449421075167,21,0,utility,0,1,796.1137149171444,0,0,0,TXN008483,0.9631561065127572
3312.946140962301,9,5,transport,0,1,2188.6420961203617,0,0,0,TXN008767,1.5130080604644134
876.3442949210294,11,4,transport,1,3,1939.15724823558,0,0,0,TXN006500,0.45168725149365874
418.845101360454,9,6,food,0,1,1314.0269948761502,0,0,0,TXN008426,0.3185068466217312
1968.5848285765164,15,5,transport,0,5,3814.664354364593,0,0,0,TXN007963,0.5159219065808887
556.139773329101,12,6,grocery,0,5,863.9876580890299,0,0,0,TXN000601,0.6429453277492425
1143.3081296567539,12,6,utility,1,1,489.9764998323635,0,0,0,TXN009249,2.3286412487097023
933.1557317403496,16,3,transport,0,5,1098.4394520356066,0,0,0,TXN008919,0.848755909215934
2464.750985072722,15,2,grocery,0,4,1069.1242963081963,0,0,0,TXN006814,2.3032380383996744
540.9121160145714,12,0,transport,0,5,601.2553082842325,0,0,0,TXN005411,0.8981442065750788
478.07392069129486,9,5,transport,1,5,2471.231781311975,0,0,0,TXN008747,0.1933774673981371
916.4157763693568,17,1,transport,0,3,1462.2087291264634,0,0,0,TXN005522,0.6263055694838956
1165.360048200002,21,2,transport,0,1,337.9591119441194,0,0,0,TXN001044,3.4380549368211777
274.93444503109134,13,0,grocery,1,4,1344.4959432598246,0,0,0,TXN007334,0.2043368814364382
977.5496354341925,14,0,utility,0,4,4153.469467006225,0,0,0,TXN001557,0.2353007148560487
1247.4411115684372,16,2,utility,0,5,1247.2931047140069,0,0,0,TXN003739,0.9993174734825081
2352.2845896737044,12,2,transport,1,2,2192.8899768595393,0,0,0,TXN003522,1.0721980657575638
1868.2981389066472,13,5,transport,0,1,2135.2388868216235,0,0,0,TXN000180,0.8745736024337482
1647.2254979081888,10,5,food,0,1,1311.3428134481107,0,0,0,TXN002115,1.2551792725409847
693.5178446701827,16,5,shopping,0,4,6924.733246990653,0,0,0,TXN001699,0.10013637833532324
573.3697519590669,16,5,food,0,3,722.614445339767,0,0,0,TXN001379,0.792369134767405
1661.339730653231,14,1,utility,0,4,801.5052940353443,0,0,0,TXN007229,2.0701916149353923
368.5615776483761,15,1,grocery,0,2,1341.339914146723,0,0,0,TXN009143,0.27456650417987266
869.333214080015,20,4,grocery,0,1,396.6412502325657,0,0,0,TXN000618,2.1862249290574707
1206.3448411292325,12,2,food,1,4,2128.7873224120626,0,0,0,TXN003181,0.5664156361692502
24909.686627163504,0,5,utility,1,18,360.577548860173,0,1,1,TXN009851,68.89168507748367
779.6983139339735,10,4,grocery,1,2,1278.2222777427814,0,0,0,TXN001600,0.6095096430854613
362.4247005578035,19,3,food,0,4,2251.4128210157874,0,0,0,TXN005963,0.1609050957161388
2726.9646064800163,18,4,transport,0,4,710.9389112012839,0,0,0,TXN001615,3.830335108216935
440.6353718903215,9,3,food,1,2,197.481455911782,1,0,0,TXN005920,2.2200329490033988
24814.1310254758,3,5,shopping,0,19,325.65432378577566,1,0,1,TXN009591,75.96449585571456
1655.8522948996642,15,1,utility,0,4,906.2983144454535,0,0,0,TXN003891,1.8250362295798288
1435.5541050163538,21,0,utility,0,2,55.396050324099335,0,0,0,TXN002083,25.454869565624676
385.80554356033934,19,6,transport,0,4,1699.2845952495202,0,0,0,TXN004574,0.22690645121308153
3772.464458920789,13,6,grocery,0,1,1258.2481266319146,0,0,0,TXN005594,2.9958070845107576
1065.8318738937792,21,5,food,0,4,2496.787676864939,0,0,0,TXN005121,0.4267103580363333
1845.512870853889,9,6,transport,1,1,706.5185811627013,0,1,0,TXN004587,2.608430251854395
897.6527793006082,9,0,food,0,2,987.8855689600185,0,0,0,TXN004902,0.9077418130842407
1829.0564806319128,8,2,transport,0,4,4619.48676514139,0,0,0,TXN008252,0.39585796337108275
142.81548395973326,22,1,utility,1,3,333.50426023125544,0,0,0,TXN005916,0.42694668181804174
261.5004690084063,20,6,grocery,0,5,1516.5467692351326,0,0,0,TXN005129,0.1723178977476962
722.5344964235138,19,3,transport,0,3,458.43395924402984,0,0,0,TXN008334,1.5726623639497603
1221.4085921682308,13,2,transport,0,3,380.0907190352998,0,0,0,TXN001918,3.2050336866248736
1062.1666495264308,19,1,grocery,0,3,699.2471293657708,0,0,0,TXN008330,1.516845417829072
1128.4110399243777,9,3,transport,0,3,483.8717456995454,0,0,0,TXN005707,2.3272361195152143
1255.7873216475812,17,6,shopping,0,2,1079.8959273141406,0,0,0,TXN005384,1.1618022511825155
2702.046392171481,10,6,grocery,0,3,566.158945539917,0,0,0,TXN006336,4.764178390238066
713.0648009442324,20,4,food,0,2,441.23183801149014,0,0,0,TXN002054,1.6124230316626489
796.1841408197846,21,4,utility,1,2,1987.5165162070114,0,0,0,TXN007612,0.4003910122599651
2621.111322544399,16,5,grocery,0,3,2347.550811970578,0,0,0,TXN009209,1.1160547641484182
242.25886134000933,16,4,food,0,5,1705.2635110077786,0,0,0,TXN003963,0.14198209114659133
780.9177599493518,9,5,utility,0,4,1854.1967318270729,0,0,0,TXN001126,0.42093528225455223
385.4089695732327,20,1,utility,0,5,744.0687603493855,0,0,0,TXN003428,0.5172797332054329
437.63426120670374,19,0,utility,0,4,4587.564447896674,0,1,0,TXN004601,0.09537498408839139
837.5711742739868,20,5,grocery,0,2,2363.504870371098,0,1,0,TXN003721,0.3542268763195797
358.0776125653463,18,0,transport,1,5,1708.5010085499887,0,0,0,TXN002389,0.20946323563100464
1429.619955784678,21,5,food,0,4,817.2442034259269,0,0,0,TXN001322,1.7471800592035567
4350.920367756158,13,4,transport,1,5,1020.4213026160876,0,0,0,TXN001603,4.259672631276127
779.615046170496,21,3,utility,0,3,1484.2771262590934,0,0,0,TXN007224,0.5248953426853616
825.3936675493431,13,2,transport,0,3,598.9127907245318,0,0,0,TXN007425,1.3758560916037341
1072.4397382241502,16,2,grocery,0,2,884.2196187007924,1,0,0,TXN004336,1.2114956735800035
351.88586683672264,22,4,food,0,1,1553.2856237605529,0,0,0,TXN005593,0.22639717015804606
294.4917943424114,8,5,utility,0,3,505.8682221644092,0,0,0,TXN004411,0.581002677747056
242.86387067829276,8,1,transport,1,1,1718.457252309474,0,0,0,TXN005858,0.1412444946520725
1220.7082044824735,19,0,utility,1,3,2291.4798694053584,0,0,0,TXN009343,0.5324837180791082
1313.5230294107048,11,0,utility,0,4,1809.4125789144407,0,0,0,TXN003991,0.7255379490338711
309.54737686338046,13,5,transport,0,2,1733.7577569118607,0,0,0,TXN006079,0.17843838750974836
3469.1524176019193,21,0,shopping,0,5,1001.6399961029146,0,0,0,TXN001559,3.460017983609177
987.7687497867137,22,3,transport,0,1,983.3160348717581,0,0,0,TXN004682,1.003507730030432
137.6948932657575,15,5,transport,1,5,1908.2520107458504,0,0,0,TXN007557,0.07211981052829528
534.5985090743502,13,0,food,0,3,6330.774269326664,0,0,0,TXN003772,0.08443107513546921
3872.9089115203656,13,3,grocery,1,5,492.4911642792811,0,0,0,TXN008779,7.847980251432775
1372.5423628642918,18,2,grocery,0,4,1175.0506704491354,0,0,0,TXN003457,1.167077573570972
3268.3985747434003,20,3,utility,0,3,7139.411784991263,0,0,0,TXN008383,0.4577325052335759
943.4391402655051,15,1,grocery,0,2,80.279436963904,0,0,0,TXN001354,11.607353292622882
1755.501495282994,17,0,transport,0,4,919.2118197293694,0,0,0,TXN000045,1.9077145692382869
24083.82810290203,2,2,shopping,1,15,609.256145684597,1,0,1,TXN009872,39.465113580928104
32124.778238200048,21,0,grocery,0,2,2609.3654949566057,0,0,0,TXN000748,12.306620777920635
792.3637413300619,9,4,food,0,1,1301.9280225521097,0,1,0,TXN007917,0.608140839413385
975.1484342385371,13,3,shopping,0,4,360.29203484871675,0,0,0,TXN004241,2.6990587673676765
289.5281461495922,16,5,utility,0,3,367.97670761811963,0,0,0,TXN005628,0.7846786536163838
2225.6217953760047,16,4,grocery,0,4,881.4627071670253,0,0,0,TXN004657,2.522057620452801
321.97222297964976,18,1,utility,0,4,2790.9159929942475,0,0,0,TXN004238,0.11532303399800509
56.07521018638203,12,6,transport,0,1,2238.568306855551,0,0,0,TXN003460,0.025038401380627684
2970.4318207292977,10,4,food,0,2,635.2837947008761,0,0,0,TXN007381,4.668407156472891
707.3145637066644,10,2,shopping,0,3,1135.8244027295843,0,0,0,TXN005549,0.6221845361591106
1316.3102076604075,10,5,shopping,0,1,302.92345022795115,0,1,0,TXN007075,4.3310583855018026
502.298743078706,17,4,shopping,0,3,2110.5324414530205,0,0,0,TXN005838,0.23788350736068087
877.8141783176787,14,1,grocery,0,1,556.7028031278368,0,0,0,TXN008091,1.573982008687279
3451.181369965395,8,6,transport,0,4,305.3577750533544,0,0,0,TXN005474,11.265199224548315
976.0478846675558,13,2,utility,0,2,2504.216920984908,0,0,0,TXN003614,0.38960613609612277
1061.4000274540615,20,5,utility,1,5,497.8110626304628,0,1,0,TXN007501,2.127859839067733
2593.880003466763,15,1,food,0,4,213.6865910092076,0,0,0,TXN007053,12.08217053181265
5104.383459048423,16,5,grocery,0,3,1670.1203118670755,0,0,0,TXN007367,3.054467965472516
1328.0168886927179,21,6,grocery,0,2,1168.629896811766,0,0,0,TXN008019,1.1354163332458334
9977.806044322855,5,6,food,0,16,429.4427715877869,0,1,1,TXN009638,23.180331284266728
1579.0865149103013,22,5,food,0,4,556.5694421127303,0,0,0,TXN009055,2.8320894145971494
187.14223960115473,9,6,food,0,3,3290.497176986749,0,0,0,TXN000664,0.056856266172610526
3322.406343817709,14,4,food,0,1,235.97144966087305,0,0,0,TXN002319,14.020281129108017
875.959711438449,10,5,transport,0,4,388.5115835447395,0,0,0,TXN003542,2.248866910367085
2788.956957272261,13,1,utility,0,5,915.2326989232866,0,0,0,TXN003677,3.0439395587493348
200000.0,1,3,transport,1,9,334.73805547424,1,1,1,TXN009599,595.7025030048918
756.7772045091665,22,6,utility,0,5,1017.7704278231431,0,0,0,TXN003091,0.742833894507725
3365.0164901928765,22,4,grocery,0,1,652.9029009731953,0,0,0,TXN000675,5.146049184343372
255.37328609800386,10,0,food,0,3,1296.6923008850642,0,0,0,TXN008676,0.1967903222696411
738.7304419652955,9,4,grocery,0,3,1027.4105553159409,0,0,0,TXN004884,0.7183225008210345
596.6962526776991,15,1,grocery,0,1,811.2022283300594,0,0,0,TXN008079,0.7346646338370008
996.0403192693875,20,3,food,0,2,677.5608237594469,0,1,0,TXN001962,1.4678718316672061
430.6975506339232,13,1,food,0,5,1017.6330434089474,0,0,0,TXN001840,0.4228191431848264
707.8115437649946,11,1,shopping,0,4,2240.7304344016707,0,0,0,TXN007168,0.3157433797136778
83655.11553810103,1,5,transport,0,5,298.6518960503831,0,0,1,TXN009898,279.17432407647897
1291.970774322695,18,2,transport,0,3,292.8933720758914,0,0,0,TXN003538,4.39605277654602
989.1756679590096,20,3,food,0,4,2592.394974536665,0,0,0,TXN008026,0.38142114011605016
852.0511140183644,13,2,grocery,0,1,414.03343272058,0,0,0,TXN004866,2.052969825667045
139.5575258421259,21,5,utility,0,2,4708.234275827336,0,0,0,TXN004174,0.029634865812151148
367.9253595465768,8,4,transport,0,2,770.3185432384953,0,0,0,TXN008088,0.4770083161773702
808.1040673731227,20,2,shopping,0,1,520.2703363403259,0,0,0,TXN004377,1.5502590710351285
383.2436627165498,9,6,grocery,0,2,277.91195285233033,0,0,0,TXN006211,1.3740668293246572
599.0117017284922,20,1,utility,0,3,1809.95528394306,0,0,0,TXN004766,0.3307711167910462
1929.0619083941097,22,3,transport,0,1,1183.4295393371146,0,0,0,TXN000411,1.6286843955899146
308.28276276709204,9,1,transport,0,3,2625.593127439622,0,0,0,TXN000613,0.11736982007091563
582.4203283834145,15,2,utility,0,4,7069.179761258306,0,0,0,TXN006126,0.08237701841399277
839.6593200760029,22,4,food,0,5,3029.9247980656473,0,0,0,TXN005210,0.2770307335278916
760.2583599866645,14,2,food,0,1,1577.7412485979455,0,0,0,TXN001430,0.48155982537470127
651.3890586916125,21,3,utility,0,3,778.0805933762914,0,0,0,TXN002425,0.8360997106457192
4411.594978496243,20,6,grocery,0,4,5686.067276852086,0,0,0,TXN008841,0.7757240707266885
3295.7627006606413,13,5,grocery,0,5,388.093892891828,0,0,0,TXN003833,8.470353199752987
1155.1906224722445,14,2,grocery,0,2,892.1273184075649,0,0,0,TXN004718,1.2934221120141474
1990.2363370153423,21,5,transport,0,3,566.009898644135,0,0,0,TXN007185,3.510055718206162
660.0286418691421,9,2,transport,0,4,1220.520654472448,0,0,0,TXN001417,0.5403335911288345
258.42361659386864,22,3,utility,1,1,346.21677844345857,0,0,0,TXN007199,0.7442716845434669
344.6688874936107,9,4,utility,1,3,2114.4865047538838,0,0,0,TXN000604,0.16292653567823615
498.6739008269445,19,6,transport,0,2,298.1846459008362,0,0,0,TXN001272,1.6667763792672314
29370.94464826004,8,0,utility,0,5,867.2635041755738,0,0,0,TXN003964,33.82722469274819
1466.9099633632936,10,6,shopping,0,2,1004.0623037610046,0,0,0,TXN006367,1.4595214225765176
5239.39512692787,10,1,grocery,0,4,206.03475440216866,0,0,0,TXN008746,25.30683866125323
1470.4915863067672,22,0,utility,0,1,410.70694737305774,0,0,0,TXN000247,3.5716948564735267
722.9170724991002,14,1,utility,0,3,1087.5517130655514,0,0,0,TXN009226,0.6641090761441546
268.01400944897654,14,4,transport,0,2,533.1640757373082,0,0,0,TXN001982,0.5017447290498449
1025.5557689881496,21,0,food,0,3,1044.7606940070525,0,0,0,TXN002835,0.9806792078391439
293.594700905657,19,4,food,0,2,2982.73018936764,0,0,0,TXN005375,0.09839854218449971
2567.580755969233,19,0,grocery,0,4,1142.6643522448367,0,0,0,TXN000199,2.2450474660064974
473.06278148740387,21,4,transport,0,2,1485.988472942034,0,0,0,TXN000485,0.318134800703223
4228.262003932498,11,4,grocery,0,3,340.42861190692804,0,0,0,TXN006083,12.384029505661653
3028.602342533428,17,3,food,0,5,946.0386081509669,0,0,0,TXN008956,3.197971356676348
8949.988447648253,15,2,transport,0,5,2660.820292728289,0,0,0,TXN000455,3.3623563814951507
130474.39472632826,3,5,shopping,1,12,329.6400046975753,1,0,1,TXN009798,394.6116406744809
2519.2918732750168,17,2,food,0,2,3134.040564573401,0,0,0,TXN008826,0.8035914755756368
1028.9046598359485,11,0,transport,1,5,1379.154338881028,0,0,0,TXN006515,0.7454997103223555
908.1460111025184,9,4,utility,0,1,2377.960463232705,0,0,0,TXN001721,0.38174069100268415
483.9892567019684,21,5,transport,0,1,3174.0473336799587,0,0,0,TXN007050,0.15243528862324482
2354.7447546415965,8,4,transport,0,4,2811.4208951866635,0,0,0,TXN006382,0.837266128505744
2699.417192406802,13,2,transport,0,5,2851.3816169131796,0,0,0,TXN008165,0.9463730857051609
2363.369643416677,9,0,utility,0,5,1437.6285752165948,0,0,0,TXN005767,1.6427934799368602
281.6876213751727,14,4,grocery,1,1,566.5806984380088,0,0,0,TXN005809,0.49629527950894303
957.5699374389836,12,2,grocery,0,1,861.7269731656452,0,0,0,TXN004626,1.1099339272137587
291.8822388041923,15,3,grocery,0,5,713.8983088378457,0,1,0,TXN000862,0.4082849759131232
1215.7517949751218,12,3,utility,0,5,1776.7160461562976,0,0,0,TXN002094,0.683884131891462
9992.654739626172,21,4,transport,0,1,572.9031191252905,0,0,0,TXN000947,17.4117449559368
3259.6654166187786,20,2,grocery,0,1,1546.5975692295528,0,0,0,TXN005641,2.106274577726012
408.2979518382225,21,6,food,0,4,2084.345316655888,0,0,0,TXN001444,0.19579392850531793
526.0145670276421,17,2,grocery,0,3,1615.7852085530194,0,0,0,TXN001280,0.3253459793205378
894.8729157187679,17,2,transport,0,5,988.605711113779,0,0,0,TXN003110,0.904272182010357
1279.026126776714,8,5,utility,0,3,890.156716772295,0,0,0,TXN008952,1.4352426489128127
788.8715795503775,11,4,transport,1,5,1794.5815893569722,0,0,0,TXN007609,0.4393404255347069
4389.452970740787,13,3,food,0,5,615.5080658468612,0,0,0,TXN005135,7.119863005703342
354.83696474065863,18,3,food,1,3,886.2758708499015,0,0,0,TXN003016,0.399917293367584
10999.849142487956,15,4,utility,0,1,1237.9554802921605,0,0,0,TXN002302,8.878324780398131
6960.733890248433,12,5,food,1,4,775.8188254440211,0,0,0,TXN002004,8.960562826563523
3861.790464201817,22,2,grocery,0,2,508.2374623648204,0,1,0,TXN004580,7.583476765963479
1186.274758525994,11,4,food,0,4,3644.0011843463594,0,0,0,TXN008704,0.32545250290192235
807.84285853284,17,0,food,1,4,629.3165757360044,0,0,0,TXN001005,1.2816462229151164
1893.9103741035015,18,0,transport,1,3,820.48224348068,0,0,0,TXN005138,2.3054793808796954
1670.3134167765259,8,3,transport,0,3,1242.4528112172202,0,0,0,TXN004317,1.3432865338423663
9417.366778774325,19,2,grocery,1,4,310.26384835690806,0,0,0,TXN006558,30.25525395411799
772.8729310150528,8,5,grocery,0,4,489.5836245881665,0,1,0,TXN004387,1.5754152651627162
813.9081109340902,16,3,utility,0,3,733.4405546318169,0,0,0,TXN002132,1.1082014817960473
2265.2011165583913,14,3,grocery,0,2,2938.592888763051,0,0,0,TXN004265,0.7705832753975546
2284.6096982946933,14,0,transport,0,1,1429.373669633075,0,0,0,TXN002057,1.5972117963278436
1585.915628175817,14,4,shopping,0,4,1440.9285728919492,0,0,0,TXN005386,1.0998572730929976
1295.2941965235689,17,5,transport,0,1,685.0667150701141,0,0,0,TXN000229,1.8880003475918423
1956.8206168410786,20,3,food,1,5,387.5379895396356,0,0,0,TXN002889,5.03636882241462
417.3933553560037,11,3,shopping,0,2,438.27907566853804,0,0,0,TXN004472,0.9501780951454916
554.8225836624905,11,6,food,0,1,1438.1976326594554,0,0,0,TXN006064,0.38550826590594683
1299.0356622899885,22,4,grocery,0,1,996.2683644617969,0,0,0,TXN007924,1.3025938740080747
728.7477529970346,16,6,grocery,0,5,285.6518971279545,0,0,0,TXN007649,2.542274306566822
629.2946572812699,10,5,food,1,2,908.6315379489225,0,0,0,TXN008381,0.6918127077038593
455.9497668990053,10,4,grocery,0,4,1233.7552934759206,0,0,0,TXN000209,0.3692632615613054
709.3075181993864,18,0,food,0,1,1357.8208482558214,0,0,0,TXN002758,0.5220022338558108
376.8898092746088,12,1,shopping,0,5,690.0238492346239,0,0,0,TXN008471,0.5454078172440082
780.2852181324303,13,6,grocery,0,1,1776.663864860486,0,0,0,TXN002948,0.43893856063371595
588.6739821598024,20,5,shopping,0,4,1393.2737749558096,0,0,0,TXN007116,0.4222083157079104
1806.080670381034,8,4,food,0,4,1364.3535867469018,0,0,0,TXN006330,1.322793368627837
187.15614731878546,20,3,food,0,3,938.1531899265219,0,0,0,TXN001728,0.19928180974759646
1115.1016740966875,16,6,utility,0,1,360.2630758419907,0,0,0,TXN004176,3.086674915496791
1014.527802345278,18,5,transport,0,2,413.2695980925175,0,0,0,TXN000337,2.4489554797567035
379.08470746541263,16,5,transport,0,3,423.0520751325392,0,0,0,TXN004984,0.8939579115299181
1433.2448153280736,19,1,shopping,0,5,350.19304458080705,0,0,0,TXN006878,4.081074034478192
1225.4805739405517,10,2,utility,1,5,2181.1120454029638,0,0,0,TXN007248,0.5616029555046272
466.13128881232853,18,4,utility,0,1,601.5598038157005,0,0,0,TXN008452,0.7735851045166959
25790.752670699098,13,1,utility,0,5,594.1532188185453,0,0,0,TXN001226,43.33464367696274
2019.1663340983907,13,3,transport,1,4,1496.1497794450813,0,1,0,TXN007608,1.3486735674815347
80.0688494411401,11,3,transport,0,3,1468.7156724295223,0,0,0,TXN006827,0.05447914242404574
661.1036985135231,11,2,shopping,0,5,347.10086865516223,0,0,0,TXN003540,1.899172791689956
907.6144417874606,20,4,food,0,4,1510.8178557225071,0,0,0,TXN005868,0.6003464229185903
2070.875050077586,11,0,transport,0,1,1600.0433294510487,0,0,0,TXN002111,1.2934534699867422
840.6468326284942,16,2,transport,1,5,1384.3796990887095,0,0,0,TXN002691,0.6067988676183607
268.1558951287548,21,4,food,0,2,1632.7991463717979,0,0,0,TXN007153,0.16413027006670472
608.1496606520461,12,0,food,0,2,607.3741606436324,0,0,0,TXN003707,0.999630983683875
3977.598890993553,16,4,shopping,0,1,1257.0132384954866,0,0,0,TXN001017,3.1618100424368656
2354.991934067962,17,2,transport,1,3,687.222535128731,0,1,0,TXN008511,3.421846588658223
1613.508852502316,10,1,grocery,0,2,960.4871578296561,0,1,0,TXN002807,1.6781387451335845
1033.8796394881606,11,1,shopping,0,1,1015.0768934006052,0,0,0,TXN005015,1.0175210618440236
151.55995761775057,17,5,food,0,2,648.7209103646103,0,1,0,TXN001928,0.23326932410517337
8122.7777950750515,15,0,food,0,5,2163.180140903688,0,0,0,TXN000350,3.7532817354489056
922.9797548519795,8,3,grocery,1,3,2840.3217362097935,0,0,0,TXN005173,0.32484169008019365
4836.227017000246,15,6,transport,0,2,2908.776520921552,0,0,0,TXN004192,1.6620613240320494
5128.390833996161,18,0,food,0,5,727.9746456670965,0,1,0,TXN001934,7.035074353379036
299.7915460768406,10,4,grocery,0,3,1642.8191923247286,0,0,0,TXN006901,0.18237501270006962
725.2824735215777,13,2,grocery,0,1,4443.953639146632,0,0,0,TXN004823,0.1631698623657235
454.2130198757296,13,0,shopping,0,2,1463.0301993111955,0,0,0,TXN000564,0.3102483952103106
951.7832860064564,16,3,transport,0,1,478.3479645839955,0,0,0,TXN001582,1.9855790705869925
2225.369490650863,14,3,transport,0,4,4254.773812262074,0,0,0,TXN004694,0.5229059599546741
4839.863814798607,20,0,utility,0,4,1283.285919636993,0,0,0,TXN002175,3.7685251709110132
4202.969198918836,13,3,grocery,0,3,5533.428486149333,0,0,0,TXN007028,0.7594224425227181
1015.0719366727682,11,1,transport,0,5,739.3133958353778,0,0,0,TXN004880,1.3711381455246392
690.5352584082921,12,3,food,0,4,486.09553109859814,0,0,0,TXN002228,1.4176587842036956
412.39308177362926,16,4,grocery,0,5,1706.662142141756,0,0,0,TXN001115,0.2414957101856251
4023.3543275724915,18,0,shopping,0,5,585.2869561786362,0,0,0,TXN003126,6.86243192889083
1091.9682298701523,20,5,shopping,0,2,9078.831629673821,0,0,0,TXN003544,0.12026304830383508
799.2737186513243,13,4,grocery,0,2,3100.4931630986653,0,0,0,TXN005048,0.25770610367968033
419.9045740652371,18,6,grocery,0,3,1217.338251800523,0,0,0,TXN007476,0.344653525771419
291.7942456707919,8,0,shopping,0,2,800.076497697989,0,0,0,TXN000821,0.36425266065014456
3251.4732806244483,21,4,grocery,0,4,423.6779560747919,0,0,0,TXN006532,7.656326951078706
263.8113716066497,15,5,transport,0,3,3199.591054911637,0,1,0,TXN002272,0.08242582919233118
5054.233933298035,9,2,grocery,0,5,488.35882837291445,0,0,0,TXN005545,10.32827782039414
2137.1856965069346,17,6,grocery,0,4,781.3288832604875,0,0,0,TXN000081,2.731825121424449
573.0663359308778,11,1,utility,0,5,5769.880784731587,0,0,0,TXN001323,0.09930309727538968
5607.660275720105,14,0,grocery,0,1,1722.617754623045,0,0,0,TXN009405,3.2534245256405474
1112.4134484679896,12,5,utility,0,3,327.1297762020679,0,0,0,TXN001614,3.3901630670145173
3440.589517837951,14,4,grocery,1,4,937.2082787529549,0,1,0,TXN000831,3.66719159887515
264.8347415798251,11,1,grocery,1,2,1413.8178543545857,0,0,0,TXN003883,0.18718645708682968
1039.781976769337,14,5,grocery,1,5,7136.07583975691,0,0,0,TXN008641,0.14568739356491864
480.5362654934949,18,1,food,0,3,1036.29063860542,0,0,0,TXN004464,0.46326096815020845
1569.1664204166866,8,0,grocery,0,3,834.610436793746,0,1,0,TXN005339,1.8778683837861212
469.17534472206114,15,0,shopping,0,4,2328.4951321400604,0,0,0,TXN008066,0.201406449942241
1663.8226956184253,18,4,grocery,0,1,268.3047311269624,0,0,0,TXN001649,6.178215617140511
1092.0996591034004,9,6,grocery,0,3,2395.4489663487802,0,0,0,TXN004065,0.45571580051934885
9764.306761957121,1,1,food,0,13,108.08466587176456,0,1,1,TXN009665,89.51126800384243
177.8515092953906,9,3,transport,0,5,991.3147545643187,0,0,0,TXN003038,0.17922892759311765
407.1831487930099,16,3,transport,1,2,523.7195304994709,1,1,0,TXN003320,0.7760015115225837
651.8346898119443,11,3,food,0,5,1150.2887451526576,0,1,0,TXN007143,0.5661782872076221
586.1054861996581,15,6,food,0,2,1151.4463600261683,0,1,0,TXN006889,0.508575068245562
481.6089101675925,20,3,grocery,0,1,491.3693249215531,0,0,0,TXN005092,0.9781456435051575
435.6885284144601,13,4,grocery,1,4,1012.2829559536758,0,0,0,TXN003720,0.4299771607274311
3124.2656246080123,14,6,transport,0,3,1047.9216016583816,0,0,0,TXN002423,2.978550179220677
2157.072972653942,17,6,grocery,0,1,633.3812853757242,0,0,0,TXN000749,3.4002783852243925
2092.4339593320733,9,2,transport,0,2,557.2587250840256,0,0,0,TXN005271,3.7481437643757975
4406.4891848624,14,1,grocery,1,4,4440.091634576829,0,1,0,TXN002373,0.9922085710988203
2440.32691215967,15,6,transport,0,2,508.457793762283,0,0,0,TXN004693,4.790047266012277
5000.0,1,6,utility,1,9,213.16017481766985,0,1,1,TXN009879,23.34701119971005
326.1893538960636,10,4,transport,0,5,1214.5755441348058,0,0,0,TXN008370,0.2683414909669239
1515.8855478807945,22,2,transport,0,3,720.8041872189349,1,0,0,TXN007319,2.100134045663276
1535.948314882782,10,6,grocery,0,4,1276.0331008660628,0,0,0,TXN004368,1.2027474572437684
146.1711352580395,21,0,grocery,0,2,957.4799566448125,0,0,0,TXN006785,0.15250306930748544
1431.1237590848314,18,3,transport,0,4,1027.438470511893,0,0,0,TXN007401,1.391550199763051
592.2499654272779,16,4,grocery,0,3,1344.7664916573126,0,0,0,TXN001139,0.4400837508577892
348.4343509071881,17,2,shopping,1,3,6589.708564308379,0,0,0,TXN007631,0.052867509996438806
3486.248998235063,8,5,grocery,0,3,2127.158020697745,0,0,0,TXN002231,1.6381532594520634
606.7543012964533,15,0,grocery,0,2,2590.432384039672,0,0,0,TXN002164,0.23413858105400776
257.9120580481113,19,6,grocery,0,2,1049.347576650506,0,0,0,TXN005217,0.24554924844076573
3215.0394532001255,15,2,food,1,1,1409.3422962274449,0,0,0,TXN009444,2.2796164178016247
440.7917591549976,9,0,shopping,0,3,928.8325925518029,0,0,0,TXN009237,0.47405496719070983
290.94156534510324,12,0,food,0,2,2267.3324805145085,0,0,0,TXN004561,0.12826231068168242
2759.9768338419126,16,4,transport,0,2,1196.4000278527772,0,0,0,TXN001570,2.3049747533338603
1531.996482919582,15,1,grocery,0,5,475.19081735978324,0,0,0,TXN000172,3.2171903091572864
454.9377943540006,18,4,grocery,0,2,1339.820784176526,0,0,0,TXN007163,0.3392979880106823
1960.587672048808,17,3,transport,0,5,1284.9782424289574,0,0,0,TXN002087,1.5245885251881457
1006.401221021642,20,1,transport,0,4,1861.2870021876608,0,0,0,TXN004667,0.5404114509951501
1289.2185525742163,21,3,utility,0,3,2678.9841746903107,0,0,0,TXN004565,0.4810545393325667
1293.3942746821438,9,3,grocery,1,1,1312.9656793416905,0,0,0,TXN007089,0.9843440319766547
438.5006554809084,14,4,grocery,0,2,708.8374299976291,0,0,0,TXN006569,0.6177480039089697
2366.6134240525857,12,2,food,1,3,2108.3212630222874,0,0,0,TXN004783,1.1219786504506402
584.5055268830478,13,2,food,0,2,776.7389409130197,0,0,0,TXN002684,0.7515446329546939
617.3976430896704,16,2,grocery,0,1,1751.0432609713503,0,0,0,TXN001832,0.35238721374230164
442.09980620330816,20,0,food,0,5,578.6451501169479,0,0,0,TXN008546,0.7627076774714859
709.9392387400519,8,5,grocery,0,3,227.0568688680102,0,0,0,TXN005065,3.112992133339054
1465.2940170789584,11,4,grocery,0,1,1793.0822829601273,0,0,0,TXN009130,0.8167373542429235
2137.4805538180926,19,6,food,0,4,974.2258148892887,0,0,0,TXN009355,2.1917801202388674
958.1552028725225,18,4,food,0,2,1680.009057848346,0,0,0,TXN004412,0.5699881261192844
4271.49094617759,14,5,grocery,0,4,329.7675083305887,0,0,0,TXN007207,12.913877084651276
37715.56365635484,5,5,grocery,1,15,1003.9188012887373,1,1,1,TXN009890,37.530956339942385
3075.9852187844413,15,2,transport,0,3,4502.612582986309,0,0,0,TXN000834,0.6830039578459435
683.2199847247844,15,4,grocery,0,1,475.81672184733793,0,0,0,TXN006821,1.4328775678792791
783.2524664256975,12,2,food,1,3,4266.975140248058,0,0,0,TXN003781,0.183518516553537
1013.5092782645253,9,6,utility,0,3,639.0970884173198,0,0,0,TXN009012,1.583368049322784
940.3149147532869,18,0,food,0,2,2316.873629604578,0,0,0,TXN007499,0.4056799744141796
1136.1168070341864,20,2,food,0,2,624.6124055218478,0,0,0,TXN003424,1.816007478442674
196.15839665192937,16,5,grocery,0,4,1105.7088632424588,0,0,0,TXN000065,0.17724480499525447
470.7422425823011,22,3,utility,1,2,685.0667917222365,0,1,0,TXN002963,0.6861463756328954
22941.137014318203,19,4,shopping,0,1,709.0326310796802,0,0,0,TXN005669,32.30997564074451
1795.6413357412328,14,6,transport,0,2,838.1843422905431,0,0,0,TXN008962,2.1397459953078393
403.1749663954377,9,4,utility,0,3,1774.8945051927892,0,0,0,TXN000354,0.22702641695018336
1389.4272803227234,20,2,food,1,5,913.6882659232931,0,0,0,TXN008171,1.519017278438819
324.3502444087208,18,4,food,0,2,3224.7939768845154,0,0,0,TXN004030,0.10054896460622062
624.4890530101684,16,4,shopping,1,3,2021.5681143355982,0,0,0,TXN008534,0.3087604558698926
728.275772913142,13,4,grocery,0,2,994.4460721836051,0,0,0,TXN003651,0.7316074604780952
1171.2753742504144,22,3,transport,0,1,2172.205423563631,0,0,0,TXN006739,0.5389621071024903
676.6284342809648,9,5,grocery,0,4,468.9995908000985,0,1,0,TXN003297,1.4396362199573707
585.7963175415389,22,5,utility,0,1,1326.8942028500849,1,0,0,TXN004127,0.441146829532227
498.81822078533907,18,2,grocery,0,1,1010.6075634575333,0,0,0,TXN008043,0.4930945939949758
2058.140874245991,9,5,food,0,1,907.3402369159174,0,0,0,TXN004767,2.2658259434085903
569.7685492255291,8,4,transport,0,2,1886.2350373545903,0,0,0,TXN000472,0.30190651293979553
617.8816014613342,19,0,food,1,2,558.3226676915391,0,0,0,TXN003761,1.1046961568918385
654.566685773597,9,3,food,0,3,2557.9843260013254,0,0,0,TXN008617,0.2557915963465178
814.0734824325182,16,3,grocery,0,4,924.8686690077808,0,0,0,TXN003566,0.8792537318547895
1141.7388648692724,10,6,transport,0,1,963.7660531189042,0,0,0,TXN002760,1.183435985520271
5577.136405157178,20,5,grocery,0,3,953.6244573837888,0,0,0,TXN000868,5.842230797691574
510.0551104355605,16,3,transport,0,2,1919.3894899612853,0,0,0,TXN009382,0.26559982394292475
1089.333616163023,11,3,transport,0,2,1543.8483412266328,0,0,0,TXN008688,0.7051395189369046
3554.646803270679,20,3,transport,1,3,1015.8886406754199,0,0,0,TXN004052,3.4956106903796997
519.0449630387775,13,6,utility,0,4,2940.5000120531245,0,0,0,TXN006130,0.17645587656363518
5873.346908400858,18,0,food,0,3,1188.6056507148492,0,0,0,TXN003244,4.937221763255319
529.3610597133226,13,3,transport,1,2,2042.4901026431219,0,0,0,TXN004842,0.25904752806418213
8389.608688546032,18,3,grocery,0,1,10698.569792242219,0,0,0,TXN009330,0.7841071044397471
1134.069361849199,16,3,food,0,3,276.36060412325725,0,0,0,TXN005640,4.088790350864775
713.9534111870279,17,2,transport,0,3,2396.6173253124657,0,0,0,TXN005780,0.2977762145983755
1325.6364396044671,16,3,food,1,1,989.8994161740625,0,0,0,TXN008540,1.3378113035153958
1645.5403453414822,14,5,food,1,5,328.85016635786315,0,0,0,TXN001075,4.988750994159548
15250.784215452639,20,0,shopping,0,4,843.1833309548949,0,0,0,TXN002957,18.065725365841764
385.99052446136716,12,2,transport,0,3,1749.7619008337256,0,0,0,TXN006752,0.2204700275220495
2236.4879436293,11,1,transport,1,4,739.6539292569769,0,0,0,TXN008657,3.0196126089183672
2632.4134427699705,17,2,food,0,4,463.20395684845244,0,0,0,TXN007272,5.670812159038464
2237.3017669171395,22,1,transport,0,5,789.3050216647557,0,0,0,TXN004759,2.8309345196925677
1846.0330263983276,9,2,grocery,1,3,1547.8529037439357,0,1,0,TXN004862,1.1918711079251223
4166.979569087366,15,0,grocery,0,5,1078.9256175009086,0,0,0,TXN007025,3.858580166595465
1288.1669239243179,11,3,transport,1,4,1452.116711034997,0,0,0,TXN007647,0.8864855204967039
3675.8195777485116,14,2,grocery,0,3,1668.763041911535,0,0,0,TXN007161,2.2014019267910343
4835.519801638808,20,0,grocery,0,3,1034.214932806019,0,0,0,TXN000073,4.671029801059582
2186.243989052223,15,5,transport,1,2,3651.6079467836194,0,0,0,TXN004901,0.5985432931495881
238.60621648759385,15,4,shopping,0,5,2642.779502297828,0,0,0,TXN004375,0.09025193526170032
1212.8919434437437,20,5,shopping,0,2,908.6589747225125,0,0,0,TXN006698,1.3333479657183958
41223.07358235407,1,6,shopping,0,14,682.1615177460487,1,1,1,TXN009805,60.34162128798054
511.76552004918597,22,6,food,1,1,1440.7157234902247,0,0,0,TXN001101,0.354969784757748
54017.793294930925,3,3,food,1,19,504.74026957174425,1,1,1,TXN009537,106.80935757928204
1120.607951203352,19,6,utility,0,4,3144.123190600008,0,0,0,TXN007655,0.3563001775423522
911.5302884511387,8,4,transport,0,1,839.2225985516911,0,0,0,TXN005235,1.0848676172509073
580.9673914339629,22,6,food,0,1,478.3575049084757,0,0,0,TXN005165,1.2119709934339877
295.01655400975665,21,2,transport,0,1,2257.8981134844867,0,0,0,TXN000118,0.1306019745860409
2846.257509650983,22,1,transport,0,5,1130.486612944915,0,0,0,TXN002022,2.5155025937452695
6239.981005435728,5,1,utility,0,5,180.91706598761934,1,1,1,TXN009885,34.30124035674805
3034.970709161378,22,6,transport,0,4,971.0838015129475,0,0,0,TXN002638,3.1221286728960624
2490.262969499282,17,6,transport,0,5,3375.9229658999498,0,0,0,TXN002034,0.7374355277410443
280.1495798000146,14,3,shopping,0,1,735.6563478223667,0,0,0,TXN002564,0.3802988742690755
67.78112583670875,16,1,grocery,0,4,3173.682358407128,0,0,0,TXN008665,0.021350522094663166
3213.1955343338996,13,6,grocery,0,5,444.2448677958745,0,1,0,TXN003543,7.216693030602232
492.4582363129447,12,4,transport,1,2,2278.0473037140405,0,1,0,TXN001219,0.21608074369953273
200000.0,5,6,shopping,1,16,456.07556132257605,0,1,1,TXN009714,437.5644136853167
6061.807195378031,11,3,grocery,0,3,2087.1240258093017,0,0,0,TXN006711,2.9029919298153923
1112.4681920053206,14,4,food,0,3,264.3340425575839,0,0,0,TXN002903,4.19270810967985
624.4797623949731,22,6,food,0,4,2764.463736543656,0,0,0,TXN003026,0.22581375924150182
2757.1046769615136,8,0,shopping,1,4,1686.7735212652897,0,0,0,TXN002510,1.633575027823975
2055.097758613342,10,4,grocery,0,2,1417.308649949386,0,0,0,TXN004201,1.4489778079592763
448.6157718307219,19,0,transport,0,1,3763.103713104547,0,0,0,TXN003207,0.11918262779765806
6077.232481918545,16,4,shopping,0,2,363.20188701122055,0,0,0,TXN004489,16.686438754589194
283.806443255324,12,2,grocery,0,2,712.5734445529857,0,0,0,TXN002755,0.39772562365057323
559.4827973642715,9,5,grocery,0,3,3644.2125038248537,0,0,0,TXN008889,0.15348427472396098
29.931603503071322,13,0,transport,0,5,4545.806295236441,0,0,0,TXN000177,0.006582995086997616
741.6249281872313,17,0,transport,0,3,2301.6342344455024,0,0,0,TXN001643,0.32207674023652394
1472.2814928692262,16,3,food,1,4,296.288290779248,0,0,0,TXN009292,4.952369597235405
289.48019673385545,9,0,transport,0,1,1461.0134308182705,0,0,0,TXN003518,0.19800105158530384
1742.8927472968153,11,1,transport,0,3,3721.48693882933,0,0,0,TXN001374,0.4682065446937285
1460.2847704777757,10,5,grocery,0,1,1419.725853552621,0,0,0,TXN001720,1.0278441592558023
1035.3522968427105,14,1,grocery,0,3,472.30109589570765,0,0,0,TXN003995,2.187512992936005
2503.4238097732896,8,2,food,0,5,2936.9679879201226,0,1,0,TXN003688,0.8520936307224845
1272.2571731230946,17,5,grocery,0,4,1097.3075688295041,0,0,0,TXN002264,1.1583796827321997
2484.884713393312,17,4,grocery,0,1,1086.8398925841566,0,0,0,TXN000087,2.2842375337886205
2395.0882009540405,16,1,grocery,0,4,776.0323766250792,0,0,0,TXN002848,3.0823531592811335
1287.8029005935323,9,5,shopping,0,3,2014.8998765561328,0,0,0,TXN008687,0.6388228480838807
339.042908695624,20,1,food,0,3,1016.3841154077629,1,0,0,TXN000403,0.3332496581782557
30292.54245292291,2,3,transport,1,11,354.03075953612193,1,1,1,TXN009900,85.3237124932575
1752.01810057052,12,2,food,0,1,725.5549089473562,0,0,0,TXN004077,2.4114049454415913
3247.6011957514283,10,5,food,0,5,1189.9843142317602,0,0,0,TXN006835,2.7268211318520015
747.3413045169667,21,4,food,0,3,1440.457138764076,0,0,0,TXN006537,0.5184623839441711
1622.7560728806277,14,1,transport,0,1,514.3837118183917,0,0,0,TXN002456,3.1486367063389973
2964.2482293172534,18,2,transport,0,4,4273.449643567561,0,0,0,TXN002751,0.6934806762264765
1727.9731247161883,18,6,grocery,0,2,1412.8851471262938,0,0,0,TXN002214,1.2221453264632385
1355.4369841209357,20,4,shopping,1,4,868.7975922832154,0,0,0,TXN001027,1.558336095829972
121012.55341577258,5,1,grocery,1,9,377.5859517506668,1,0,1,TXN009703,319.64353895379173
1624.1962598011169,15,1,grocery,1,2,2606.5043906304422,0,0,0,TXN001421,0.622893010511257
1498.2636227329167,13,5,utility,0,3,449.3531453776942,0,0,0,TXN002436,3.3268639024967386
1022.4635334689744,13,3,food,0,5,144.92106158046766,0,1,0,TXN004277,7.006963370432585
35322.59281350194,4,5,utility,1,5,229.87730710977425,1,1,1,TXN009609,152.99291756165218
3488.560785380596,10,4,food,0,2,380.6181404837173,0,0,0,TXN001278,9.141496211261593
3675.223324363031,19,6,food,0,1,577.2602489899432,0,0,0,TXN006220,6.35565617865417
476.81888599020004,11,3,utility,0,2,559.5366850725796,0,0,0,TXN004907,0.8506470650149515
364.0253929953091,19,2,grocery,0,3,1111.4720266400388,0,0,0,TXN005064,0.3272220642659776
1237.2355329963705,21,0,transport,0,2,62.495066988855605,0,0,0,TXN001978,19.485537879872226
2229.6490589097352,22,0,food,0,3,1513.3065406353096,0,0,0,TXN001061,1.472389505743211
937.0752682347928,10,1,utility,1,5,6287.1315807267565,0,0,0,TXN005014,0.1490228466444542
537.3711980333837,16,0,grocery,0,1,931.7965303507312,0,0,0,TXN004535,0.5760861887332839
2105.0199791517,9,4,shopping,0,3,679.6112182374808,0,0,0,TXN006993,3.0928376182262847
590.5277030576678,12,2,grocery,0,2,1986.7885327520169,0,0,0,TXN009253,0.29707772900777574
1805.6752709520194,8,0,utility,0,1,3540.5527683642945,0,0,0,TXN001502,0.5098541202270411
187.11744923919693,14,6,transport,0,1,1318.1357046579424,0,0,0,TXN008568,0.14184852140570126
572.4390372990778,16,1,food,0,5,3868.126963914717,0,0,0,TXN009314,0.14795044014784503
1410.739689527253,15,6,food,0,1,669.8006027065544,0,0,0,TXN008836,2.103068607623761
1135.4328786601186,15,6,utility,1,3,205.24605221334917,0,0,0,TXN008920,5.50523448315792
3960.3206632655383,19,2,food,0,4,760.4163286423006,0,0,0,TXN004918,5.201255232242365
2337.955398450783,22,3,grocery,0,4,620.1233370344158,0,0,0,TXN000678,3.7640759234928556
5214.415551444817,17,5,grocery,0,4,1246.1941671240936,0,0,0,TXN005076,4.180917205112291
7516.368304647244,22,0,shopping,0,3,1613.4744617258598,0,1,0,TXN008064,4.655613007722841
758.7461664914082,20,5,transport,0,1,668.4304839665964,0,0,0,TXN007568,1.1334203993752823
1781.76532520271,12,3,transport,0,4,1125.6242737623922,1,0,0,TXN000102,1.5815080206397973
1122.5803683117078,8,1,shopping,0,5,751.9064219891733,0,1,0,TXN000957,1.4909958734922977
1118.8199008281244,9,6,utility,0,1,491.4324271183275,0,0,0,TXN008556,2.272027265497853
528.774968583211,9,4,utility,0,1,2100.8055582845664,1,0,0,TXN003785,0.25158129708952814
25932.39128456271,2,2,transport,1,16,235.715614747805,0,1,1,TXN009630,109.55082668370179
476.7497614725148,19,0,transport,0,1,1218.6121794753,0,0,0,TXN007173,0.3909027553969012
2734.5212459327704,17,2,grocery,0,1,3731.6176656595294,0,0,0,TXN004043,0.7326014853036383
193.931577786868,14,6,utility,0,4,1173.1112828693206,0,0,0,TXN002648,0.1651730807942953
1687.2343787461916,17,1,food,0,1,1676.2201580586818,0,0,0,TXN006000,1.0059707252142145
1079.2809086383013,20,1,utility,0,1,1327.7513170955253,0,0,0,TXN007927,0.8122519953526494
1259.7077499151515,18,1,transport,0,4,834.483960430009,0,0,0,TXN002826,1.5077581492609409
1110.5112452751428,12,4,transport,0,2,2280.4574759445177,0,0,0,TXN004094,0.4867551803986151
1650.2544419946762,13,2,grocery,0,1,2635.735483399081,0,0,0,TXN007774,0.6258703053016498
1840.367877470833,19,1,utility,0,4,645.6168473603738,0,0,0,TXN009258,2.8461489752139966
1682.166559891543,17,6,grocery,0,5,298.43776471509983,0,0,0,TXN008113,5.617750190902076
933.6438622595176,11,2,shopping,0,2,674.7004519906232,0,0,0,TXN004772,1.3817422491119986
631.0007468995499,10,0,grocery,0,1,966.8310594542306,0,0,0,TXN001947,0.6519740617286837
282.8492115385733,22,0,grocery,0,2,3534.2513471575558,0,0,0,TXN006109,0.0800082324460444
335.93392362644784,13,3,transport,0,3,1347.172357647823,0,0,0,TXN002299,0.24917728191116223
695.2958941831372,20,0,utility,1,3,1200.2278038850382,0,0,0,TXN007844,0.5788210129122848
787.2143790969579,16,4,utility,1,5,506.09343274465834,0,0,0,TXN004382,1.552404997312106
1055.467121948278,16,6,grocery,0,4,661.6065691223902,0,0,0,TXN005425,1.592901687265528
2829.4023268645255,21,5,food,0,1,2846.7248928008403,0,0,0,TXN006771,0.9935658932565309
1022.009867824429,13,4,utility,0,3,1200.9742474754134,0,0,0,TXN008578,0.8502760104644708
4940.372434202016,9,1,grocery,1,3,2383.355733447327,0,0,0,TXN004291,2.0719946964705525
215.91368927050047,8,6,transport,0,3,364.9319594978393,0,0,0,TXN000528,0.5900378025652482
167.26250356366336,8,5,grocery,0,4,1474.3103581483547,0,0,0,TXN001233,0.11337445212110667
3413.9340494530425,17,0,grocery,1,1,787.6432442499928,0,0,0,TXN000779,4.328869960332604
2956.7728539226787,16,0,shopping,0,2,236.2607155882565,0,0,0,TXN005859,12.462125668768016
4288.135470561488,22,4,utility,0,5,2498.987275614645,0,0,0,TXN003059,1.715262918491139
1395.5989771556362,19,5,transport,0,1,675.0581962828164,0,0,0,TXN008587,2.064317812917711
4554.877179939454,19,5,food,0,3,1197.9305067520488,0,1,0,TXN001860,3.799116924865646
529.8183933479229,17,2,utility,0,5,1424.6769171765122,1,0,0,TXN008438,0.37162584801976306
859.0137766150978,14,2,grocery,0,2,2171.7805633180556,0,0,0,TXN007403,0.39535229241157094
2951.477675043552,20,6,grocery,0,4,1028.5819898409284,0,0,0,TXN004639,2.8666757035052246
2092.929761542388,13,0,grocery,0,1,3652.3605979403424,1,0,0,TXN004250,0.5728779586450679
711.4751470798661,17,5,transport,1,4,3985.849383108939,0,0,0,TXN001992,0.1784554867044059
681.1624606558522,9,3,grocery,0,2,1170.018937119207,1,0,0,TXN007379,0.5816835569982857
565.9536105688042,21,4,food,0,5,5355.15760217944,0,1,0,TXN007305,0.1056641071088938
1206.6552371269142,21,5,transport,0,5,396.05757588208166,0,0,0,TXN005303,3.0389931093652454
858.8550495198888,13,1,utility,0,2,8221.164870107892,0,0,0,TXN008192,0.10445607246849319
787.1400769409397,11,3,grocery,0,4,2128.459713387035,0,0,0,TXN007447,0.36964309397004064
2211.41949512756,22,3,utility,0,4,881.3091203986315,0,0,0,TXN002471,2.5063999045237453
506.24794838180105,19,1,grocery,0,3,598.3114592784566,0,0,0,TXN007197,0.8447159495186364
1300.4205598657413,21,1,grocery,0,4,471.6528707313505,0,0,0,TXN005312,2.7513226733470595
943.3302671803807,18,0,utility,0,1,813.8485914479023,0,0,0,TXN009035,1.15767552043525
1863.744475092093,14,6,grocery,0,4,623.0122910618819,0,1,0,TXN001396,2.9867111622441898
1981.8800455676555,19,0,transport,0,1,1526.8698978665766,0,0,0,TXN004002,1.2971523611631008
1228.756158533658,13,1,food,0,3,1968.401548906729,0,1,0,TXN005371,0.6239236275688803
43.26891883686838,11,4,transport,0,4,566.7595826294845,0,0,0,TXN003235,0.07620993138764043
553.438757147588,12,0,grocery,0,2,447.2585218932248,0,0,0,TXN001042,1.2346419088925145
1145.6304742653047,13,1,transport,0,5,1322.1671106343567,0,0,0,TXN003298,0.8658244790531886
1913.9948519739562,8,5,grocery,0,4,626.547243215062,0,0,0,TXN007256,3.0499613736937814
11132.641956734145,18,0,transport,1,2,1035.423952837744,0,0,0,TXN000257,10.741397790212014
1354.414825378403,16,2,food,0,5,866.9156650166958,0,0,0,TXN007286,1.5605373655196655
2557.6745434489826,22,5,food,0,5,1507.2103343307372,0,0,0,TXN008616,1.6958341189088466
4965.586275963098,11,4,transport,0,2,1607.245785858212,0,0,0,TXN007816,3.0875792242871016
920.2467361974706,8,0,shopping,0,3,875.4341466350483,0,0,0,TXN005843,1.049989596743389
2436.947079369875,13,5,utility,0,1,2559.520043232351,0,0,0,TXN002089,0.9517391147985392
301.8205349336076,17,3,transport,0,2,694.3051410914875,0,0,0,TXN007702,0.4340835657561956
2241.1215858775013,20,5,grocery,0,3,671.3555919933681,0,0,0,TXN000503,3.333238560912582
2037.2360596234146,15,5,grocery,0,4,266.1654068123433,0,0,0,TXN005265,7.625373673674628
1305.5342040638811,17,0,grocery,0,1,1565.5221911860372,1,0,0,TXN008814,0.8333965592121244
522.4356143320665,14,1,utility,0,5,792.1561414223331,1,0,0,TXN001345,0.6586794037744006
2057.481992312117,10,0,food,0,1,1657.6858950227836,0,0,0,TXN008455,1.2404289434702498
872.3717536747286,15,6,food,0,1,181.41230097722553,0,0,0,TXN005046,4.782417353441781
554.4214856896567,16,0,grocery,0,2,760.7835642561162,0,0,0,TXN002248,0.7277939715476153
958.9148789399392,11,0,food,0,4,441.9015051284764,0,0,0,TXN004981,2.165074780366299
19248.954433269217,9,4,grocery,1,1,319.1328097070866,0,0,0,TXN000372,60.12802764852975
1839.5484766446564,22,2,utility,0,3,488.7648199384994,0,0,0,TXN008454,3.755983283723097
4018.6177973859117,11,4,food,1,3,1380.9908604805405,0,0,0,TXN003370,2.9078468695433872
971.6337849289044,14,3,utility,0,5,925.9437583306701,0,0,0,TXN002006,1.0482122309973978
733.0152976046801,13,5,grocery,0,3,558.9489279076495,0,0,0,TXN003656,1.3090752764608808
844.0504995329985,21,5,grocery,0,4,5086.4788515302635,0,0,0,TXN008327,0.16590742176335857
1254.6140630779105,15,5,utility,0,1,792.2308155432764,0,0,0,TXN007521,1.5816506853917884
1669.5506836197717,20,3,transport,0,1,1282.5984535885914,0,0,0,TXN004001,1.3006798808086462
1187.022000156807,10,4,utility,0,2,2942.9347711984074,0,1,0,TXN006072,0.4032093413787147
1151.3802043250987,13,2,grocery,0,4,2166.4845704656477,0,0,0,TXN008736,0.5312057211451079
3673.9042315528536,10,4,grocery,0,3,1569.7489861559384,0,0,0,TXN000997,2.338950566852775
1084.6294407436076,9,6,transport,0,5,1986.9958778906398,0,0,0,TXN008179,0.5455893811482406
846.6061463728507,9,2,food,0,3,389.79977719626424,0,0,0,TXN003290,2.166342448930505
1349.4991435996405,19,6,food,0,3,2412.44994239221,0,0,0,TXN001176,0.5591577102535709
337.8437446815511,20,0,utility,0,5,1777.2800505806392,0,0,0,TXN000551,0.18998343065887696
541.7959637042086,11,4,transport,0,4,994.2619541403628,0,0,0,TXN000744,0.5443752385493061
181.13258883216452,12,6,grocery,0,4,1825.1149096099705,0,0,0,TXN007223,0.09919013742177463
926.7300970823218,14,0,shopping,1,2,9684.095063241146,0,0,0,TXN004554,0.09568621588440958
1239.5341783192823,10,3,transport,0,2,415.4005571030101,0,1,0,TXN002859,2.976783189107606
2776.2357602104735,9,5,transport,0,1,1307.4135213386623,0,0,0,TXN008820,2.1218335907825643
1253.2549665365225,17,5,food,0,3,2488.4948932954376,0,0,0,TXN003459,0.5034173678812178
3923.1615439483294,13,4,food,0,5,1692.4077142949332,0,0,0,TXN002724,2.316725919476383
176.70609832079035,14,0,grocery,0,2,730.8514344606472,0,0,0,TXN006847,0.2414507781227723
585.3705194040007,14,1,transport,1,5,1499.6401985021346,0,0,0,TXN007615,0.39008052695662077
1341.9609171808381,11,6,utility,0,4,718.403616690691,0,0,0,TXN007547,1.8653797201548081
938.4137199576281,12,0,utility,0,3,1850.2485523567088,1,0,0,TXN009174,0.5069085503202648
1011.2366421019652,18,1,grocery,0,3,1566.9553092035098,0,0,0,TXN006393,0.6449397098031151
1108.1951530104614,20,6,utility,0,2,442.5056373644182,0,0,0,TXN005358,2.498717174365663
1418.8213194901807,9,3,transport,0,4,1359.5298297416941,0,0,0,TXN009488,1.0428446980538115
3728.620564970309,22,3,food,0,5,592.142689910931,0,0,0,TXN002968,6.286211780727189
1201.2582970250148,11,4,grocery,0,4,624.1891545140192,0,0,0,TXN000693,1.9214317592549952
638.2313945919291,8,6,food,0,5,2910.398727074218,0,0,0,TXN002533,0.2192181334204654
376.8983883171337,20,3,transport,0,3,666.7320404507606,0,0,0,TXN006399,0.5644455642157054
7425.595291204902,9,3,utility,0,5,2154.1990900010974,0,0,0,TXN000982,3.4454335683675152
906.3946528595854,15,0,food,0,4,403.1269480390485,0,0,0,TXN005364,2.242846356219743
262.72172534680965,9,1,shopping,0,1,1626.0198076612467,0,0,0,TXN000079,0.16147420216380645
3411.0267165851624,16,1,transport,0,3,1840.8366522860115,0,0,0,TXN004053,1.8519702669352014
2249.203748916152,20,2,utility,0,5,1418.0800754015506,0,0,0,TXN006258,1.5849731018735536
51655.02336608906,2,3,shopping,1,14,298.8292927571088,1,0,1,TXN009576,172.28144352104616
259.07340173809985,13,5,transport,0,5,2850.339030074043,0,0,0,TXN009025,0.09086025863833257
983.1944422295707,8,0,utility,0,3,1410.92741403565,0,1,0,TXN003107,0.6963491412206165
406.9399403173671,16,3,food,1,4,3037.5182855908565,0,0,0,TXN003601,0.13392709935205652
423.6433532433657,14,0,utility,0,1,3012.125981836911,0,0,0,TXN006073,0.14059928320192486
807.0671912377304,9,2,food,0,2,1102.685322647755,0,0,0,TXN008126,0.7312475527911942
1428.6449476495677,18,4,transport,0,1,1303.6294302138365,0,0,0,TXN002142,1.0950580406693757
7658.597005265763,13,2,grocery,0,1,1427.2421238302204,0,1,0,TXN006310,5.362253974646223
2215.5452796473605,11,1,transport,0,3,1413.3527076578562,0,1,0,TXN002268,1.5664729650896385
427.77477523849325,22,6,shopping,0,4,3229.898455797185,0,0,0,TXN000445,0.13240118223800537
764.2636617344981,10,0,grocery,0,4,1284.8286269017124,0,0,0,TXN004883,0.5943744335324382
1185.459482051293,9,5,grocery,0,5,2506.4909617754756,0,0,0,TXN004466,0.47276720040973
406.89603705589184,16,1,utility,0,4,4002.078730857819,0,0,0,TXN009026,0.1016457742685211
4269.668311229366,17,4,utility,0,2,3897.951630549084,1,1,0,TXN006632,1.0950811181589535
1207.1400767352968,15,2,transport,0,4,4499.961690562202,0,0,0,TXN003316,0.26819603447558255
681.2555155890153,14,5,grocery,0,1,813.0275124137538,0,0,0,TXN001701,0.8368949515833402
1401.7807642512141,11,4,food,0,5,8916.0344411366,0,0,0,TXN002526,0.1572025737373442
3556.5037685198818,9,5,grocery,0,1,733.7070846619242,0,0,0,TXN000068,4.840709777770019
1611.573671071452,8,6,shopping,0,1,2520.7325768271317,0,0,0,TXN001168,0.6390739786925185
2298.3437903601434,16,0,utility,1,2,270.674646737729,0,0,0,TXN000048,8.459912685849309
1104.9553218219744,19,3,transport,1,1,995.9363598815218,0,0,0,TXN001053,1.1083509101356177
424.0686832262486,13,3,transport,0,2,590.4692150913316,0,0,0,TXN004029,0.7169750722542103
1214.136415238498,11,4,grocery,0,4,413.284721590227,0,0,0,TXN000880,2.9306811281334486
466.554741368748,13,0,grocery,0,5,954.5391438298012,0,0,0,TXN002651,0.48826334785071857
237.24001910181286,10,6,grocery,0,2,669.0539194245413,0,0,0,TXN007759,0.3540610870623075
162.20170847103773,10,1,transport,1,2,804.4175173626966,0,0,0,TXN002439,0.20138835445516498
795.8219848360186,8,4,food,0,2,6714.60798283549,0,1,0,TXN004924,0.1185033413013491
1475.2351454240957,14,3,utility,1,2,426.40509356290727,0,0,0,TXN001467,3.451608714174026
1117.8957706449319,9,6,food,1,1,888.5357585590488,0,0,0,TXN007292,1.2567181924825614
236.65607126949894,13,6,transport,1,1,632.9651859857752,0,0,0,TXN005035,0.3732950586261514
6644.39158962523,16,0,utility,0,3,560.7579135892796,0,0,0,TXN002441,11.82785578786376
1014.4399376996829,19,6,utility,0,2,1648.7006474736268,0,0,0,TXN006554,0.614923646452591
5129.360991161524,19,5,food,0,1,100.2910758818358,0,0,0,TXN000230,50.63981151849288
1604.915551585465,11,5,transport,0,5,1085.642040430552,0,0,0,TXN001320,1.4769496226646646
1053.7110407487326,15,5,transport,0,4,1039.2286514842547,0,0,0,TXN000041,1.0129609862651259
2395.8593115504364,18,0,transport,0,4,1061.8352191998501,0,0,0,TXN000777,2.2542152050194066
2349.749190187438,12,5,transport,0,4,1469.0730373984068,0,0,0,TXN008950,1.59838942039628
275.7818496246979,14,2,food,0,1,454.40180309182284,0,0,0,TXN008404,0.6055791781067935
1118.2786303456041,17,2,grocery,0,3,1013.7554701626858,0,0,0,TXN001729,1.1020178390034414
577.0176331934221,8,0,transport,0,4,1569.8271087767662,0,0,0,TXN003910,0.36733363587209605
4163.990691129536,11,6,transport,0,1,1313.5998306036452,0,1,0,TXN000579,3.167496750107971
18940.255010396508,3,2,shopping,1,8,135.34435695980383,1,1,1,TXN009941,138.91484350892756
672.9871765503988,17,0,transport,0,1,985.1932550683279,0,1,0,TXN005839,0.6824090238822118
882.1698201114951,9,1,food,0,5,596.175656945746,0,0,0,TXN008271,1.4772367390582384
732.662553768035,21,0,transport,0,2,898.409654533099,0,0,0,TXN007275,0.8146038349436824
2675.3636114186097,13,0,shopping,0,3,544.5761401308379,0,0,0,TXN001491,4.90374012832932
266.3379707791251,18,4,utility,0,1,370.82537134109987,0,0,0,TXN009109,0.7162985404102394
3908.252495880042,9,5,grocery,0,2,1030.4273205260642,0,0,0,TXN005610,3.7891690651423655
354.7485848564055,12,1,food,1,3,704.2219325649542,0,0,0,TXN000061,0.5030311288903817
2520.9738104820913,12,5,grocery,0,1,272.47465000997175,0,0,0,TXN005471,9.218308937922284
1941.2796123027492,15,2,food,0,1,338.6254515944055,0,0,0,TXN003905,5.715942675053412
1811.3941010388592,21,2,grocery,0,1,776.2662550112742,0,0,0,TXN006531,2.3304679565853337
1617.7942239463898,15,3,utility,1,1,1237.2070622989722,0,0,0,TXN000402,1.3065619420249794
2083.797292032014,8,2,shopping,0,5,2718.5465590917265,0,0,0,TXN000332,0.7662296808508989
3461.604067727491,16,4,utility,1,2,809.4654772122301,0,0,0,TXN002084,4.271130806995531
111459.36967589262,5,4,grocery,1,5,266.7010478228083,1,1,1,TXN009557,416.3576145195657
2678.971810806529,9,0,shopping,1,1,307.6083237376025,0,0,0,TXN000164,8.68081514575204
587.8096198269162,15,3,utility,0,3,1535.449369530264,0,0,0,TXN004379,0.3825766286113458
417.77976656185956,12,0,utility,0,3,808.6037640345041,0,0,0,TXN002715,0.5160299212048307
2720.1577818637147,20,3,grocery,0,1,1065.4099208514522,0,0,0,TXN008923,2.550761886847286
2145.281399613939,14,5,grocery,0,5,2769.543350601683,0,0,0,TXN007346,0.7743179326712376
322.28719558267426,14,5,shopping,0,3,404.17885256562715,0,0,0,TXN005453,0.7954195870340324
1844.892744274492,18,5,grocery,0,5,4644.045132460621,1,0,0,TXN007046,0.39717434204933044
2222.7611505556,22,5,grocery,0,1,1964.4959462949516,0,0,0,TXN001334,1.130890732563252
630.1485693269726,15,6,grocery,1,4,533.2209957500927,0,0,0,TXN008698,1.179565337828382
3608.953228736051,14,2,grocery,1,1,398.66079172778336,0,0,0,TXN001659,9.030040733127953
337.9737969113375,19,2,food,0,4,650.1233887926717,1,0,0,TXN003578,0.519062596627064
393.3819072842736,13,0,grocery,0,5,2609.9667734352593,0,0,0,TXN000753,0.1506652291735982
608.6895091646813,18,2,grocery,0,5,2150.6920605636924,1,0,0,TXN006584,0.28288876476368047
2022.8644087970515,12,5,transport,1,3,549.7822733120048,0,0,0,TXN000706,3.672711535600108
1293.9975272619117,17,0,grocery,0,5,486.48557946664175,0,0,0,TXN003014,2.654432421729634
895.8828571254414,19,3,food,0,2,2005.9031244100433,0,0,0,TXN008558,0.4464006489544922
32346.573136524104,3,5,shopping,1,12,468.3413517179658,0,1,1,TXN009875,68.91907780578781
5000.0,3,1,utility,1,17,329.31923898057704,1,1,1,TXN009582,15.136871880157132
324.5698196743272,9,1,utility,0,4,970.048348871404,0,0,0,TXN008928,0.33424681690830005
5367.705048799024,3,1,shopping,1,13,196.7018416500824,1,1,1,TXN009556,27.15050605496869
1525.318909008941,16,4,transport,0,3,1518.328114364002,0,0,0,TXN008983,1.0039430552151976
1825.3254227016293,20,2,utility,0,2,452.66785868613323,0,0,0,TXN001834,4.023484114541311
247.80088821615496,10,3,food,0,5,2361.9807535112827,0,0,0,TXN002996,0.10486792490710474
1592.598753420971,11,3,food,0,4,3340.866270186113,1,0,0,TXN005427,0.4765596899041316
1160.616546888203,11,0,grocery,0,3,1151.1641519761386,0,0,0,TXN003879,1.007336103017584
1359.0387384873477,15,6,utility,0,4,1679.5897286237378,0,1,0,TXN007156,0.8086677642617075
741.5184995610434,9,1,utility,0,4,673.5754131185732,0,0,0,TXN005081,1.0992373649270601
6186.450455952212,12,5,utility,1,5,1192.8968474727494,0,0,0,TXN009114,5.181729450955282
1759.9580857573142,12,2,grocery,0,1,2037.4669515397736,0,1,0,TXN007244,0.8633733720470251
571.3762052166749,11,0,grocery,0,5,681.330728037194,0,0,0,TXN005400,0.8373889401995817
2963.1340515086945,13,1,utility,0,2,588.4105974797206,0,0,0,TXN005395,5.027283296531913
741.6087673305532,20,3,grocery,0,4,1052.421696688253,0,0,0,TXN009427,0.7039998982952628
974.5919839316084,8,6,shopping,0,2,1662.6769905964038,0,0,0,TXN002246,0.5858060124893784
1616.770298954024,14,4,grocery,0,4,1440.5697247816433,0,0,0,TXN000835,1.1215345821714717
502.68153674693747,19,6,food,1,5,1568.1243437972955,0,0,0,TXN008394,0.32035800013811744
1374.495225589086,22,0,transport,0,1,972.2607831609056,0,0,0,TXN009042,1.4122578956947922
920.9005540053649,17,3,utility,1,3,959.1879304489081,0,0,0,TXN000432,0.9590836593570016
287.51536257820425,9,1,grocery,0,3,1384.7151419149618,0,0,0,TXN003378,0.20748518500048865
1970.047599365605,21,3,utility,0,4,980.473671095949,0,0,0,TXN006817,2.007234281858808
647.0364678369789,17,1,transport,0,4,356.69568527010216,0,0,0,TXN008131,1.8089020764910555
119291.14872332959,0,3,grocery,1,19,161.26435961725582,1,0,1,TXN009621,735.1654362344873
1997.3540883006906,15,0,shopping,0,2,941.7398381457002,0,0,0,TXN006066,2.1186694435543734
973.055619425155,17,4,transport,0,1,501.96645014487285,0,0,0,TXN001193,1.934633252665022
1328.6544335979463,22,3,shopping,0,4,228.61061857372886,0,1,0,TXN006934,5.7865548285664765
3118.1042848611623,11,0,food,0,4,2113.525973130191,0,0,0,TXN005461,1.4746114847884073
650.820153867369,17,0,transport,0,2,2617.256857461734,0,0,0,TXN003071,0.24857001787758357
839.3963284159385,19,3,transport,0,1,1396.8443841977078,0,1,0,TXN003044,0.6004934010574501
5436.593733957018,8,0,shopping,0,2,1569.3153407660006,0,0,0,TXN003263,3.462103179419393
483.3463782236907,15,1,transport,0,3,771.8165086031579,0,0,0,TXN002729,0.6254348514077739
1215.232282784329,14,6,grocery,0,5,568.0359052218948,0,0,0,TXN003433,2.135598600426542
4273.413198498012,9,2,transport,1,4,1412.500603437205,0,0,0,TXN000433,3.023283603916664
2640.3185458821818,18,1,transport,0,5,1439.5875847176853,0,0,0,TXN003272,1.832806678255255
1115.5120601006165,10,4,shopping,0,3,1198.4828691843513,0,0,0,TXN007001,0.9299941572814333
5000.0,1,6,food,1,5,570.7234726332698,1,1,1,TXN009726,8.74548665453733
1488.7104711947186,21,6,food,1,5,4995.196523126854,0,0,0,TXN000104,0.2979687576947061
781.2628941865314,17,3,grocery,0,5,911.6532833839186,0,0,0,TXN003315,0.8560347159326263
1499.4028933918005,16,5,transport,1,1,290.5215466823886,0,0,0,TXN001656,5.143369025224723
337.04729124992764,12,3,grocery,0,3,459.2703357251248,0,0,0,TXN001533,0.7322811510738193
1097.2248009122839,12,4,grocery,0,2,1128.946038463359,0,0,0,TXN004680,0.9710417697507276
1209.3357148580951,13,2,transport,0,2,584.9208486283361,0,0,0,TXN008813,2.0639916085751135
546.9484462890014,18,5,grocery,0,3,354.41557285623304,0,0,0,TXN009002,1.5388983715416547
2700.2827832958856,15,4,grocery,0,4,2303.364885709976,0,0,0,TXN006622,1.1718121552889083
1552.1517708137458,14,0,food,0,3,951.708232784828,0,0,0,TXN001443,1.629199494032612
4020.452834019985,18,2,shopping,1,4,7416.689551280532,0,0,0,TXN000214,0.5420087759437068
2249.3840401288294,10,5,food,0,5,9713.7776464553,0,0,0,TXN005356,0.23154251409445054
463.39845169763464,20,4,shopping,0,4,1429.7441467544813,0,0,0,TXN009218,0.32388631660581224
1056.0407475685583,16,2,transport,0,4,922.7039445531626,0,0,0,TXN006322,1.1432675521153188
2796.5830009785805,19,2,transport,1,3,1358.0183449275748,0,0,0,TXN004989,2.057796358243874
2504.698339791687,22,4,grocery,1,3,902.5098071179749,0,0,0,TXN001419,2.7721872192856436
41764.409630410744,1,3,grocery,1,18,428.28544714035564,0,1,1,TXN009516,97.28820277654508
1171.7747248202604,18,6,transport,0,5,1687.750573786701,0,0,0,TXN008606,0.69387080780839
490.0332850590096,9,1,grocery,0,2,1337.4590517708305,0,0,0,TXN000181,0.36611750237011553
3760.112805564827,14,2,grocery,0,2,1627.9963683206238,0,0,0,TXN004352,2.3082389124300065
4450.524690537545,21,2,transport,1,5,4096.714588466596,0,0,0,TXN008700,1.0860992376247889
105.3155307058265,11,4,food,0,2,373.2573924001822,0,0,0,TXN002446,0.2813986653153821
532.3066561213827,12,3,utility,0,4,328.16284900560936,0,0,0,TXN005321,1.6171529008497296
769.1758677705315,9,5,grocery,0,1,357.46603268791876,0,1,0,TXN008045,2.1457426858632864
711.8583584571079,10,6,transport,0,4,1361.2817967521542,0,0,0,TXN005684,0.5225485359594946
206.92051495702842,12,2,grocery,0,5,346.6264886912257,0,0,0,TXN003532,0.5952380548906405
449.2300117940126,12,4,shopping,0,4,995.1178474212957,0,0,0,TXN008244,0.4509807880231829
1115.012596748193,21,2,food,0,2,608.686750463411,0,0,0,TXN007976,1.8288286499594972
1779.0612651194522,21,1,shopping,0,3,936.9644147185543,0,0,0,TXN003698,1.8967257576112602
370.27733881440116,19,3,food,0,1,711.2083402805656,0,1,0,TXN000070,0.5199003126929614
2844.5957763217875,17,6,shopping,0,1,1079.2784241268673,0,0,0,TXN000544,2.6332061372242306
6274.88925189043,15,5,food,1,5,564.4728084104697,0,0,0,TXN001204,11.096712624483201
1617.516530381695,10,3,shopping,0,5,1882.4165896376282,0,0,0,TXN003078,0.8588203689407383
387.22068722131604,10,1,shopping,0,1,5230.481549454358,0,0,0,TXN009106,0.07401740473723033
590.8742070025258,21,6,shopping,0,5,297.66223757701124,0,1,0,TXN009120,1.978402799751899
5909.105231419522,0,5,utility,1,6,882.1714251725991,1,0,1,TXN009680,6.690779460244311
201.3374199900829,16,6,transport,0,4,1126.2667814474871,0,0,0,TXN006180,0.17860671786278665
805.7257066420013,14,0,transport,0,1,1259.8902336368858,0,0,0,TXN008329,0.6390133614707941
351.99776751679167,16,4,grocery,0,3,1270.5892929154559,0,0,0,TXN004284,0.2768171841945471
771.5024258795361,14,3,grocery,0,3,2714.3959746560586,0,0,0,TXN004007,0.28412151784870243
7344.931104910365,14,4,grocery,0,2,1101.097396797009,0,0,0,TXN008713,6.66450272567262
433.43167066668167,17,6,transport,0,4,2561.515527295324,0,0,0,TXN000877,0.1691430416908181
61.81997747698472,17,1,grocery,0,2,1637.6806182704452,0,0,0,TXN008060,0.03772545838873286
3076.825844430608,18,3,grocery,0,2,2359.758981729348,0,0,0,TXN000196,1.303320613515876
16905.249334132004,2,1,shopping,1,11,651.5044851366248,1,0,1,TXN009746,25.908250010867427
3006.1515051058627,8,6,grocery,1,5,1952.2609043372588,0,0,0,TXN004010,1.5390424793895363
16358.062255491133,0,5,shopping,1,11,277.90935893172843,1,0,1,TXN009962,58.65010166078818
359.08141475194105,21,4,shopping,0,2,1735.5628970552293,0,0,0,TXN002571,0.20677708556416363
2163.263349645734,18,6,transport,1,5,1195.7296141281154,0,0,0,TXN003753,1.8076458743120454
6383.692007279008,14,5,grocery,0,4,276.0372596202636,0,0,0,TXN009247,23.042720015456286
4605.771233129832,12,4,grocery,0,2,2485.4764130259537,0,0,0,TXN008628,1.852328543718125
1729.932515566888,19,6,grocery,0,5,700.9084863136117,0,0,0,TXN009368,2.4646126230107392
1339.9596557954148,20,6,shopping,0,2,665.7302528781881,0,0,0,TXN006159,2.009747795320495
297.67337315881184,22,0,transport,0,2,481.9256490035377,0,0,0,TXN004791,0.6163958650219284
602.2647973927936,16,2,grocery,0,3,803.7872862425835,0,0,0,TXN005337,0.748352773072083
1378.129160680014,8,3,food,0,1,652.5841105819504,0,1,0,TXN003024,2.1085720083570108
3595.4597634860374,20,5,grocery,0,5,169.99630134325977,0,0,0,TXN002718,21.026535283172432
505.71554624152844,14,0,grocery,0,5,685.8995217375827,0,0,0,TXN008655,0.7362292886189077
192.14223164894895,13,1,food,0,1,1240.8417427597642,0,0,0,TXN006916,0.15472360529768334
606.1944243178574,20,5,transport,0,3,302.57628233441113,0,0,0,TXN003984,1.9968438234252128
528.7031212098618,19,2,grocery,1,2,2170.7082822702578,0,0,0,TXN007308,0.24345034069546706
1189.3052396930732,17,2,utility,0,5,1384.6497578554797,0,1,0,TXN005953,0.8583014812731019
1226.5761298963341,10,3,grocery,0,5,1918.6650104559637,0,0,0,TXN003844,0.6389532148658554
2291.0450477215722,8,6,food,0,4,2989.845209386945,0,0,0,TXN002682,0.7660192645647429
483.129617629807,18,6,food,0,3,1079.7694162317596,0,0,0,TXN004024,0.4470237687834469
3927.552827698897,20,2,transport,0,3,1571.2920831177921,0,0,0,TXN008715,2.4979791413251395
1066.3859413666507,9,1,utility,0,4,1733.0605230746467,0,0,0,TXN003139,0.6149646607927224
7730.621612983805,19,3,grocery,0,2,8571.318019434655,0,0,0,TXN004237,0.9018122747496529
812.7999070386916,17,4,utility,0,4,1081.638825616083,0,0,0,TXN000218,0.7507581363306107
498.54344408579476,15,4,utility,0,2,485.55361254833286,0,0,0,TXN006618,1.0246423646402807
81537.50221720716,4,6,transport,1,15,558.6716589178648,0,1,1,TXN009606,145.6881028688524
859.7086262941251,20,6,food,0,3,1381.5406798662427,0,0,0,TXN005268,0.6218324269324934
1241.883883910804,17,3,transport,0,3,3736.5908548070247,0,0,0,TXN002543,0.33226854734877703
505.5920291591545,21,1,transport,0,2,2370.2831448082325,0,0,0,TXN002870,0.21321453334921844
8529.166683452306,19,0,grocery,1,5,840.9423683634246,0,0,0,TXN001244,10.130345025908815
4066.776349237351,19,1,food,0,5,1581.0403434281072,0,1,0,TXN000420,2.5705895340349505
1619.9850388080074,22,6,transport,1,3,2352.9288465269647,0,0,0,TXN006227,0.6882047608185637
617.3265521358967,17,1,transport,1,4,2211.3936820454833,0,0,0,TXN002058,0.27903105904964587
765.2824515496177,22,4,grocery,0,4,2294.7528293168452,0,0,0,TXN008493,0.33334705800072795
1349.9709914193245,19,6,shopping,1,4,179.85059387772824,0,0,0,TXN006434,7.464564879073772
5956.944847228974,19,2,transport,0,4,600.6405145517527,0,0,0,TXN003422,9.90116972369646
594.9540632608844,10,2,transport,0,2,1849.5758490122655,0,0,0,TXN004510,0.32149671875294267
410.7482526205249,20,4,grocery,0,4,1991.7061953041446,0,0,0,TXN001166,0.20612584714618848
1157.5392131593014,10,4,grocery,0,1,7737.803510604387,0,0,0,TXN000254,0.14957599215087186
1099.0831620132014,14,3,utility,0,4,635.6038158545559,0,0,0,TXN000415,1.7264790669497143
793.652994084427,10,1,transport,1,5,1436.362637824853,0,0,0,TXN009175,0.5521591929545729
1762.9469740627328,10,4,food,0,5,2562.674645251796,0,0,0,TXN003469,0.687664083009871
550.4141153545525,11,3,grocery,0,4,6345.237993696608,0,1,0,TXN003050,0.08673077119094029
1434.8453558267402,19,6,utility,1,3,1430.4978552269588,0,0,0,TXN000759,1.0023384600874938
1684.0686307071464,12,2,shopping,0,3,970.3376345021982,0,0,0,TXN001385,1.7337623611899033
2769.044215505303,14,5,food,0,2,3550.5658451735358,0,0,0,TXN000654,0.7796685564110674
609.2703116215624,8,4,grocery,0,2,1138.0592716431197,0,0,0,TXN001201,0.5348890323702609
2430.5280380590384,8,6,grocery,0,4,2416.6543058858483,0,0,0,TXN002413,1.0053248854237964
1871.890102970608,14,1,transport,0,2,633.7344832608935,0,1,0,TXN005579,2.9490915529812316
1012.2359772345405,15,1,grocery,0,2,2023.2890989473647,0,0,0,TXN005993,0.5000451653673903
13403.05312411535,19,0,food,0,3,2908.7365182036338,1,0,0,TXN005294,4.606277248907029
241.15177111494535,22,1,grocery,0,1,406.43688821171065,0,1,0,TXN003055,0.5918751543911239
505.3229965072838,15,6,shopping,0,2,2653.769333899034,0,0,0,TXN002830,0.1903453494263175
1851.9584052475352,13,0,shopping,0,4,3368.4550807800806,0,0,0,TXN002970,0.5496314272926227
1327.5948940477033,14,3,food,0,5,4324.9961326489765,0,0,0,TXN000328,0.30688767473186923
159.93025075600053,17,5,grocery,0,2,3323.4981867895735,0,1,0,TXN004270,0.048106583842189785
1450.729186055627,9,1,food,1,3,419.67352572299586,0,0,0,TXN005994,3.448586843116198
440.2405311730502,17,4,transport,0,1,14154.002259183948,0,0,0,TXN004392,0.031101410166672103
4405.6522419219655,14,6,transport,1,1,7036.56049511945,0,0,0,TXN002063,0.6260198040183508
1711.071252288576,11,2,transport,0,5,1732.728421119517,0,0,0,TXN008301,0.9869315352076247
1187.7984560837683,8,4,grocery,0,3,325.72944333044256,0,1,0,TXN009013,3.6354190916380653
1216.8812120564019,20,3,transport,0,4,493.35796949442283,0,0,0,TXN009329,2.461538575580969
216.5192345549681,19,6,utility,0,4,2093.999590950282,0,0,0,TXN005169,0.10335049013386968
477.04487070616625,19,1,transport,0,2,2761.7367969983015,0,1,0,TXN004429,0.17267112496002981
2852.456472878,18,1,transport,0,5,1032.8017650459979,0,0,0,TXN001281,2.7591909487125736
529.1171186262238,14,6,utility,0,5,111.60625364012718,0,0,0,TXN003381,4.69882534514649
332.4948035180649,22,2,grocery,0,1,627.5156089741502,0,0,0,TXN002636,0.5290159842820067
630.938934720485,10,0,utility,0,4,611.3013186014349,0,0,0,TXN003328,1.030438634627834
388.64790363627077,16,0,food,1,4,1960.008550122722,0,0,0,TXN006436,0.19818776599008137
2666.299754216966,16,0,transport,0,3,1236.9684441069523,0,0,0,TXN005018,2.1537703702458955
4258.7394457102955,9,5,food,0,1,1475.7771590398054,0,0,0,TXN007324,2.8838064156404686
320.57520079807426,17,6,grocery,0,1,921.1419455839059,0,1,0,TXN003795,0.347641924687727
990.2363077783147,18,4,food,0,2,2287.101462484827,0,0,0,TXN002663,0.43277639738184515
731.956990280677,21,3,grocery,0,5,410.453940095187,0,0,0,TXN008282,1.7789524390296125
3581.543395604706,16,6,grocery,0,3,694.3376908915089,0,0,0,TXN001282,5.150797148667037
1350.0812669804484,18,0,transport,0,4,757.6344096735884,0,0,0,TXN004148,1.7796203939145565
716.3594037988281,17,6,transport,0,1,3170.9340260422764,0,0,0,TXN001362,0.22584309696146254
10310.587472234942,18,2,food,1,5,1214.3335754104423,0,0,0,TXN001437,8.483751030043624
15883.466139569951,4,4,grocery,0,6,716.3306503400802,1,1,1,TXN009628,22.14246126530316
384.6081615702097,15,6,utility,0,1,999.2836431511466,0,0,0,TXN003441,0.3844991010335795
4079.7140394500116,9,0,transport,0,1,3217.7635911237985,0,0,0,TXN000056,1.267478621511815
600.7043233803681,11,2,grocery,0,3,897.2950612655065,0,0,0,TXN004597,0.6687160480812436
3402.5736319627686,22,6,shopping,0,1,937.9254964514671,0,0,0,TXN008479,3.623901624593541
1467.586444953043,22,0,shopping,0,1,2091.510533685729,0,0,0,TXN005365,0.7013519986291535
1131.2329537574824,22,4,shopping,0,5,1815.9119955884864,0,0,0,TXN001844,0.6226129589678244
295.62388658423237,19,1,transport,0,2,1246.8602923854628,0,0,0,TXN005515,0.23690463458782327
2000.0226458747122,12,1,food,0,4,1094.2443125035838,0,0,0,TXN008573,1.826097267104656
856.0191963779816,22,2,shopping,0,2,1341.6000698521261,0,0,0,TXN006263,0.6375831609127381
11488.577478788844,12,0,grocery,0,2,2338.164807169056,0,0,0,TXN002880,4.911401472687487
362.58793067906794,8,2,transport,0,3,5000.397295364565,0,0,0,TXN001743,0.07249732610027293
479.3942121130822,20,4,utility,1,3,1006.520394031223,0,0,0,TXN008398,0.47581588914042944
203.69379615113672,9,3,transport,0,2,2577.0061386434286,0,0,0,TXN004169,0.07901214550960005
959.6893879501973,8,4,shopping,0,3,7869.868957344131,0,0,0,TXN005197,0.12192928038202602
728.5846561632675,15,5,food,0,2,1200.695589775479,0,0,0,TXN008993,0.606297187376209
1356.71877574367,14,4,utility,0,1,502.68145028771096,0,0,0,TXN000740,2.693604807103161
506.39986758126685,11,0,grocery,1,4,1666.0636477062349,0,0,0,TXN009066,0.30376756657014164
2009.243678972408,10,1,food,0,4,4529.325241196284,0,0,0,TXN001624,0.4435098082366034
47.53590564330644,20,6,grocery,0,5,2819.3753555222816,0,0,0,TXN000524,0.016854460719290913
938.4641831971993,9,6,utility,0,5,1196.9056659837577,0,0,0,TXN007999,0.7834207733098107
666.8935692620081,10,1,food,1,1,870.3226960737883,0,0,0,TXN004419,0.7653806933608579
4216.1303235488795,22,1,transport,0,2,2261.1611022267007,0,0,0,TXN005426,1.8637621871399164
438.0723199964131,9,1,food,0,3,748.6512427914423,0,0,0,TXN006689,0.5843681634745019
2667.6147647664015,22,6,food,0,1,930.8776021664185,0,0,0,TXN007382,2.86262354472815
2564.668555294273,18,5,utility,0,1,1279.0532003404412,0,0,0,TXN000435,2.003564035160552
309.0082590610278,10,5,food,0,4,913.8720958702723,0,0,0,TXN002960,0.3377611585880577
5649.12823045913,19,0,transport,0,3,5781.930912941015,0,0,0,TXN000308,0.9768624795114771
759.7013184397098,14,5,utility,0,5,2483.265253499113,0,0,0,TXN001565,0.3058052345133688
389.03557938939156,18,4,grocery,0,5,1065.2525771751561,0,0,0,TXN002631,0.36486249854614294
556.0054313299403,18,3,grocery,0,2,1646.4809386590796,0,0,0,TXN005597,0.337488233267503
1013.2669366195628,21,4,shopping,0,1,3792.1531698538442,0,0,0,TXN009477,0.26713050890549866
355.9584100299628,21,4,transport,0,4,1131.2966990041573,0,0,0,TXN000401,0.31436849576884257
1253.3376796754544,15,1,grocery,0,1,1911.0762088491624,0,0,0,TXN003826,0.6554852122917273
1489.7260663230322,18,6,grocery,0,3,1489.4004805688153,0,0,0,TXN000881,0.9995474946133098
564.6278814013931,13,3,food,1,4,2061.150059892885,0,0,0,TXN003997,0.2738054288012007
4018.007169702307,18,2,grocery,0,2,1121.4924677732604,0,0,0,TXN007118,3.5795404290534005
2787.485893684092,9,2,grocery,0,4,1339.8440313774572,1,0,0,TXN003265,2.0789039056395624
4295.523651937381,8,3,food,0,2,828.0868146751293,0,0,0,TXN008406,5.181029990955225
1904.7853132051569,14,0,food,1,3,1380.6747466024353,0,0,0,TXN005009,1.3786061574108237
126.13099244347714,17,6,transport,0,2,1171.650533594287,0,0,0,TXN005736,0.10756059783375826
446.77629662197,20,6,food,0,1,2144.6358327205526,0,0,0,TXN005554,0.20822559439431124
1035.006915813345,12,2,grocery,1,4,526.3386650027724,0,0,0,TXN000288,1.9626987067369763
1171.563249060684,21,6,grocery,0,4,806.7258307220046,0,0,0,TXN005564,1.4504466794301414
6309.214771542272,8,4,grocery,0,2,4016.3933724188855,1,0,0,TXN008324,1.5704747299225699
219.721028512251,21,5,food,1,2,381.5342832412052,0,0,0,TXN002623,0.5743825799103788
3008.79503134304,17,4,grocery,0,4,1887.1162251500875,0,0,0,TXN008859,1.5935433376744956
408.3538548650396,9,1,grocery,0,4,1756.1831680008981,0,0,0,TXN000476,0.23239117145061958
2415.670396919876,8,3,grocery,0,4,326.164923718213,0,0,0,TXN008591,7.3836472732648195
5000.0,5,4,transport,0,15,667.871110439958,1,1,1,TXN009713,7.475281742563511
451.25701868485174,19,2,grocery,0,4,2041.8293617546854,0,0,0,TXN006522,0.22089804813518304
3368.434358318491,11,2,grocery,0,5,388.13431106336583,0,0,0,TXN003111,8.656225530752497
417.52747912677165,14,4,food,0,4,174.9473345095397,0,1,0,TXN009470,2.3730253163007347
408.68873249799486,20,6,grocery,0,2,1111.6723342893017,0,0,0,TXN000737,0.3673037604184138
237.79493954714764,16,6,grocery,0,5,305.0490735756976,0,0,0,TXN003133,0.776983039905631
1086.7177631646227,8,2,utility,0,1,1998.8070164139938,0,0,0,TXN008047,0.5434113163145607
471.1905567148531,15,3,transport,0,4,1588.9964153179876,0,0,0,TXN006551,0.296346930204002
326.11803458846003,14,1,transport,0,4,231.10371625699932,0,0,0,TXN005407,1.4050530506257055
3463.852900889988,12,4,transport,0,2,1858.8236149762631,0,0,0,TXN005563,1.862463124458282
1735.6917498065714,14,4,shopping,1,5,552.9216780285343,0,0,0,TXN005328,3.1334605931728134
2360.0921877194237,11,2,food,0,4,967.4568467702378,0,0,0,TXN006718,2.43696164221486
1636.5870567861446,19,3,utility,0,3,4249.221934777621,0,0,0,TXN005118,0.38505919970783214
482.3710426451894,20,4,food,0,3,123.6799070124416,0,0,0,TXN004619,3.8688755406037827
195.15342382271655,8,2,utility,0,5,286.06520922068233,0,0,0,TXN003689,0.6798226241086975
452.9238290896163,11,2,grocery,0,3,1281.891451195204,0,0,0,TXN007716,0.3530492222608939
1120.1553397020466,11,6,grocery,0,1,992.6983707644639,0,0,0,TXN001839,1.1272589073888668
327.1977313052661,17,0,shopping,0,4,4885.510810726417,0,0,0,TXN001995,0.06695937939746943
2826.0021056137184,17,5,shopping,0,4,2782.523360385241,0,0,0,TXN002399,1.0152607827306317
650.6459965208851,8,0,food,0,4,1447.9094729163694,0,0,0,TXN006510,0.44905910871799526
904.7845198336411,20,2,transport,0,1,1530.2586881287277,0,1,0,TXN009356,0.5908763338605652
2718.5458025543553,18,5,grocery,0,1,1135.841605121782,0,0,0,TXN004119,2.391314489464991
1571.8624438342472,14,0,grocery,0,5,1057.1117024053128,0,0,0,TXN005894,1.485535449859471
4693.060640181577,18,2,shopping,1,1,1335.442240339635,0,0,0,TXN000800,3.511607534186372
3597.7426145491772,8,0,transport,0,2,1192.115966392683,0,0,0,TXN008423,3.0154173742446373
735.5878512026164,22,4,transport,0,1,257.0418268343065,0,1,0,TXN007680,2.8506535557700543
509.98883992034183,15,3,food,0,1,1159.0741494454849,0,0,0,TXN001405,0.43961745045703876
586.9223799461049,9,2,transport,0,4,1316.2687394105876,0,0,0,TXN005431,0.4455600914121165
611.7219605397293,22,0,food,0,2,994.7662127089978,0,0,0,TXN000069,0.6143228729116345
126540.6409792632,2,2,transport,1,12,743.7600394454759,1,1,1,TXN009543,169.907935814442
1061.1680504910817,8,6,shopping,0,2,201.15069291866308,0,0,0,TXN002759,5.249391111006733
809.2732077716247,19,0,transport,0,1,275.89589714317225,0,0,0,TXN008294,2.922662329493386
8396.174435253086,18,6,shopping,0,4,1957.422715220068,0,0,0,TXN001586,4.287212546097131
1699.3570600171236,12,1,grocery,0,5,366.39558003993716,0,0,0,TXN006666,4.625415090275168
1569.0640812791207,18,2,transport,0,2,885.7760281340255,0,0,0,TXN008014,1.7694029061439351
948.7385355109502,22,4,food,0,1,207.60573567830718,0,0,0,TXN001074,4.547998320496847
941.977222518448,17,2,transport,0,5,318.0503222554347,0,0,0,TXN003063,2.9524409060596155
3320.3427097678386,13,6,utility,0,4,3773.411948408211,0,0,0,TXN006487,0.8796980179039896
2342.204282085999,14,4,utility,0,2,1661.2370930539576,0,0,0,TXN004705,1.4090675102086467
5932.239358922938,9,4,food,0,4,2192.8212030159475,0,0,0,TXN009069,2.704066927043833
559.1738083470187,12,3,transport,1,3,1714.4603816431763,0,0,0,TXN002603,0.3259613654332295
632.1600019017001,17,5,grocery,0,2,895.4788718598576,0,0,0,TXN007738,0.705158840598446
203.6224273088068,16,0,food,0,2,955.7414379344857,0,0,0,TXN001579,0.21282910850857298
357.2206876457567,16,4,transport,1,4,1127.1609041046293,0,0,0,TXN005058,0.3166398395353602
718.9553928077418,19,4,transport,0,3,1598.0693849403349,0,0,0,TXN005753,0.44960862835515275
909.9837543097174,12,4,transport,0,4,1169.7551227188321,0,0,0,TXN003548,0.7772622443850357
2399.8460963931975,9,6,food,0,3,1763.2526652304532,0,0,0,TXN000409,1.360262134607415
13675.666044915146,9,4,food,0,5,652.5878952771623,0,1,0,TXN004097,20.923989173813883
1572.0424104414592,18,5,transport,0,2,1666.0614251877455,0,0,0,TXN006461,0.9430020913982907
256.0532041053787,12,2,grocery,0,5,605.4717437358386,0,0,0,TXN005601,0.4222013750024074
1940.2744286494644,14,3,transport,0,3,2016.7374009003138,0,1,0,TXN005231,0.9616089922225333
1109.1729303673997,16,6,grocery,0,4,1569.2221245778553,1,0,0,TXN003777,0.706379634451778
565.2728395877016,8,5,utility,0,5,537.1297221347504,0,0,0,TXN002726,1.050439729188856
2259.8143425548174,16,5,transport,1,3,1861.0455569253868,0,0,0,TXN000477,1.2136192555278975
315.7493733206734,15,3,grocery,0,5,827.7618224172592,0,0,0,TXN001329,0.38098928398960696
4425.337857489071,22,3,grocery,0,3,464.4456606408574,0,0,0,TXN004035,9.507743291442365
20776.328653812925,5,1,transport,1,17,583.4272370513593,1,1,1,TXN009642,35.54989797983544
1632.1239816327839,14,2,transport,0,5,352.3791479953619,0,1,0,TXN001777,4.6186199465685664
1295.9546988312006,8,3,shopping,1,5,669.0256829689922,0,0,0,TXN006096,1.9341866017562426
381.415156239546,22,0,grocery,0,1,3068.4432226816384,0,0,0,TXN000751,0.12426200081535316
1896.0471116740625,22,3,transport,0,4,222.4154993751045,0,0,0,TXN005792,8.486640886497696
1301.388621499315,12,6,grocery,0,1,1270.1639896980162,0,0,0,TXN004060,1.023777130288657
5173.877679101388,12,0,shopping,1,4,6872.2146189829,0,0,0,TXN009041,0.7527595115118084
2075.3774427841713,17,5,food,1,1,479.6741167317562,0,0,0,TXN006030,4.3176392706461275
610.9021680559841,22,4,utility,0,1,334.2695414832433,0,0,0,TXN005898,1.8221224789861112
1246.504962819213,12,0,food,0,3,1527.9219931306027,0,0,0,TXN009338,0.8152835582323491
251.8385621215618,21,4,grocery,0,2,283.8896009752172,0,0,0,TXN009160,0.8839865030505956
29659.919201683282,2,1,utility,1,19,569.8573266020001,1,1,1,TXN009996,51.95679869475002
279.719805947704,11,5,transport,0,5,1342.1728293805497,0,0,0,TXN005151,0.20825302584233066
731.5785674064333,11,3,shopping,0,5,277.95621493589334,1,1,0,TXN000468,2.6225569757410017
248.5293461707236,15,6,transport,0,1,824.5346414142685,0,1,0,TXN001545,0.3010525951339297
1159.162841455679,15,2,transport,0,5,947.7742444037937,0,0,0,TXN006311,1.2217477954242875
2036.2401654012883,13,3,grocery,1,3,3686.4773225279355,0,0,0,TXN002683,0.5522041187782416
1119.0908483714547,16,1,grocery,1,5,1530.1268930615793,0,0,0,TXN008966,0.7308936009436593
1583.3836516565216,11,1,utility,0,1,1645.1195200404925,0,0,0,TXN006181,0.9618886310379045
381.715604847205,15,1,food,0,1,2528.8177251327047,0,0,0,TXN001025,0.15088660382723093
237.7957275998414,17,3,grocery,0,1,243.72694298034222,0,0,0,TXN005112,0.9716777593178305
5913.9210185887905,17,1,transport,0,5,1142.9956740585874,0,0,0,TXN008562,5.169530928039087
1798.1659217322012,19,4,transport,0,5,638.8619116423405,0,0,0,TXN005368,2.810240598814249
620.5763086777021,18,3,shopping,1,5,3963.1396551040025,0,0,0,TXN002354,0.15654753935792423
969.410738609852,19,5,food,0,4,1251.4196414583328,0,0,0,TXN007278,0.7740302902636199
417.45352849602017,10,0,utility,1,5,817.7392051493265,0,0,0,TXN003602,0.5098736274878672
743.5468520941287,13,1,utility,0,1,3763.9312383153106,1,0,0,TXN000773,0.1974928106328026
135.2090335545775,10,0,shopping,1,3,237.37595981407978,0,0,0,TXN006773,0.5672091835939881
280.5061788378282,9,2,transport,0,2,1764.6928670719803,0,0,0,TXN008809,0.15886464971849099
677.4142314298672,8,6,utility,0,1,252.9608179042541,0,0,0,TXN003382,2.667396636300248
526.2824963526565,12,0,utility,0,3,861.7270019399546,0,0,0,TXN000641,0.6100220523633101
904.5101814745803,21,6,grocery,0,5,1073.4547724247668,0,0,0,TXN004233,0.8418317873290605
461.07108571059644,16,5,grocery,0,1,1990.2767875837944,0,0,0,TXN003815,0.2315454529403006
636.3352627102666,12,6,utility,0,3,1523.692204980984,0,0,0,TXN004104,0.4173532603048909
58605.638422897304,2,1,shopping,1,13,252.89053306152374,0,1,1,TXN009925,230.83034139242898
89.21443211456744,18,0,utility,1,1,1404.9339735804647,0,0,0,TXN001108,0.06345563432638789
265.9149370334392,19,0,transport,0,4,612.1891046874379,0,0,0,TXN003527,0.43365893979636927
1396.0597962152478,11,5,utility,0,4,758.7966543392583,0,0,0,TXN003495,1.8374124027030663
5903.582068550122,12,0,grocery,0,2,1232.2683840610216,0,0,0,TXN001420,4.786940251488694
776.8392318369779,16,4,shopping,0,3,172.00688365075018,0,0,0,TXN006923,4.490221518614178
1067.1916678266753,18,3,food,0,2,1545.214042807878,0,0,0,TXN003881,0.6901965952195644
401.9035701261945,16,2,utility,0,3,1017.9869199897696,0,0,0,TXN008353,0.3944148469837371
603.880485107274,17,0,transport,0,5,2581.604172041006,0,1,0,TXN006245,0.233826186623881
1380.857387652642,19,1,grocery,1,5,1403.8873220165854,0,0,0,TXN004938,0.9828954721226678
5919.498134876855,9,6,grocery,1,3,2628.8950253216744,0,0,0,TXN006798,2.2508495882465174
4708.392465102088,9,3,transport,0,3,2372.6105259002634,0,0,0,TXN007812,1.9836415510148988
997.1008087361058,13,5,transport,0,3,310.78492733597506,0,0,0,TXN001680,3.1980404481248192
740.0839241914211,14,0,food,0,1,660.481953659261,0,0,0,TXN006715,1.11882708227691
6853.818631313383,15,5,transport,0,4,8193.640454654826,0,1,0,TXN000633,0.836378199780588
770.8191320508528,21,0,shopping,0,5,602.3963717917246,0,0,0,TXN002569,1.2774672969311751
1079.4666020231823,21,5,food,0,1,2014.231077744898,0,0,0,TXN007359,0.5356540070983506
978.8827657475235,17,0,utility,0,5,2081.7954970523188,0,0,0,TXN002166,0.4699850595667648
5050.831813220964,10,0,shopping,0,2,1355.4510609403092,0,0,0,TXN008169,3.7235636129177143
2341.98980880537,18,5,transport,0,1,2058.919847295355,0,0,0,TXN008845,1.1369324936989025
294.653612163884,20,0,transport,0,3,7318.823951098318,0,0,0,TXN002825,0.04025419383476731
427.1882402530375,17,0,transport,1,3,1221.6919306325892,0,0,0,TXN004087,0.3493833806787466
316.5813777306643,19,0,grocery,0,2,1854.0265553058464,0,0,0,TXN006243,0.17066137238044451
881.858502417955,15,6,grocery,0,4,4169.410182116569,0,0,0,TXN008364,0.21145605921439453
537.2003449611836,21,3,grocery,0,1,1202.6641491461385,0,0,0,TXN003941,0.4463041832244199
1102.2878257948835,8,4,shopping,0,3,3163.7170926936474,0,0,0,TXN009179,0.3483053282518444
1946.4602803093753,11,4,grocery,0,1,1988.8810410864473,0,1,0,TXN008075,0.9781792178122543
3150.654685057048,9,1,transport,0,2,575.4674975969324,0,0,0,TXN009195,5.465450694429253
13471.158519012228,12,4,food,0,5,2107.219042136439,0,0,0,TXN004128,6.389828689413957
1025.1081943289655,17,6,utility,0,2,849.1481702366502,0,0,0,TXN001172,1.2057994479287215
5936.186437583364,11,2,utility,1,3,214.4433315375863,0,0,0,TXN008668,27.55335426359082
765.7596685570261,21,5,transport,0,4,1176.735140570628,0,0,0,TXN004222,0.6501968415292471
103.96778328735006,16,6,food,0,2,423.23450137214314,0,0,0,TXN004834,0.24507149454152571
568.5927970712412,22,6,shopping,0,3,695.3225920236495,0,0,0,TXN002576,0.8165652006475899
1434.9004979772972,18,1,food,0,3,243.77837380313983,0,0,0,TXN001989,5.86203950816055
930.279862413249,14,5,grocery,0,1,539.0430571702587,0,0,0,TXN006973,1.7226031333274983
905.0577282060892,21,1,food,0,2,1247.2762735130334,0,1,0,TXN005836,0.7250460073706106
968.4521362415695,11,0,transport,0,4,374.48808511788343,0,0,0,TXN004532,2.579182068953071
629.8028031833884,17,2,food,0,4,3202.7729078819652,0,0,0,TXN003209,0.19658159966143013
4547.909497589698,9,2,transport,0,2,1614.367276927168,0,1,0,TXN003855,2.8154027647761675
1294.8376676086696,15,4,food,0,2,730.4782977801052,0,0,0,TXN002628,1.7701655285443885
829.9249114581229,12,0,food,0,1,437.39783513525407,0,0,0,TXN007803,1.8930862448307375
455.0268027909113,11,6,grocery,0,2,994.7689655614846,0,0,0,TXN001410,0.45696021720694535
2941.7549896205005,22,6,grocery,0,1,1105.4811297993172,0,1,0,TXN008257,2.658658074136382
943.9127243280541,9,6,food,1,4,4023.63279931356,0,0,0,TXN007386,0.23453387461560407
703.7888626469498,16,1,transport,0,3,543.3344563013857,0,0,0,TXN004303,1.2929346185964716
11416.980095746067,12,4,transport,0,3,1467.4808952760081,0,0,0,TXN006750,7.774687524007719
2817.7715876478014,18,2,grocery,0,5,947.0209180710987,0,0,0,TXN006555,2.972267313870048
2366.4252906884617,15,1,grocery,0,5,185.89123518017908,0,0,0,TXN000815,12.662045324956122
2894.270753373745,18,3,food,0,3,1876.2062006834765,0,1,0,TXN002404,1.5417969279666575
910.3706106341248,14,5,utility,0,3,1004.1173447153457,0,0,0,TXN005397,0.9057356490967196
30048.840913402004,5,0,food,1,15,159.85314329978715,0,1,1,TXN009956,186.80916205286096
994.946383023782,8,4,grocery,1,3,1164.345005421527,0,0,0,TXN002131,0.8537783904294431
539.1450030625409,9,1,grocery,0,4,846.4697916244933,0,0,0,TXN001797,0.6361819717834043
829.3562130913557,14,3,food,0,5,2208.1364970527934,0,0,0,TXN003090,0.37542099105138993
3579.221112516286,9,4,food,0,2,2086.539096657972,0,0,0,TXN004184,1.7145648281492833
2150.4422824941116,11,3,grocery,0,5,708.8434011818914,0,0,0,TXN004564,3.0294601300985806
1096.982613993026,12,1,shopping,1,5,598.5412695789632,0,0,0,TXN005030,1.8297032575645682
453.0534460971245,21,6,utility,0,2,4504.044006963491,0,0,0,TXN008048,0.10056582031093045
491.2185624125226,12,0,grocery,0,1,2412.0992795136267,0,0,0,TXN000122,0.20356334552117158
456.7723722065528,10,4,utility,1,5,1108.6442221962407,0,1,0,TXN000179,0.411638580249168
10009.93149472001,8,1,food,1,4,1034.2680468462913,0,0,0,TXN009250,9.6689273132818
6966.990410152227,21,2,food,0,1,4998.187737926215,0,0,0,TXN008095,1.393624479692436
1046.2226277607579,16,2,shopping,0,3,1075.9536703802905,0,0,0,TXN006429,0.9714648424860458
5000.0,3,6,shopping,1,15,557.47892913925,0,1,1,TXN009737,8.952889248133674
368.88560843074225,13,4,food,0,3,834.7963165419966,0,0,0,TXN004992,0.44135826053524696
5698.040403098964,21,4,utility,0,5,1064.8375837004476,0,0,0,TXN001157,5.346068191099172
427.97468530850307,14,6,food,0,2,494.28214760734016,0,0,0,TXN009003,0.8641027894423554
1788.5819007575853,18,0,grocery,0,4,1621.1149387299438,0,0,0,TXN001532,1.1026234072894854
401.68160108921114,13,5,utility,0,1,1093.3893304697071,0,0,0,TXN008992,0.36703720504732185
430.951044556785,10,3,grocery,0,1,1555.9817620736467,0,0,0,TXN007859,0.27678618661713045
10213.813371444721,22,3,transport,0,3,3702.4969121295917,0,0,0,TXN009110,2.757883593204228
1628.3251539759171,9,6,transport,0,3,1351.3529033258826,0,0,0,TXN001535,1.2040682206333329
848.3270185360819,9,1,food,0,2,608.2109442018177,0,0,0,TXN009259,1.392501278268321
3213.4597961452782,19,4,grocery,0,5,370.4131153204879,0,0,0,TXN005517,8.651982559561533
635.070483786944,15,3,transport,0,5,2553.08907209485,0,0,0,TXN002605,0.2486485262888904
4474.869012194459,12,4,utility,1,1,265.64639684598035,0,0,0,TXN006127,16.782034428836564
1520.5880381963575,10,3,grocery,0,4,1092.1360682471811,0,0,0,TXN009141,1.3910327198649532
579.3865285343836,11,4,food,0,3,1572.010452972906,0,0,0,TXN007458,0.36832973833032956
5374.609953444258,17,6,transport,1,1,1084.4072422638992,0,0,0,TXN002177,4.951698997543181
365.7952084084725,17,3,transport,0,1,5698.6503626183985,0,0,0,TXN007990,0.0641785346707526
937.9753443268787,21,6,grocery,0,4,385.6413854806094,0,0,0,TXN002351,2.425956919125305
669.7473414989488,19,6,transport,0,3,1476.777125389768,0,0,0,TXN009177,0.45321268680640936
3330.08521392599,22,4,grocery,0,2,2496.3133155299015,0,0,0,TXN003502,1.3334671277397903
1024.33353431263,18,2,transport,0,5,292.96833035383156,0,0,0,TXN002134,3.484503017994159
806.5402266206074,20,2,transport,0,5,2245.452950953841,0,0,0,TXN001480,0.35902831896753123
921.2514021707697,11,1,shopping,0,5,2124.4517476883325,0,0,0,TXN002793,0.43343792827700467
2364.197992297557,8,2,grocery,0,1,2790.1747664964446,0,0,0,TXN004843,0.8470261413494935
15352.30016803701,1,6,shopping,0,6,1043.4559675172306,1,0,1,TXN009780,14.698848630766944
10687.861954026475,0,3,food,1,15,847.8101863516306,1,1,1,TXN009934,12.591580692457537
3334.396032013721,19,4,food,0,1,2595.422035656692,0,0,0,TXN004762,1.2842272890240585
1281.234658844993,15,2,shopping,0,5,1710.0275204543484,0,0,0,TXN007191,0.748810082554822
1638.325003173814,9,5,grocery,0,2,735.7964978549244,0,0,0,TXN006041,2.223578705848302
7327.200975490755,2,5,food,1,14,485.2848291285615,1,1,1,TXN009636,15.067714509254465
3678.1533397558296,17,0,transport,0,3,1958.4427599893295,0,0,0,TXN003445,1.877142529938389
1388.233096876853,11,1,utility,0,4,595.6367134118019,0,0,0,TXN008149,2.326764454266305
6866.647900301919,17,1,grocery,0,2,351.44436039361403,0,0,0,TXN007765,19.482927440328925
1658.0077817337492,18,6,food,1,4,293.4980341827244,0,0,0,TXN003620,5.629945158496444
586.5318408787416,16,4,transport,0,1,6141.379033346931,0,0,0,TXN001952,0.09548935969181722
1748.379428186293,14,0,food,1,5,2409.9954060366226,0,1,0,TXN000555,0.7251691246730377
1022.4464922931527,17,1,grocery,0,1,688.2295604533311,0,0,0,TXN004264,1.4834629141858813
5790.571554714133,19,4,grocery,0,3,823.0245472774941,0,0,0,TXN001163,7.02718332098926
4339.858245805403,22,5,utility,0,2,3074.75057640692,0,0,0,TXN001584,1.4109916061123555
6332.0239205898315,16,4,food,0,4,1779.2534611015758,0,0,0,TXN006151,3.5568103413048475
5000.0,2,1,food,1,7,342.1359080250945,1,0,1,TXN009720,14.571485767191511
601.7221388685365,14,6,grocery,0,4,4664.38120003602,0,0,0,TXN005837,0.12897598568449042
4280.225239918097,20,6,grocery,0,2,2072.39735497467,0,0,0,TXN005261,2.0643535739295795
2808.398549406179,13,2,food,0,2,412.16869372921127,0,0,0,TXN005239,6.7972200992720655
1333.6042633602901,8,1,transport,1,3,643.0060167260635,0,0,0,TXN007913,2.070794726639264
1400.3177436551352,19,3,transport,0,1,185.87712129997726,0,0,0,TXN009162,7.493254037273666
1220.7604807665066,9,6,grocery,0,4,739.1264973120159,0,0,0,TXN001598,1.6493943740699089
2802.904342834204,19,6,shopping,0,5,670.6208896159085,0,0,0,TXN007182,4.173343006703007
476.4685491500789,8,3,grocery,0,1,2901.630862415806,0,0,0,TXN000300,0.16415058329308982
15119.225035305439,0,3,utility,0,12,817.9452398073647,1,1,1,TXN009660,18.461826628190472
458.1693745653307,11,5,shopping,0,2,1199.793957802213,0,0,0,TXN006947,0.3815553630898577
186.52727006010332,8,6,transport,0,4,318.5204735920645,0,0,0,TXN003794,0.5837725137395886
1471.4688510777994,11,6,utility,1,5,710.8017422799966,0,0,0,TXN004572,2.0672453629636913
1117.9935454232802,8,0,shopping,1,3,252.61435342736894,0,0,0,TXN004335,4.40824239761909
764.1543572811405,8,1,transport,0,1,601.2123751707203,0,1,0,TXN002858,1.268911747395612
402.0331605714545,19,0,transport,0,3,1023.3243384715053,0,0,0,TXN005694,0.39248619355405306
3194.812585466396,16,2,utility,0,5,418.49217171939773,0,0,0,TXN003142,7.61590513685065
178.5941959651185,16,2,food,0,4,742.6595218213682,0,0,0,TXN001359,0.24015586531818517
1013.58326027924,12,3,transport,0,1,750.5830236105276,0,0,0,TXN004533,1.34859786402584
16074.036271608058,5,6,shopping,1,19,235.6786667154018,1,1,1,TXN009749,67.91501952703051
3566.801262218353,21,6,food,1,3,934.0840606393026,0,0,0,TXN005687,3.814417775210269
1367.3513198232224,8,3,food,0,1,452.6871950787484,0,0,0,TXN000486,3.013863592923061
234.9957156909672,17,2,grocery,0,5,1664.3407885725348,0,0,0,TXN007836,0.1411096859594704
179561.0923386542,3,0,transport,1,10,506.03659118153024,1,0,1,TXN009554,354.1383313583524
383.15991767622376,17,4,transport,0,2,474.32494988187227,0,0,0,TXN005900,0.8061010005291046
744.7251030724724,18,3,utility,0,2,1393.0139502993206,0,0,0,TXN008116,0.5342307391633822
793.4186032349933,16,6,transport,1,1,619.4391245364419,0,0,0,TXN007362,1.2788016936033686
1925.3335038265716,18,3,shopping,0,3,901.6791842189327,0,1,0,TXN001152,2.1329100498672933
392.79565240934147,11,3,food,0,3,1165.7471225827933,0,0,0,TXN005382,0.3366587710452814
23149.149874167182,0,1,grocery,0,13,227.45799481220124,1,1,1,TXN009741,101.32781692843108
1711.0426843466018,14,0,utility,0,5,4451.45795647564,0,0,0,TXN005424,0.384291710572599
236.46945359441804,19,2,food,0,1,1729.5563408699004,0,0,0,TXN008807,0.13664360299044162
93.64997649513573,18,3,utility,0,4,804.6278319995198,0,0,0,TXN005186,0.11624471347111001
944.1821018884705,13,2,transport,0,3,761.6128891322688,0,0,0,TXN008409,1.2380883084244725
2450.350846380397,10,6,food,0,3,912.4091717020368,0,0,0,TXN006189,2.682643137701847
16407.328364922625,4,6,shopping,0,15,740.0661207987815,1,1,1,TXN009702,22.140167934323415
894.4781597581946,18,3,utility,1,5,613.6096790331778,0,0,0,TXN008269,1.4553597027063885
1908.633703367161,15,0,grocery,1,3,1520.039718826719,0,0,0,TXN005314,1.2548217378829656
8184.737173210089,1,4,utility,1,15,664.2505779540437,0,1,1,TXN009903,12.303239477644619
21868.675951327274,10,4,food,0,2,931.8891486546204,0,0,0,TXN000665,23.44188050945335
745.0900694609466,15,1,transport,1,3,600.6516873946523,0,1,0,TXN003353,1.2384076785148384
265.1179142731551,15,4,food,0,3,1976.9953220457303,0,0,0,TXN008851,0.13403364068574158
974.3704346906468,11,2,grocery,1,5,383.28535389468846,0,0,0,TXN008061,2.5355388250307045
258.13992850872313,11,5,transport,0,5,1449.8188809870865,0,0,0,TXN000642,0.17792705339834958
1137.1487280619483,18,0,grocery,0,4,205.75166890746542,0,0,0,TXN009242,5.50007036978693
884.8891080176409,18,1,food,0,3,1509.1874010815168,0,0,0,TXN000176,0.585946556953084
182.97490403988346,22,0,transport,0,3,543.5796967969022,0,0,0,TXN006431,0.33599288610299194
86982.29466957756,4,0,transport,1,13,154.96385086612506,1,1,1,TXN009910,557.7080470027679
90.70480643788137,21,2,shopping,0,5,1085.2103977685153,0,0,0,TXN003438,0.08350574310853878
1276.2192461482086,16,0,grocery,0,1,609.0957296587414,0,0,0,TXN000786,2.0918344189395737
2861.935366273858,14,4,food,0,1,551.0276812241196,0,0,0,TXN006391,5.184405535475188
1141.8772982554913,14,1,utility,0,5,425.0878178987592,0,1,0,TXN009065,2.6799106904455257
80446.97579800879,3,6,grocery,0,11,510.56390151748576,0,1,1,TXN009927,157.2569439699979
719.4715634081819,10,0,transport,0,1,180.9230156126002,0,0,0,TXN003202,3.954813309275148
1644.088413736859,10,3,transport,0,2,1418.407847075293,0,1,0,TXN004803,1.1582917602749083
346.2281865393265,14,6,utility,1,4,311.3763034822916,0,0,0,TXN007835,1.1083689213287395
1366.9309066860226,13,6,grocery,0,4,3260.3258674771837,0,1,0,TXN007940,0.4191334942384704
2014.1399652299701,18,5,food,0,3,1413.0552808151647,0,0,0,TXN000091,1.4243714461211678
795.7249838903613,22,3,grocery,0,5,813.8328514667252,0,0,0,TXN005762,0.9765499543348442
455.0438058163028,9,2,grocery,0,1,1526.4434179834682,0,0,0,TXN009027,0.2979120538664875
65281.56008424375,2,6,grocery,1,9,319.3991841293021,0,0,1,TXN009504,203.7507063622807
1500.0267931049027,19,3,food,1,2,518.4767548366167,0,0,0,TXN008237,2.8875725027902046
5303.766607259769,20,6,grocery,0,1,2652.521508371101,0,0,0,TXN001971,1.9987652598736825
3118.3401786785053,8,6,transport,0,2,846.8220265405141,0,0,0,TXN002905,3.6780598770271413
724.2116774919039,20,4,food,0,4,566.0513942907678,0,0,0,TXN000530,1.2771535081007996
286.2285476681521,15,2,grocery,1,3,500.03768368293845,0,0,0,TXN003635,0.5712714971141378
1873.303534812945,21,2,transport,0,2,2592.350042038273,1,0,0,TXN000996,0.7223488940739372
2722.4497482499874,20,6,transport,0,1,874.5777999952469,0,0,0,TXN005852,3.109317924991664
1861.801663074593,13,4,transport,0,1,640.0095311613497,0,0,0,TXN004226,2.9044835881012125
6276.046665415201,21,6,grocery,1,5,1086.5198937839527,0,0,0,TXN005616,5.770971824320488
1611.9705477278214,15,2,transport,0,2,2002.091115895311,0,0,0,TXN002312,0.804741499243946
1669.4817519185556,9,0,utility,0,4,791.0405473348208,0,0,0,TXN002154,2.107823592537381
1896.0723098021906,22,3,transport,0,1,1951.9828677201128,0,0,0,TXN005317,0.9708596737541487
812.3012047351201,22,5,transport,0,1,825.6550208471309,0,1,0,TXN001427,0.9826362681529456
1266.016750916458,18,1,transport,1,1,925.8597606314039,0,0,0,TXN008630,1.365920503500994
6061.472453508438,19,6,grocery,0,5,1503.5470121483697,0,0,0,TXN006032,4.028769061096438
1421.6815593303625,15,6,grocery,0,5,391.0708214440386,0,0,0,TXN004415,3.6260835583075472
424.28260563780043,16,3,food,0,3,1480.3469444680793,0,0,0,TXN008818,0.2864167690237829
308.8091077198976,18,0,shopping,0,3,893.8630245550981,0,0,0,TXN003085,0.34509092369016947
110.01781461915016,11,3,grocery,0,1,4843.381477561854,0,0,0,TXN007798,0.022710394532042804
240.3386254210225,15,2,transport,0,5,1137.0754477291114,0,0,0,TXN009153,0.21117987028064655
282.11118693242884,10,2,food,0,4,1377.3435369626511,0,1,0,TXN008209,0.20467407389169134
36337.46716371463,5,3,grocery,1,19,682.2504019030321,0,1,1,TXN009573,53.18323569588137
58059.18973900647,3,5,shopping,1,7,501.13032439145366,1,1,1,TXN009534,115.6257388146595
9995.154112233673,13,3,transport,0,1,4038.7637196287174,0,0,0,TXN000495,2.474192751340491
847.4869478878437,21,0,food,0,3,1760.2752730651139,0,0,0,TXN003749,0.48117801961358275
1627.6320215140126,18,4,shopping,0,4,1942.8582768957094,0,0,0,TXN002321,0.8373203133477911
388.1009809094239,8,2,transport,0,1,631.816903777478,0,0,0,TXN004267,0.6132911093125519
199.2962462208945,20,3,transport,0,3,2074.0004625008414,0,0,0,TXN003405,0.09604636231294993
746.5860480264383,11,0,grocery,0,4,255.0034511750105,0,0,0,TXN000151,2.9163124348509393
1871.449484637282,21,4,transport,0,2,612.2162347932504,0,0,0,TXN007369,3.051858999245597
1221.3345692997295,9,4,food,0,2,966.7569725574002,0,0,0,TXN000694,1.2620261118576326
2542.851268194538,8,0,food,0,3,776.0267674297692,0,0,0,TXN004417,3.272540116739764
2035.4300297608145,14,4,grocery,0,4,799.0176865564139,0,1,0,TXN005697,2.544231288838243
474.2042423866293,13,3,transport,0,2,1304.4639268232556,0,0,0,TXN001738,0.3632457646995794
4163.028885833173,19,2,grocery,0,1,1114.335391577098,0,0,0,TXN003001,3.732535448325188
675.8579199595385,10,3,grocery,0,5,565.0993698624616,0,0,0,TXN000167,1.1938856602573922
484.161444068575,13,5,grocery,0,3,5085.564910304962,0,0,0,TXN006111,0.09518436363363884
1458.3117967903372,10,6,utility,0,4,4867.516930449765,0,0,0,TXN004622,0.29953922675495653
2091.836446342023,16,1,grocery,1,1,1443.406754442591,0,0,0,TXN002865,1.448232251689574
1146.9059668336588,13,4,food,0,2,936.5135519999831,0,0,0,TXN008544,1.2233486805465181
295.97293834438375,17,6,transport,0,3,1062.6890213027336,0,1,0,TXN004702,0.2782513802595201
1211.9527294510356,9,1,shopping,0,3,475.51736189749096,0,0,0,TXN002883,2.543354820535904
647.7583079411688,14,3,grocery,0,5,3095.445935235154,1,0,0,TXN003031,0.20919412820039307
11853.610055057114,22,1,transport,0,2,836.1784623740125,0,1,0,TXN008183,14.159000246427112
250.10636455793872,19,6,utility,0,3,3005.4171042364437,1,0,0,TXN008980,0.08319084008852444
5847.34946112075,18,6,food,0,1,592.9958031737523,1,0,0,TXN008528,9.84409221391471
357.10572273411447,15,1,food,0,2,3767.648873368624,0,0,0,TXN005681,0.09475696323359355
1083.9747469373299,19,6,transport,0,2,2721.892572304651,0,0,0,TXN007209,0.39809677324869847
2343.596920867731,16,1,grocery,1,4,1139.368992415664,0,0,0,TXN005991,2.0551215759587147
1635.9787906750566,19,6,grocery,0,5,770.3803178521669,0,0,0,TXN002276,2.1208459080603452
890.2422075764684,18,3,transport,1,2,863.4941618431344,0,0,0,TXN007132,1.0297839440331653
292.59540023478144,11,5,grocery,0,4,1565.9046505202164,1,0,0,TXN005705,0.18673465557565294
3304.6415128986673,21,3,food,0,4,479.36778459030904,0,0,0,TXN007998,6.879398700137843
5899.6457989374585,8,3,transport,0,1,851.8804437961521,0,0,0,TXN005292,6.917318648647007
1178.7963261254204,20,1,transport,1,1,1622.2039520908286,0,0,0,TXN004304,0.7262157812066855
6094.355038452197,18,4,grocery,0,1,396.8691848811038,0,0,0,TXN007445,15.317484414565524
1500.7543833444067,13,3,transport,0,2,613.0405812008156,0,0,0,TXN000428,2.4440638441347584
573.5628759892641,10,6,food,0,2,2417.9779176064076,0,0,0,TXN007068,0.23710959567452677
2152.2052829224504,14,0,transport,0,1,1143.4418899026243,0,0,0,TXN006364,1.880571920611515
206.163126650623,20,5,transport,0,2,386.58948144573907,0,0,0,TXN004215,0.5319110464030614
443.09521000293944,14,2,food,1,4,1643.087841863257,0,0,0,TXN000426,0.26950823351432146
1123.2482826254372,11,0,grocery,0,1,619.6250720799391,0,0,0,TXN002223,1.8098661062161507
964.0301994124973,8,3,grocery,0,4,3644.133204485975,0,1,0,TXN000100,0.2644704995214137
278.59062511350555,15,2,food,0,2,1299.2846199635637,0,1,0,TXN009244,0.21425357251500227
1083.6596719134723,9,1,grocery,0,5,3790.476165731516,0,0,0,TXN003307,0.2858147129363252
1980.4721033948395,17,2,transport,0,3,1024.5926726907255,0,0,0,TXN002762,1.9310513385386328
519.5158116354205,8,4,grocery,0,3,1862.1923565529466,0,0,0,TXN005857,0.27883101270153654
2995.6912764019394,13,1,shopping,0,4,631.2888112943994,0,0,0,TXN004738,4.737852738955266
3723.4359433180116,18,3,grocery,0,2,532.0676195168493,0,0,0,TXN007092,6.984922375688064
11442.438742049266,4,3,food,1,7,352.58641541512884,1,1,1,TXN009632,32.36108131760449
3157.1572179563277,13,5,food,0,2,1199.9223921881996,0,0,0,TXN003286,2.628943584109273
2417.868350043897,11,2,grocery,0,3,12066.125692474585,0,0,0,TXN007712,0.20036820794464344
865.6379485727949,13,5,utility,0,2,766.8534492151421,0,0,0,TXN007868,1.1273478675619715
463.81820389189437,13,3,grocery,0,3,1278.7094775462804,0,0,0,TXN006067,0.3624402350924376
1107.113924167929,13,1,food,0,3,727.8044536351532,0,0,0,TXN009235,1.5190822704853577
380.6398181115776,15,0,food,0,2,683.0606477184275,0,0,0,TXN003577,0.5564416245564476
233.91167634633592,8,2,grocery,0,4,1817.9603294565381,0,0,0,TXN001465,0.12859635944684025
2063.4851026116803,16,2,utility,0,2,1036.005053253968,0,1,0,TXN007675,1.9898505760765293
4262.536280245691,18,2,transport,1,5,2091.2749948122637,0,0,0,TXN002234,2.0372734419780043
812.654869021629,14,6,food,0,1,4565.320057746107,0,0,0,TXN001744,0.17796712861663663
23775.8082599449,0,1,utility,1,11,761.3033947700799,0,1,1,TXN009754,31.189429855701977
1140.1508167321185,11,6,utility,0,5,615.3589669406269,0,0,0,TXN006094,1.8498162238011988
643.6832690775516,20,2,grocery,0,5,585.5622739490035,0,0,0,TXN008781,1.0973826610838497
880.897621449569,12,3,transport,0,5,131.8723163351597,0,0,0,TXN009401,6.629655038357093
1654.6756348408762,14,4,food,0,1,1759.298291240098,0,0,0,TXN008371,0.9399972965236406
4159.751273234891,8,2,transport,0,5,1810.6272967435796,0,1,0,TXN005027,2.2961407573798933
1653.2639947074153,19,6,utility,0,5,272.8003331042786,0,1,0,TXN009234,6.038210311737493
274.4144298965157,9,6,shopping,0,4,604.5549673793306,0,0,0,TXN003944,0.45316188402202884
498.0236839854052,22,6,shopping,0,1,531.2043976164417,0,0,0,TXN006862,0.935775213838668
3601.58671480618,18,6,food,0,3,767.995607870108,0,0,0,TXN005350,4.683494519274977
2646.553078384705,16,0,food,0,4,1444.8226878808707,0,0,0,TXN009422,1.8304824654977117
658.5932014338096,15,4,utility,0,5,1711.713395780361,0,0,0,TXN002121,0.3845320548413973
1506.2262556868495,15,3,utility,1,3,1053.998557698161,0,0,0,TXN004972,1.4277045638557038
2141.100556367548,18,4,grocery,0,4,2947.8523774712235,0,0,0,TXN008576,0.726079261452769
575.4222627937423,20,3,utility,0,3,1505.4660622118404,0,0,0,TXN003784,0.3819682880534922
5530.693431645242,17,1,transport,0,3,450.38365380707626,0,0,0,TXN006872,12.252755244896592
1027.8533088913357,12,4,utility,0,5,715.313791754634,0,0,0,TXN000916,1.4349204506778732
3682.1993293606315,13,2,grocery,0,4,3678.044701915652,0,0,0,TXN009394,1.0008574583079508
1131.1024869867965,11,2,utility,0,2,939.8096382043173,0,0,0,TXN007252,1.202264986512769
788.8363581970449,17,4,grocery,0,4,900.8268375166645,0,0,0,TXN008012,0.8747093403975886
480.21355179281966,14,3,grocery,0,5,168.38530479968733,0,0,0,TXN005821,2.8350366778317246
412.78540352261587,13,4,shopping,1,5,3168.21150722996,0,0,0,TXN004403,0.13024861312693192
669.8910502641539,13,1,utility,0,4,717.1145010704903,0,0,0,TXN004863,0.9328471285088243
1263.7996313358697,11,0,grocery,0,5,1519.2983847068563,0,0,0,TXN008515,0.8312839400796675
652.1832115713966,22,0,grocery,0,5,1391.0389984397395,0,1,0,TXN005422,0.4685092962929868
732.4584846307805,20,0,shopping,0,3,3779.63009462121,0,0,0,TXN007733,0.1937397910662739
2075.9766546036262,12,0,utility,0,3,1175.7447315176614,0,0,0,TXN001203,1.7641690665793037
3276.602871048718,10,4,shopping,0,4,2664.1006651185535,0,0,0,TXN003768,1.229448070736556
1370.6225106594434,22,6,grocery,0,4,1480.1809365247443,0,0,0,TXN005357,0.9253579200629591
5188.928196377213,17,0,transport,0,1,1346.5675423627806,0,0,0,TXN003852,3.850588585177049
412.4278017714793,16,2,utility,0,5,775.6894065922352,0,0,0,TXN001926,0.5310073734377653
1315.2489372471837,10,5,food,0,1,2164.3723091614274,0,0,0,TXN003114,0.6074008297245351
2328.2939812721443,9,3,utility,0,1,1318.2542255918922,0,1,0,TXN002641,1.7648561862498788
4007.7997167276853,8,4,food,0,1,428.6923035653556,0,0,0,TXN007639,9.327138707100683
611.2503217721822,18,6,transport,0,3,686.0077554239363,0,0,0,TXN007360,0.8897284156493898
2168.217437103649,9,6,transport,0,2,3715.0842377531358,0,0,0,TXN008182,0.5834683226703771
6756.624457664584,12,0,transport,0,3,4753.97178899048,0,0,0,TXN007610,1.420959946241673
643.6555554407793,11,0,food,0,1,259.3801412353502,0,0,0,TXN002728,2.4719840475814063
17809.42191303032,2,2,food,1,13,376.5485301974074,1,1,1,TXN009597,47.17121241001355
957.3096971955082,10,0,transport,0,1,500.8041969718131,0,0,0,TXN004985,1.9077355330475272
553.4325017494215,14,3,transport,0,5,854.3500776655577,0,0,0,TXN006846,0.6470245531044586
5917.942944918743,13,1,food,1,5,867.3732360063143,0,0,0,TXN007698,6.814976210155458
562.0786777036307,18,2,grocery,0,2,624.7729373744199,0,0,0,TXN004012,0.8982150619391855
1759.552984913683,9,3,utility,1,2,1301.7753776294392,0,0,0,TXN002626,1.3506188519738584
324.80154300863313,17,2,transport,0,5,1016.6473402817036,0,0,0,TXN007238,0.31916905803411433
464.0524222713551,20,2,food,0,1,1038.8786522554424,0,0,0,TXN008255,0.44625632160526585
18895.728879142178,2,6,grocery,1,6,274.76536377108874,1,1,1,TXN009565,68.52103767037043
2435.9474312774237,19,3,utility,0,2,909.8849176194259,0,0,0,TXN000805,2.674264755248895
747.6992205311362,10,6,food,0,2,901.6112987145713,0,0,0,TXN004634,0.8283734333881608
494.5804418850321,20,3,grocery,1,3,1179.3382887172515,0,0,0,TXN005247,0.4190158419943523
12069.649631048034,18,4,grocery,0,1,399.6750917369773,0,0,0,TXN005566,30.123284127108008
1416.5000818847163,14,5,food,1,1,526.4425882430279,0,0,0,TXN005739,2.685600506025199
3130.0192687682515,19,5,transport,0,1,280.6520506413503,0,0,0,TXN005143,11.11307111608412
1692.7792461909942,8,2,grocery,0,5,228.0299292459521,0,0,0,TXN008265,7.391083129459215
3184.2234379314245,16,4,transport,0,3,938.1543520446289,1,0,0,TXN004459,3.3905219424251887
1250.275648361841,19,6,utility,0,3,1246.7083182756994,0,0,0,TXN001242,1.0020576364271494
426.3442625626862,19,6,grocery,0,3,788.0362880620272,0,1,0,TXN006945,0.5403354307187082
194.37278237292304,21,3,grocery,0,3,1969.1311468090003,0,0,0,TXN005740,0.09865981901141277
1775.1032082074044,16,2,transport,0,4,1261.4315672556863,0,0,0,TXN005325,1.406098559517313
540.9318127517543,18,1,food,0,3,1496.0492909082657,0,0,0,TXN000547,0.36133199891071643
165.33379452428525,18,3,grocery,0,4,671.6629761781423,0,0,0,TXN003022,0.2457899429275258
1009.4016576571921,22,0,grocery,0,3,8255.828203805564,0,1,0,TXN005761,0.12225053407214648
1629.9745529761365,12,6,food,0,2,817.3636336483721,0,0,0,TXN004031,1.9917485161327326
3028.8467744481886,10,6,grocery,1,3,1004.6670358775203,0,1,0,TXN000026,3.0117789152801366
1899.0834908881186,14,6,food,1,1,720.168241536733,0,0,0,TXN004952,2.6333432082940496
4960.391856016431,21,3,utility,1,5,1425.0566648698311,0,0,0,TXN005152,3.478397442551282
469.8308740521843,20,0,grocery,1,2,1579.1120728197625,0,0,0,TXN002508,0.29734022170576513
408.8469874685209,18,4,grocery,0,1,611.863704463692,0,0,0,TXN001433,0.6671091541084113
1441.818033054321,15,1,shopping,1,2,427.8848318857388,0,0,0,TXN002582,3.3617836907751553
1801.9678829007412,8,2,transport,0,1,691.6069678955992,0,0,0,TXN001302,2.6017178088401254
2092.354662226286,20,6,grocery,0,4,1628.4656242966557,0,0,0,TXN005812,1.2840741351198692
1149.2657547360448,22,6,utility,0,1,1309.4240530618988,0,0,0,TXN007349,0.8770182079996958
280.37614211838013,15,4,transport,0,5,353.7478764413394,0,0,0,TXN005281,0.7903532642139516
13164.958564587347,12,4,shopping,0,5,206.63762287779565,0,0,0,TXN006114,63.40353150900564
1328.7636959120932,10,5,grocery,1,3,701.0338577306866,0,0,0,TXN001221,1.8927344903382595
656.2903641062973,21,5,grocery,0,4,3569.099608641527,0,0,0,TXN007435,0.18382970674480004
1732.883276484182,14,4,transport,0,5,1846.818511756651,0,0,0,TXN002548,0.9377995000368274
728.2609449091341,9,2,grocery,0,5,4046.677958630726,0,0,0,TXN000750,0.17992067361888017
12317.518290212001,20,4,shopping,0,1,1553.5928178028748,0,0,0,TXN000437,7.92330837319865
903.2552726520206,13,3,grocery,0,2,6782.29248936191,0,1,0,TXN004371,0.13315882723155106
480.6019176489572,13,2,grocery,0,4,1025.9097028156402,0,0,0,TXN004448,0.4680079624637056
4440.33007140336,11,3,shopping,1,1,414.63663162079195,0,0,0,TXN002847,10.683201945141631
3617.7651604102575,11,0,transport,0,2,1969.7717345629471,0,0,0,TXN001173,1.8357098881431644
441.5750411218745,9,5,transport,1,4,729.5690909604743,0,0,0,TXN007495,0.6044261201104727
1490.7029407499865,19,3,shopping,0,3,160.49004591894763,0,0,0,TXN002699,9.23092771611555
22421.977698978237,0,6,grocery,0,13,226.14840098172482,1,1,1,TXN009888,98.71070015052491
50955.04817009098,4,3,grocery,1,19,393.11415984558636,1,1,1,TXN009506,129.2900721711068
1935.2553092484186,12,0,food,1,5,1293.4109969187718,0,1,0,TXN006395,1.4950856519723015
662.6703541665289,21,2,shopping,0,4,506.5246101333081,0,0,0,TXN002481,1.305691075734179
590.5245425845587,13,6,food,1,2,1146.5468781603292,0,0,0,TXN005456,0.5145973152149116
1898.612272727971,10,2,shopping,0,1,1327.255026674714,0,0,0,TXN008444,1.4294034162107756
4994.617843535305,9,6,shopping,0,1,638.7406085272805,1,1,0,TXN002706,7.807254654403136
2219.747343017977,17,6,utility,0,5,7803.7465827405085,0,0,0,TXN004661,0.28440991894941825
1033.9763121586423,16,4,food,0,1,1146.4950989511447,0,0,0,TXN000326,0.9010725301604661
2092.531123366142,12,1,shopping,1,1,750.6260642171147,0,0,0,TXN001039,2.784005535446271
175.3579911823248,19,0,grocery,1,5,660.3681504466965,0,0,0,TXN002637,0.2651442937853687
424.1148522419593,22,4,grocery,0,3,1347.1019153329705,0,0,0,TXN005022,0.31460147591082255
2088.8907314074336,14,5,transport,0,3,1336.9858550251786,1,0,0,TXN002499,1.5612203399326103
277.99142348425823,20,6,grocery,0,2,13535.578464107728,0,0,0,TXN001004,0.020536313827113194
528.0478340482991,12,3,grocery,0,2,1539.4581465592244,0,0,0,TXN002861,0.342786225791171
640.1886316786623,8,3,transport,0,2,817.1671810254147,0,0,0,TXN003233,0.7824667702709724
243.26894349158363,20,1,utility,0,1,970.0917827968423,0,0,0,TXN001870,0.2505107630413106
2016.2294687376798,22,6,transport,0,5,656.0921667663213,1,0,0,TXN004245,3.0684119682326125
488.69382807903287,17,6,food,0,5,1453.0120296152286,0,0,0,TXN006927,0.33610026473326676
1737.2269098236218,15,3,food,0,3,1311.5557013847892,0,0,0,TXN008385,1.3235452849664135
791.069810073146,19,3,grocery,0,5,5879.734805094311,0,0,0,TXN000534,0.1345188715852082
9482.152511397931,3,6,shopping,1,9,346.28427601603477,0,0,1,TXN009827,27.303719650584245
12312.321077184108,14,4,grocery,0,5,2332.1127158001777,0,1,0,TXN007148,5.27720799505454
963.1500075964987,13,4,grocery,0,3,1788.197126150501,0,0,0,TXN007365,0.5383140815057859
1387.3285901607583,11,1,food,0,3,956.366704033239,0,0,0,TXN000585,1.4491088778376726
17682.751762562842,1,3,food,0,13,300.35139757243616,1,1,1,TXN009914,58.67818070534224
325.8824194739642,12,0,shopping,0,3,962.5254193109022,0,0,0,TXN003035,0.3382188087025561
595.1488234704492,10,2,transport,0,4,2838.8697866731677,0,0,0,TXN004428,0.20956905357539307
416.65046649188594,8,5,transport,0,5,458.99635219386295,0,0,0,TXN004089,0.905769066438794
826.5336847844541,15,1,food,0,2,1926.343803973166,0,0,0,TXN001703,0.42884600198500017
631.6433163428618,12,1,utility,0,5,876.4596789047469,0,0,0,TXN004295,0.7198545204165788
273.88641771797114,10,0,grocery,0,1,2312.1112203285506,0,0,0,TXN005719,0.11840607373780701
1070.3205952742712,17,4,transport,0,4,783.1680583783565,0,0,0,TXN000491,1.3649122580785455
1402.648769633857,14,1,transport,0,3,565.219117897598,0,0,0,TXN006899,2.477219022278808
1698.2824132926685,22,3,transport,0,2,1048.318156564703,0,0,0,TXN004353,1.6184628109862969
482.1808126542352,22,5,grocery,0,1,2275.7730214342273,0,1,0,TXN002836,0.21178255720479808
2787.9632929891577,16,2,transport,1,5,1686.391510497257,0,0,0,TXN002266,1.6522326180055116
1356.1161023315153,14,3,shopping,0,1,1305.6730975068024,0,0,0,TXN007718,1.0378388480784158
24931.642674203402,4,0,shopping,1,17,523.0231234821877,1,0,1,TXN009523,47.57737122081573
111.98197575432823,20,2,grocery,0,2,764.2262843918247,0,0,0,TXN008022,0.14633838125846346
1973.7585587866563,10,1,utility,0,3,3055.2736607365136,0,0,0,TXN004707,0.6458055717140891
43395.457594058265,0,5,shopping,1,18,579.4317814069819,1,0,1,TXN009843,74.76409628857078
1029.3643730825368,9,0,food,0,2,1289.9217250992572,0,0,0,TXN002900,0.7973871328282048
15924.83309013094,4,1,grocery,1,10,465.4461545020122,1,1,1,TXN009618,34.140774742012034
1784.2287038666493,19,0,food,0,3,1961.1158893293884,0,0,0,TXN002944,0.9093391035513517
6210.781139789189,21,3,utility,1,1,490.45209434382815,0,0,0,TXN001916,12.637612518635484
468.6247090445435,16,4,utility,0,1,813.9927894560094,1,0,0,TXN003185,0.5750047302349027
4161.532029830768,12,3,shopping,0,2,1260.9131345318083,0,0,0,TXN008626,3.297795954374283
715.5272106223115,12,2,shopping,1,4,284.4955545828124,0,0,0,TXN009434,2.506263929986208
2053.5558290112263,16,6,transport,0,1,1999.2020674763046,0,0,0,TXN007255,1.0266741857747599
1667.2179388579746,11,6,food,0,2,1585.8452836106685,0,0,0,TXN004246,1.0506493330366953
5064.686105738272,22,4,grocery,0,3,1109.0550952344986,0,0,0,TXN008615,4.5625538115010045
3631.8176793275666,17,0,transport,0,4,450.6122731722898,0,0,0,TXN005146,8.041893223619347
1408.312863233438,16,0,grocery,0,5,2406.5683964141695,0,0,0,TXN008565,0.5849523798912538
536.5676992711383,18,0,transport,0,4,452.5773053406236,0,0,0,TXN002518,1.182968576587383
972.0554124476766,14,1,food,0,5,5217.21181843041,0,0,0,TXN000397,0.18628132514943826
1189.5036818644166,18,1,grocery,0,4,7825.073841068098,0,0,0,TXN001317,0.15199239184562485
615.8451550564723,18,2,shopping,1,1,1890.3795525687046,0,0,0,TXN004560,0.3256063301625979
662.0666679309603,21,0,food,0,4,436.76083359570214,0,0,0,TXN000121,1.5123935654381035
4026.3897149520453,13,1,transport,1,4,1183.674846844483,0,0,0,TXN002449,3.3987298081636452
1038.6313948111742,9,0,food,0,1,3192.8080710187037,0,0,0,TXN008855,0.3252015686966093
1129.072651427439,19,5,food,1,4,1678.8833155824511,0,0,0,TXN008108,0.6721137360876553
447.38273529990084,18,2,grocery,0,4,2001.1441106447257,0,0,0,TXN001566,0.22345181494244973
246.63215679432605,10,2,transport,0,2,1744.0975527094029,0,0,0,TXN001984,0.14132857868685333
220.58222436025147,17,4,grocery,0,1,576.2705290108767,0,0,0,TXN004333,0.3821123949254914
1087.972784162649,21,0,utility,0,1,701.0874951339213,0,0,0,TXN007910,1.5496256402560213
529.8188700678094,17,3,transport,1,1,1856.7952934539646,0,0,0,TXN009286,0.28518689434441613
810.4992644655199,18,6,grocery,0,1,591.9947731641529,0,0,0,TXN003918,1.3667898962090133
221.14504560420247,20,5,grocery,1,5,913.8572336989142,0,0,0,TXN002173,0.24172629068043508
2459.564439126207,21,4,utility,0,2,1244.9746310019332,0,0,0,TXN003283,1.9740084412058876
1755.2959286686191,22,2,shopping,1,5,719.3855866087333,0,0,0,TXN008495,2.436606119414188
484.63060917328147,14,5,shopping,0,5,990.1097223599376,0,0,0,TXN008584,0.4889777571945561
769.8079261558322,18,0,shopping,0,1,741.2920330386255,0,0,0,TXN002333,1.0370688245225648
495.2716267617703,17,4,food,0,4,2436.6964723529936,0,0,0,TXN000573,0.20317198321401675
4125.7564135739685,15,5,transport,0,2,605.6807889430927,0,0,0,TXN003660,6.80053907881525
1339.5567560098984,19,4,grocery,1,3,2699.136038823464,0,0,0,TXN009075,0.49610713562179864
1061.5856484751346,19,1,grocery,0,1,2999.6557338962593,0,0,0,TXN000981,0.35378455331718384
414.069136289287,19,4,food,0,1,1195.128028158802,0,0,0,TXN009370,0.3461745954792674
235.6369307657514,20,5,utility,0,1,1215.5992708433503,0,0,0,TXN001407,0.19368491861942935
7985.481786404326,22,6,grocery,1,4,1509.9499266683981,0,0,0,TXN000535,5.285073744311361
2217.1207570220718,10,2,grocery,0,4,272.1602065612133,0,0,0,TXN004315,8.116558355747292
2228.56774129378,14,6,utility,0,3,933.1742929976438,0,0,0,TXN004598,2.3856016569912195
2157.7853075763715,15,6,grocery,0,3,440.81200282174905,0,0,0,TXN008622,4.883944514397766
3062.553768584443,11,1,transport,0,4,2415.032180564197,0,1,0,TXN008758,1.267596430718596
2052.6297676725603,10,6,transport,0,4,863.4010446623823,0,0,0,TXN001434,2.3746266624125565
2538.2373049425364,21,0,grocery,0,3,1928.3637626203633,0,0,0,TXN006994,1.315582553232591
387.69028079100264,17,2,utility,0,1,1402.5883685106287,0,0,0,TXN002579,0.27621366027875205
1070.7945605829134,12,6,utility,0,2,322.2172901822633,0,0,0,TXN009403,3.3129247509596063
8155.180412270138,18,4,food,0,5,1187.9343317988955,0,0,0,TXN003269,6.859235362419967
20764.65680397857,0,1,shopping,1,8,354.3375480498681,0,1,1,TXN009553,58.43642732927413
32137.159013781755,22,2,grocery,1,5,1779.0190699397147,0,0,0,TXN003838,18.054390290813103
4169.579438111242,10,5,grocery,0,2,1037.2059787598796,0,0,0,TXN001867,4.016138919842994
826.9625485429348,8,2,grocery,0,5,1233.8893830807153,0,0,0,TXN001454,0.6696652832822051
1683.0331883814515,17,3,transport,0,5,2832.4984150476166,0,0,0,TXN001786,0.5939771059844297
141278.84860227018,3,5,food,0,17,500.7555433662858,1,1,1,TXN009912,281.5690837303524
181.81839381410308,16,1,utility,0,3,384.22313813055456,0,0,0,TXN007095,0.47198201721850797
2006.4001523198056,10,2,utility,0,2,1224.9476202485744,0,0,0,TXN002521,1.636611645702274
5761.019268981121,11,2,transport,0,2,217.01385039834048,0,0,0,TXN004439,26.42501500916097
700.0078943950275,11,0,grocery,0,4,548.9254283029105,0,1,0,TXN001820,1.2729142141240437
599.1345153550916,20,2,transport,0,4,1318.4251866762809,0,0,0,TXN005615,0.4540875234194604
314.1227942978372,13,2,transport,0,1,1439.9352101652414,0,0,0,TXN002929,0.21799924943316132
7459.615485913168,19,4,utility,0,4,1192.0889514436667,0,0,0,TXN000051,6.252354844864544
281.9537397036786,21,1,food,0,5,643.6371445359333,0,0,0,TXN004726,0.4373836383670596
1709.3916723550553,10,2,grocery,0,4,514.3815643836393,0,0,0,TXN005716,3.3167497452093953
587.1189367181748,15,5,transport,0,4,1075.6952096120976,0,0,0,TXN005465,0.545297249840739
3404.3343146830025,22,1,grocery,1,4,1661.9047390970914,0,0,0,TXN000469,2.047221488184258
347.3241676703883,13,1,utility,0,3,2348.5106477144323,0,0,0,TXN002629,0.14782830118614695
382.42439206611243,19,2,food,0,1,2100.1433034770803,0,0,0,TXN006513,0.1820077628371453
16285.663449873102,17,0,transport,0,5,1168.8207777789746,0,0,0,TXN007467,13.921502985092394
1984.3646181779309,8,3,grocery,1,2,1660.0174826791872,0,0,0,TXN003945,1.1946681108841741
1847.5120227010711,9,6,transport,0,4,1378.1550482933233,0,0,0,TXN006204,1.33959704167224
192.9273709491839,14,3,transport,0,1,1608.8844828209708,0,0,0,TXN004262,0.11983926362910266
738.7452565828329,20,0,grocery,0,3,686.1727116570456,0,0,0,TXN001858,1.0750503389481596
13484.874656040593,0,2,grocery,0,15,822.3466373039968,1,1,1,TXN009532,16.3781256217868
1558.7856302832502,16,2,food,0,1,1109.5120688194315,0,0,0,TXN000865,1.403663835855806
2221.786653038299,9,5,transport,0,2,831.5650363346155,0,0,0,TXN006390,2.6686043204741816
5375.265960863383,12,2,shopping,0,2,1278.3174089019947,0,0,0,TXN007212,4.201667173025368
234.91933307018923,19,4,grocery,0,1,858.3597173304694,0,0,0,TXN004921,0.27336553986955187
505.3826890233685,22,1,grocery,0,5,2010.8377775347012,0,0,0,TXN008101,0.25120449305940695
3382.7143108303685,8,2,grocery,0,4,834.0513434581939,0,0,0,TXN004792,4.050905776429927
645.1092255214613,15,3,transport,0,1,1216.4354939067573,0,0,0,TXN008854,0.5298919152186883
895.2258595396978,14,2,food,1,3,828.6692362537788,0,0,0,TXN006250,1.0790153719353608
65.3548189356477,18,5,shopping,0,3,1519.9486746729629,0,0,0,TXN005936,0.042969772763502626
1999.6611399168,16,6,utility,1,2,5509.044562571722,0,0,0,TXN000425,0.36291197234591716
867.9223043586155,15,3,grocery,0,4,2151.353994561816,0,0,0,TXN000188,0.40324328923194175
2810.3563000258378,9,6,grocery,1,2,506.77301099142414,0,0,0,TXN005629,5.534670490931828
1128.1340500316226,10,1,transport,1,3,507.11763129730775,0,0,0,TXN004359,2.220222209474037
1591.843705233187,21,3,shopping,1,4,7880.902427637105,0,0,0,TXN000228,0.20196186388346368
3190.256746366003,21,4,transport,0,5,1659.7859832578065,0,0,0,TXN007757,1.920931883172556
1820.0813100216976,22,3,utility,1,1,299.74784296268984,0,0,0,TXN007677,6.0518515846761805
574.6479979450905,11,4,grocery,0,1,1600.262882511586,0,0,0,TXN002741,0.3588717406874212
280.8881729643342,19,5,transport,0,2,1657.0264319234345,0,1,0,TXN001041,0.1694111550673429
1523.3731755353144,16,4,grocery,0,3,2898.8888403999463,0,0,0,TXN004075,0.5253212310459507
1187.7172082967957,14,1,grocery,0,5,1036.7974294012893,0,0,0,TXN009140,1.14445957818762
173.51204857418182,11,1,transport,0,3,722.7380203420832,0,0,0,TXN006118,0.23974427720706082
2619.7064588290036,8,3,transport,0,5,3535.910235611787,0,0,0,TXN006902,0.7406765465666016
2089.5203129562274,22,0,grocery,0,3,1302.162769896835,0,1,0,TXN000471,1.603422351546802
1631.9448736831932,18,1,food,0,2,430.76595489326985,0,0,0,TXN002921,3.779697901578648
6670.278194893815,11,5,utility,0,5,1907.9201112247042,0,0,0,TXN001905,3.4942678615368408
5622.915112846936,9,2,grocery,1,5,1723.6709328225877,0,0,0,TXN008876,3.260282878221007
678.6023784548653,10,1,transport,0,2,7568.936901626938,0,0,0,TXN000801,0.0896443903395046
593.3927373601865,18,6,grocery,0,4,3483.202437885743,0,0,0,TXN001487,0.1703094891697121
3192.9641984322484,11,5,transport,0,1,1638.730527987184,0,0,0,TXN008441,1.9472493461176839
217.92555835410027,13,0,grocery,0,1,660.0461053649813,0,0,0,TXN000227,0.3296677139240957
581.4230753176707,10,2,transport,1,1,706.1098834667588,0,0,0,TXN007890,0.8222527911321486
2094.153143643589,13,5,utility,0,1,937.922942243933,0,0,0,TXN001128,2.2303780740928216
376.09491178385605,16,2,utility,0,1,2969.237590432651,0,0,0,TXN005070,0.12662115414446468
1066.1753573766787,20,5,grocery,1,5,1209.1709567769556,0,0,0,TXN009166,0.8810121837795711
285.7371158972412,12,2,transport,0,5,1931.1944583574023,0,0,0,TXN002208,0.1478821733813232
165.91516230846338,12,0,transport,0,3,780.4163054136978,0,0,0,TXN007993,0.21232620967721486
8700.951285388015,0,4,shopping,1,17,501.6007577107454,1,1,1,TXN009842,17.311854691622944
401.5351753121747,22,6,grocery,1,3,2288.545621019868,0,0,0,TXN006559,0.17537766953659242
5895.404409504997,5,0,shopping,1,5,414.4688996917679,1,1,1,TXN009921,14.189761048008014
207.3929622002564,14,3,grocery,1,4,541.6557664241309,0,0,0,TXN003153,0.3821814399336198
2417.942663893457,20,3,shopping,0,3,587.0606907382038,0,0,0,TXN004441,4.111722993859983
470.4327465788975,22,2,transport,0,1,503.6458914832205,0,0,0,TXN007505,0.9322036590771281
252.8928923163896,20,5,food,0,5,3761.8228126216045,0,0,0,TXN008957,0.0672082914635558
119.10564977141063,20,4,grocery,0,1,612.4524242087107,0,0,0,TXN006215,0.19415629488308636
116038.41590747809,4,4,food,1,12,618.1157635935099,1,0,1,TXN009598,187.4260400574535
882.8655727541401,15,4,food,0,2,677.2668551869441,0,0,0,TXN002144,1.30164929334606
164.87137631490057,14,1,utility,0,4,1478.1359294788283,0,0,0,TXN007411,0.11146465516052524
301.32594310608147,22,3,transport,0,1,1088.783300167439,0,0,0,TXN008929,0.2765007897072606
1508.405391399366,18,4,shopping,0,2,871.8764152422057,0,0,0,TXN002374,1.728085860792577
373.0397317361047,17,4,transport,0,1,1621.882418829363,0,0,0,TXN002577,0.22986245177589035
1399.8193107198751,17,2,utility,0,1,329.34015516301486,0,0,0,TXN001632,4.23750878856704
1819.6268784873268,17,4,grocery,0,2,819.526087723113,0,0,0,TXN004832,2.217634400310939
977.3175953490758,9,3,transport,0,5,2642.5462729228443,0,0,0,TXN002298,0.3696994470493992
3255.471711558766,17,5,transport,0,2,1952.0128503551996,0,0,0,TXN005033,1.6668972305874408
5013.813117643879,18,6,transport,0,1,1568.6439926746798,0,1,0,TXN000156,3.1942358528702557
959.4153469511161,18,0,shopping,0,5,1205.7772354259641,0,0,0,TXN008046,0.7950227422151073
339.8542570680916,21,1,utility,0,2,2014.0944711844463,0,0,0,TXN006706,0.16865425513689675
583.5537064052196,11,3,grocery,0,2,1976.6101605619704,0,0,0,TXN003349,0.2950802529449956
947.0654709965626,10,6,transport,1,3,1247.7429745805734,0,0,0,TXN002879,0.758415054398734
1900.986956769432,13,5,transport,0,1,589.2649691017484,0,0,0,TXN003413,3.22056543464253
2977.1643619305105,9,4,transport,1,4,2844.7501825861373,0,0,0,TXN007768,1.0461790989766178
4052.6871063836993,18,0,grocery,0,1,5109.989065891544,0,0,0,TXN004189,0.792935976605687
44323.441183046896,5,2,grocery,1,19,280.8576139913139,1,1,1,TXN009610,157.25472360101944
38570.69514715607,3,5,utility,1,18,738.2911618765925,1,1,1,TXN009734,52.17253652708288
946.5697824649001,21,3,utility,0,1,1890.3753794853458,0,0,0,TXN007251,0.5004663763374498
638.8786128584811,13,3,shopping,0,3,948.1845994122959,0,0,0,TXN007613,0.6730815199214714
306.9683194207611,14,1,transport,0,4,1432.7302598494325,0,0,0,TXN006919,0.21410465274897544
32962.659079016725,4,1,utility,0,15,242.79928514522126,1,1,1,TXN009681,135.204084209608
26034.07313540972,1,3,shopping,1,5,382.46749469199904,1,1,1,TXN009671,67.89121241246347
2916.1017202226467,12,1,transport,0,2,2021.364253953046,0,0,0,TXN004794,1.4419270487611926
200.64745876113372,9,6,grocery,0,2,353.9812665725641,0,0,0,TXN005654,0.5652339367044261
4028.309399281959,15,6,transport,0,2,3153.125141570341,0,0,0,TXN002495,1.2771558573216244
1832.9376203204106,8,4,transport,0,5,2717.986976572071,0,0,0,TXN007304,0.6741251929905394
796.39295173752,18,1,shopping,0,1,1294.460677787705,0,0,0,TXN002372,0.6147565614245759
343.17780673199945,13,5,grocery,0,3,1551.9703067322523,0,1,0,TXN004091,0.2209815636810928
907.3247400786122,18,5,grocery,0,2,1015.5305058334342,0,0,0,TXN009471,0.8925701047552073
309.316045421464,10,1,transport,1,4,968.5577235628513,0,1,0,TXN003461,0.3190279834859288
1302.5236389467125,16,3,food,0,4,1711.929727813696,0,0,0,TXN007006,0.7604069319347929
712.8196130780252,16,4,utility,0,1,606.4518331250189,0,0,0,TXN005391,1.1734586582954978
1799.9542450506933,13,6,food,0,3,967.7937429327634,0,0,0,TXN007172,1.8579333920983163
4212.767201102279,14,5,transport,0,5,3798.903921030302,0,1,0,TXN005696,1.1086509787226497
443.90008248956343,17,0,transport,0,5,807.619872356148,0,0,0,TXN005664,0.5489601451373339
1051.8859518361762,8,2,food,0,3,145.01175435966246,1,0,0,TXN004503,7.204118301634301
186.4388526981966,13,2,transport,0,4,1082.0734238429877,0,0,0,TXN002550,0.17213870139724202
710.9836579326089,12,2,grocery,1,1,3265.465571418961,0,0,0,TXN004715,0.21766145774001094
1504.277310853583,22,6,food,0,5,867.0374842278368,0,0,0,TXN000847,1.7329635392320801
749.0177733890937,15,6,food,0,3,382.07263331831217,0,0,0,TXN003344,1.9552891755822748
1070.4890611680062,9,5,food,1,3,454.14430427282355,0,0,0,TXN000938,2.3519772764778604
1442.983805103746,10,4,shopping,0,1,1148.3304217443076,0,0,0,TXN004825,1.255499530686544
5000.0,3,4,food,1,17,312.10935058730996,0,1,1,TXN009693,15.968861966662217
97.37994131572974,17,0,food,0,1,1291.3006912963772,0,0,0,TXN008863,0.07535393424423739
919.0356440474704,14,3,grocery,0,2,210.83553730965926,0,0,0,TXN008610,4.338439412571426
340.70571192446187,15,4,transport,0,3,4682.8464484315155,0,0,0,TXN005354,0.07274058098948874
347.5193676801871,18,3,food,0,5,328.44219848748935,0,0,0,TXN005477,1.0548720512299041
40182.17274036249,2,6,shopping,1,6,842.8502237724946,1,1,1,TXN009723,47.61765963718671
3366.702785223557,17,1,grocery,0,3,751.386510199047,0,0,0,TXN000756,4.474698495501841
2768.2375408933226,13,4,transport,0,5,1014.8679103265904,0,0,0,TXN004750,2.7249975245338387
1375.039983610611,8,2,transport,0,3,2483.446908499038,0,0,0,TXN002644,0.5534591940390194
5156.473635205537,16,4,food,0,2,1112.2796726117547,0,0,0,TXN004162,4.63178638940604
614.4298050134653,18,3,grocery,0,4,1734.4115004370485,0,0,0,TXN008648,0.35405424296123794
1088.2497343398045,15,4,food,0,3,1701.8810458794953,0,0,0,TXN003165,0.6390638600230298
745.7877334008451,8,4,shopping,0,2,862.702067602649,0,0,0,TXN006497,0.8634779993880355
1136.6530418075633,21,4,grocery,0,3,204.35713960243422,0,0,0,TXN005987,5.535006204352537
850.132325125386,20,4,transport,0,5,3124.0164315431016,0,0,0,TXN003873,0.2720409136234843
1531.6888778577375,18,0,transport,0,4,333.58006925381903,0,0,0,TXN007751,4.577944171252377
3065.248407054094,10,6,grocery,0,1,1916.180229901594,0,0,0,TXN006523,1.5988316378640253
393.99580178347935,11,0,food,0,4,2374.072823040794,0,0,0,TXN003418,0.1658878826624981
12269.259347721225,2,5,food,1,16,336.93466867179484,1,1,1,TXN009904,36.306601497691375
491.05970826493325,15,2,food,0,3,1475.0977367727146,0,0,0,TXN002061,0.33267425051309135
1192.5778477465203,19,1,grocery,0,1,990.5668084933501,0,0,0,TXN000549,1.2027206210730261
54.94284138744628,20,4,food,0,3,1411.4880372508833,0,0,0,TXN004453,0.038897916257316555
622.1533975555084,17,1,grocery,1,5,586.6180786326768,0,0,0,TXN002812,1.058771709344259
765.3301690905067,11,1,grocery,0,2,4877.435128770907,0,0,0,TXN008777,0.15688025952767506
582.6350254491697,15,0,utility,0,3,455.48257508654495,0,0,0,TXN008995,1.276357647033312
1692.1371746168068,8,6,grocery,1,5,3515.9247529297236,0,0,0,TXN002549,0.481141137070731
136.03752329891384,11,3,shopping,0,5,738.4825780155826,0,1,0,TXN006069,0.18396312143549542
601.3459307669928,14,1,transport,0,4,1961.225239479641,0,0,0,TXN003169,0.3064612148840072
660.0444820665416,15,4,shopping,0,2,928.2169134543125,0,0,0,TXN007054,0.7103233620800796
760.6849327321085,12,5,transport,0,3,436.64441936845435,0,0,0,TXN004828,1.7381346569660818
22215.997353433457,2,1,food,1,6,221.94113707738794,1,1,1,TXN009570,99.64960995835317
4730.172812624307,16,1,transport,0,5,495.4413660395167,0,0,0,TXN001259,9.528160093427399
3988.028321363935,17,4,shopping,0,4,1126.1989824649509,0,0,0,TXN008712,3.5379985108245418
414.7454656100107,15,3,grocery,0,5,1020.5927912523488,0,0,0,TXN003661,0.40597924061463186
4420.130637104944,10,3,grocery,1,2,452.205918673716,0,0,0,TXN007922,9.753029373579743
191.5673822746948,22,0,grocery,0,2,1089.9053668316346,0,0,0,TXN001024,0.17560403321790646
821.6724524628038,11,3,shopping,0,3,829.5453666740376,0,0,0,TXN004965,0.9893167615313226
167.2871152908378,17,6,utility,0,2,2226.725670868263,0,0,0,TXN000752,0.07509322960112819
636.5204756622381,9,5,food,0,4,956.268381551825,0,1,0,TXN003942,0.664934189751861
2967.653023647502,8,0,utility,1,2,1277.1225586263445,0,0,0,TXN003710,2.321884551382124
45003.918492906574,0,6,shopping,0,17,548.7777146624344,0,1,1,TXN009960,81.85838984131823
1662.042797558018,11,2,utility,1,1,872.1784855339109,0,0,0,TXN001951,1.903439932491867
822.9683942860125,12,0,grocery,1,2,1495.0316510881487,0,0,0,TXN006314,0.5501009244606696
806.2779892725316,20,2,food,1,5,1409.4346090737888,0,0,0,TXN000351,0.5716521589058299
299.36814204572227,18,4,grocery,0,3,1094.0640748589153,0,0,0,TXN001511,0.27337956647358
1020.8739029965735,15,1,transport,0,3,483.453504396154,0,0,0,TXN004829,2.1072691057711297
21553.73548436315,5,4,transport,1,11,421.0071058343776,1,1,1,TXN009616,51.074342555791475
1358.9440828074096,17,3,grocery,0,5,354.7648188206784,0,0,0,TXN003746,3.819782088943368
244.13827062043148,10,0,food,1,4,440.88472994813117,0,0,0,TXN005799,0.5524931143221189
3777.5558015680026,8,6,shopping,0,1,2147.4780943483,0,0,0,TXN000701,1.7582472967749072
592.2758305065272,11,1,utility,0,4,2032.0955793496796,0,0,0,TXN003693,0.29131725853045076
789.2716067177926,11,1,grocery,0,2,109.47572643775797,0,0,0,TXN004614,7.144298862451637
4382.776828746131,15,4,utility,0,3,1026.553294987162,0,0,0,TXN007213,4.265254999548115
1274.8738261899193,11,2,utility,0,1,999.8972761087515,0,0,0,TXN000561,1.2737309378504085
368.9486086123025,14,3,shopping,0,2,703.9111734308107,0,0,0,TXN002318,0.5233973052471639
1462.8619585938109,8,2,transport,0,3,1241.783891944343,0,0,0,TXN003098,1.1770847434344796
1788.6814612058515,8,5,grocery,1,1,952.4323567447018,0,0,0,TXN004838,1.876044428902052
880.5860740430617,17,1,food,0,4,5308.265822531418,0,0,0,TXN003150,0.1658583509429944
634.7057748396469,14,1,utility,0,1,965.9548343024995,0,0,0,TXN005608,0.6563965061485874
246.8843667961844,16,5,utility,0,4,130.38685040945145,0,0,0,TXN004299,1.8790645032345223
513.2774072210826,12,4,grocery,0,1,1005.012284325216,0,0,0,TXN004618,0.5102098803548548
607.1969300002921,18,5,transport,0,2,1200.196342490363,0,0,0,TXN004074,0.5054934888841153
3876.071450662296,15,5,transport,0,4,2232.3693350778526,0,0,0,TXN003994,1.7355264038884015
891.2662739970157,21,0,transport,0,4,2177.0687601541354,0,0,0,TXN006373,0.4092002467056841
5148.18079307775,22,6,grocery,0,5,724.3126450665256,0,0,0,TXN006167,7.097878174460283
3564.729466612246,8,0,utility,0,2,738.3578768612199,0,0,0,TXN001047,4.8213856620362465
567.1795187805781,8,4,grocery,0,1,1157.5026014004964,0,0,0,TXN002939,0.48957984047245406
1366.7477809875365,10,0,shopping,0,1,577.6646238271462,0,0,0,TXN001808,2.3618996646938624
2570.6885769853784,21,5,grocery,1,3,2140.9185720164955,0,0,0,TXN003166,1.2001803479229465
782.2092004506873,17,3,food,0,2,2852.0264890411463,1,0,0,TXN000414,0.2741682222212996
540.9521869534442,11,6,utility,0,2,200.50523605440617,0,0,0,TXN001340,2.6845564787576426
557.6235741403162,10,0,grocery,0,3,1486.0522215592885,0,0,0,TXN009371,0.37498587208699713
1658.4295473006573,17,3,shopping,0,3,980.9682012633225,0,0,0,TXN007740,1.6888831483209468
1004.7021953505583,21,5,food,0,2,766.8789163414765,1,0,0,TXN005060,1.3084122691340652
1586.1294964691358,20,3,grocery,0,2,991.1574706104009,0,0,0,TXN004633,1.5986670901074886
790.5069313542081,13,6,grocery,0,1,2389.690726256769,0,0,0,TXN004609,0.330660475097064
3052.4576639660786,15,3,grocery,0,5,253.97945456231622,0,0,0,TXN007366,11.971386750378615
4880.254371293734,19,4,transport,0,3,1889.0465067520317,0,0,0,TXN001469,2.5820816333669234
256.9222991126676,10,3,grocery,0,4,2879.560858898369,0,0,0,TXN001710,0.08919176219415964
1480.55907570893,13,1,grocery,0,5,631.2835068388753,1,0,0,TXN006270,2.341606351731425
2979.113185321404,11,5,food,0,3,424.85343127590437,0,0,0,TXN008732,6.995630342570327
1456.4948315294773,13,4,food,0,2,696.6478734602459,0,0,0,TXN002271,2.087722025590712
1483.7425136460863,15,3,utility,0,5,211.25682055301078,0,0,0,TXN001583,6.990317247664247
877.4099409996179,12,5,transport,0,3,775.9659404118148,0,0,0,TXN001412,1.1292772248608025
14801.441814033273,15,2,grocery,0,1,928.8691551063039,0,0,0,TXN004111,15.917768357787018
302.0576553464057,9,2,utility,1,2,1230.4306837171066,0,0,0,TXN007652,0.2452900186266567
3354.870831524861,20,2,food,0,1,311.32150538457944,0,0,0,TXN006693,10.741722147483298
2804.434457599765,12,4,transport,0,2,1172.9471227861793,0,0,0,TXN001722,2.388893335284029
436.0028024378312,14,5,food,0,2,221.84455026203554,0,0,0,TXN002024,1.9565333858294938
303.4668059210504,8,4,transport,0,1,2754.6819412966597,0,1,0,TXN002212,0.1101240318678639
2921.943441798911,16,5,transport,0,4,2937.0845533933207,0,0,0,TXN001507,0.9945062467396428
2206.6094670973093,14,6,transport,1,1,966.1756534932442,0,1,0,TXN002622,2.2814981530267837
1718.0457262931473,12,0,shopping,0,4,995.894162282728,0,0,0,TXN005290,1.723398321802886
4619.439802590421,18,4,grocery,0,4,566.1275072058025,0,0,0,TXN009128,8.145328420675762
4199.504668945817,10,4,grocery,0,4,1032.3641153204435,1,1,0,TXN001321,4.063915716333503
14524.231334774431,10,2,grocery,1,4,2492.2887780554825,0,0,0,TXN000842,5.825330568447787
121.15692992146336,19,5,food,0,3,1038.6744082970392,0,0,0,TXN001146,0.11653353103104211
3167.823607096253,11,6,food,0,4,1007.2374208930801,0,0,0,TXN003624,3.1419421075347977
1012.4727109934083,10,4,transport,0,3,1995.0885203367811,0,0,0,TXN004280,0.5072283622083972
355.686279105201,12,1,grocery,0,2,2591.8940035720416,0,0,0,TXN009010,0.13717733104986082
681.291321791808,13,5,transport,0,5,1241.013041544791,0,1,0,TXN008986,0.5485379774631283
1484.6915325911637,11,4,grocery,0,5,713.3871796653809,0,0,0,TXN004681,2.0782729237758626
2287.6247014867836,16,1,grocery,0,1,3163.0538277111846,0,0,0,TXN000463,0.723004356452939
1365.2209498443276,22,4,food,0,2,274.5750890598669,0,0,0,TXN001754,4.954079682970699
909.4449352418436,14,6,transport,0,3,1920.1496984104783,0,0,0,TXN003936,0.473385773109873
1227.4390444670826,13,3,shopping,0,3,1717.3252105945928,0,0,0,TXN007933,0.7143228981912867
223.18288397822198,18,0,grocery,0,4,425.02845932325437,0,0,0,TXN009460,0.5238684859991459
316.4383430560424,15,0,transport,0,5,6901.229316350652,0,0,0,TXN004401,0.045845817134245806
1526.6995554311552,11,6,utility,0,3,183.50868442006023,0,0,0,TXN004700,8.274404861916455
2592.0003973787175,11,4,food,0,5,2285.034422791783,0,0,0,TXN008991,1.1338413680636
612.7387521571045,20,0,utility,0,3,1046.248438432981,0,0,0,TXN000378,0.585093975479169
1740.8940743259695,18,6,food,1,2,1947.0506234291747,0,0,0,TXN003106,0.8936595658183948
480.95685167881936,15,4,food,1,3,442.27910111980486,0,0,0,TXN008215,1.0849978049130526
1075.8623662641107,17,1,utility,1,5,605.122798719832,0,0,0,TXN001335,1.7749907585334146
1510.487695660833,22,3,grocery,0,3,465.10148114539345,0,0,0,TXN001223,3.2406841787950866
4378.690397470776,18,6,transport,0,3,1470.7156263751456,0,0,0,TXN003848,2.9752285828856393
2687.857455261264,17,0,food,0,3,584.0745695301872,0,0,0,TXN002716,4.594042529347334
650.7558174535093,17,6,food,1,4,1488.5799929545776,0,1,0,TXN006837,0.436872017972487
2739.8372621938292,18,1,food,0,5,687.6546716846466,0,0,0,TXN002952,3.9785357957296688
7108.641983771383,21,4,grocery,0,2,2192.93533197602,0,0,0,TXN001350,3.240132869991576
217.20181480575158,14,3,shopping,1,5,1574.2675898967268,0,0,0,TXN001082,0.1378824881555464
6833.29725249139,12,5,food,0,2,508.61755186931117,0,1,0,TXN006453,13.40867720789129
422.82548826804,19,0,transport,0,4,631.7040038240436,0,0,0,TXN001811,0.6682832504812608
4127.801499819813,15,1,food,0,5,9558.638446329995,0,0,0,TXN004121,0.4317947297896504
515.7911148776752,16,2,shopping,0,5,1230.7837857028824,0,0,0,TXN001351,0.4187351066513298
857.2330832367122,22,0,transport,0,2,370.6593153269895,0,0,0,TXN007817,2.306502347405204
923.313322489453,10,3,transport,0,1,813.1160495641435,0,0,0,TXN008796,1.1341298614414626
1299.8115088558202,16,1,utility,0,4,504.4636890185136,0,0,0,TXN001894,2.5715230136109977
1551.473334592515,14,3,food,0,5,1077.229475282057,0,1,0,TXN006639,1.4389082937903
1200.2795886821166,16,2,grocery,0,3,2319.107139520182,0,1,0,TXN000565,0.5173380005762771
372.31227096473924,11,0,utility,0,2,252.96810602329484,0,0,0,TXN003903,1.4659804209060388
4147.842122410544,8,6,food,0,4,1306.1980591424935,0,0,0,TXN007100,3.1730785502630563
792.5519573426443,9,4,food,0,3,577.2002583047538,0,0,0,TXN003673,1.370722247109256
1025.9753221725277,9,6,grocery,0,1,2121.5101048709735,0,0,0,TXN004366,0.48337829809055083
1089.636297361524,8,0,grocery,0,1,5756.476027290233,0,0,0,TXN007545,0.189255898278462
341.08601630671126,10,0,transport,0,3,3702.410170813874,0,0,0,TXN001212,0.09210052372669081
1270.3869618921274,18,0,transport,0,2,3536.5103016875314,0,0,0,TXN001189,0.3591189434236002
2017.2891743341163,21,3,utility,0,3,1413.690427851442,0,0,0,TXN003955,1.4259580291342393
2156.748511235286,8,3,shopping,0,3,2073.9071645523836,0,0,0,TXN000898,1.039443377554946
1402.2301631096454,21,4,shopping,0,1,713.3217620702372,0,0,0,TXN004786,1.963023160663231
563.890284031696,16,6,food,0,4,650.8779759832304,0,0,0,TXN008092,0.8650242910587335
943.9960355220452,21,1,grocery,0,2,543.1788161557349,0,0,0,TXN004602,1.7347166179506135
234.24544552334973,12,0,food,0,3,1791.2890669892033,0,0,0,TXN008896,0.1306962419387234
560.8518780049299,22,3,food,0,2,1287.1018209016484,0,0,0,TXN003454,0.43540958401281005
287.28710352166513,22,4,utility,0,5,754.4775365323595,0,0,0,TXN003609,0.38027219821824537
611.722870705102,13,1,food,0,2,11221.739783948506,0,0,0,TXN008157,0.0545074449271316
2883.8555681407306,20,3,food,0,3,2009.4916385911952,0,0,0,TXN008765,1.4344031642735529
14138.398154927303,4,0,shopping,1,18,713.2978798085055,1,1,1,TXN009677,19.793420300670128
3236.9237934917855,10,2,food,0,3,157.27371154699398,0,0,0,TXN007572,20.4514303850813
5065.386003739208,12,4,grocery,0,4,1051.1295095607234,0,0,0,TXN003909,4.814413014472017
1990.3812735841047,19,4,grocery,1,1,2434.5235574080953,0,0,0,TXN004028,0.8172293253046115
1552.5803104761599,10,2,grocery,0,5,484.43931610140567,0,0,0,TXN003931,3.198299476328024
695.5184765445407,17,3,transport,0,5,274.85391421234954,0,0,0,TXN002332,2.521329010430998
138.34166456035607,12,6,utility,0,5,4907.00595579843,0,0,0,TXN007302,0.028186939014798074
1337.0451253389379,21,5,food,0,3,2556.6222319512212,0,0,0,TXN002262,0.5227688079325539
584.1601623066956,14,3,transport,0,3,3738.725900840687,0,0,0,TXN009260,0.15620400473076837
1187.9635946791557,14,5,utility,0,2,520.189897364004,0,0,0,TXN005781,2.2793296659959443
5426.899421110887,19,5,grocery,0,4,659.5502264990205,1,0,0,TXN002595,8.215725622976429
767.7952003465274,13,4,grocery,1,1,679.8032035166824,0,0,0,TXN007200,1.1277784775108117
1291.329801654229,16,6,utility,1,3,8560.457479410663,1,0,0,TXN003593,0.1508306038731993
978.8888792715069,14,4,utility,0,1,754.8626959716336,0,0,0,TXN005216,1.2950617678164171
453.97368587455196,8,3,utility,0,1,3370.627924169648,0,0,0,TXN001030,0.13464525033151603
7644.533697420398,11,1,grocery,0,3,760.2499578220882,0,0,0,TXN007433,10.042080947092812
3461.5684023750564,13,1,transport,0,2,696.0017928156967,0,0,0,TXN007877,4.966369438436114
1266.5503596815538,9,4,transport,0,3,525.8967465844482,0,1,0,TXN008823,2.4037923329225905
1690.951011941377,18,0,transport,0,5,951.3726258708531,0,0,0,TXN008236,1.7755140855662088
5090.451148056938,16,1,transport,0,4,1288.0000321867587,0,0,0,TXN005733,3.9491474173364494
2509.0450704970667,20,5,grocery,0,3,1357.088329837209,0,0,0,TXN005378,1.8474829768972543
3695.547627756044,13,2,grocery,1,3,595.3643810194272,0,0,0,TXN007762,6.196794686897402
681.7123248497896,20,6,transport,0,1,484.8646230382773,0,0,0,TXN001755,1.4030910927138713
1229.3399084328507,19,1,food,0,4,1956.7191176253118,0,0,0,TXN007355,0.6279449883106951
607.1551627749224,9,6,grocery,0,2,744.4666154736426,0,1,0,TXN004161,0.8144632504960103
1398.9469823619581,15,5,utility,0,2,1658.8430911045602,0,0,0,TXN000231,0.8428188121270029
522.2672125268457,20,6,transport,0,3,1987.4185920574064,0,0,0,TXN008104,0.26265456107330926
1387.7732943298097,12,6,food,0,1,1064.0292378221066,0,0,0,TXN000110,1.3030377430460849
2413.3088313038074,13,0,transport,1,4,505.8998542681856,0,0,0,TXN005457,4.760918376644468
477.24447792282285,17,5,utility,0,4,788.0783463503301,1,0,0,TXN006708,0.6048125387424316
2497.357850043352,17,3,transport,0,5,466.5145605131606,0,1,0,TXN002514,5.3417755530483655
1343.826231999896,22,6,transport,0,4,1878.543459193037,0,0,0,TXN005961,0.7149748123285503
472.3424646675406,13,3,grocery,0,2,383.50241836013885,0,0,0,TXN004279,1.2284512193240034
1916.45443011535,13,4,transport,1,4,693.9018044825141,0,0,0,TXN004720,2.7578780451469878
1362.9487808269191,20,3,grocery,0,2,3665.214844077799,0,0,0,TXN002917,0.37175911363420266
1563.7125586394768,22,1,transport,0,1,2304.7416495594384,0,0,0,TXN009390,0.6781820326393713
369.4838338058264,16,1,food,0,3,2735.337236264016,0,0,0,TXN002992,0.13502861741935404
1098.6127278467854,13,0,food,0,2,1554.2407978787103,0,0,0,TXN002317,0.7063939740683576
1048.3319087315065,10,2,utility,0,3,2422.754546900745,0,0,0,TXN004847,0.43252395754017603
5301.369436307716,16,1,food,1,5,2722.851553899593,0,0,0,TXN004292,1.9462769286079586
982.007392272378,11,5,grocery,0,3,1895.8755130760276,0,0,0,TXN006991,0.51769733200885
412.83758568587126,8,3,utility,1,4,719.5362779473555,0,0,0,TXN001515,0.5729587785114053
536.9660559651646,12,4,grocery,1,1,1576.410813509512,0,1,0,TXN000216,0.34040977237279896
494.6589298426305,14,4,transport,0,5,3698.268537171774,0,0,0,TXN009213,0.1337180377342423
682.0093009306004,20,3,grocery,0,4,1574.3650549001084,0,0,0,TXN009061,0.4329214354534769
1077.7512705210559,16,1,food,0,2,876.8699711127506,0,0,0,TXN008417,1.2276889584854398
1518.1678094106205,14,5,utility,1,1,1911.0935575107985,0,0,0,TXN002263,0.7939819698922064
1291.1074614324077,9,5,grocery,1,2,647.3390760296662,0,0,0,TXN005326,1.9914077512325206
4741.938382369769,21,0,transport,0,4,575.8652898107565,0,0,0,TXN006840,8.220183231903908
2110.517575864674,10,6,grocery,0,3,555.8610219639888,0,0,0,TXN008498,3.7900256843639477
864.6083472512694,20,5,utility,0,4,1258.5104143430292,0,1,0,TXN006010,0.6864638334112196
775.9535959278791,13,4,shopping,0,1,1400.0913788266944,0,0,0,TXN000893,0.5538208339970517
5437.497992298394,11,0,food,0,3,660.8112678775232,0,0,0,TXN001490,8.216085546166122
1181.6722114599854,17,0,utility,0,4,471.33377504327575,0,1,0,TXN003003,2.501773690335228
1517.4424441018007,12,6,utility,0,2,963.8515798258944,0,0,0,TXN001850,1.572721106365002
649.4701195149325,12,4,shopping,0,4,4584.230431400946,0,0,0,TXN005199,0.14164394335935196
345.62799963663286,17,6,transport,0,4,363.8637459885286,0,0,0,TXN006380,0.9472796446252008
2871.249534713948,22,0,shopping,0,4,942.2719026183395,0,0,0,TXN000324,3.043925645133622
1932.5625520392787,11,2,grocery,0,3,249.7564004969186,0,0,0,TXN001215,7.706932099079269
169.06247785352542,8,4,grocery,0,2,556.602925893147,0,0,0,TXN002899,0.3031951053390325
1045.385579923383,16,3,utility,0,2,1802.736766135938,0,0,0,TXN002933,0.579566597271765
2112.3457911369387,17,3,utility,0,1,1391.8781003478211,0,0,0,TXN003658,1.5165331342415798
1957.6474243587813,16,4,transport,0,2,3346.4308967027614,0,1,0,TXN008678,0.5848208625567373
7338.493017805333,8,4,grocery,0,5,628.1379758710475,0,0,0,TXN006673,11.66436187172634
3240.2058592817534,10,2,shopping,0,1,335.69141196575714,0,0,0,TXN007972,9.623666491414088
1228.4659765699257,21,1,food,1,4,669.0947585565176,0,1,0,TXN008586,1.8332720274013508
5093.044064451914,10,4,transport,0,2,1744.081771228765,0,0,0,TXN006169,2.918513131259028
5000.0,3,4,transport,1,17,322.11553960403273,1,1,1,TXN009724,15.474340869298123
553.1114940425107,11,4,utility,1,3,734.2081815819257,0,0,0,TXN001129,0.7523195577780392
479.07629399891385,11,3,grocery,0,3,1704.8150015080914,0,0,0,TXN008856,0.2808489159582768
2578.3473808982562,14,1,grocery,0,2,2538.307544372957,0,1,0,TXN002918,1.0153742057010031
578.8335431125873,21,3,grocery,1,5,894.2961180233817,0,0,0,TXN003902,0.6465274800817024
150.0495846535211,18,0,grocery,0,4,1039.3150528812055,1,0,0,TXN007947,0.14423475296060664
320.9292356358946,9,4,food,0,1,690.2829968796669,0,0,0,TXN009097,0.4642515975143526
2155.25527641826,15,5,food,0,2,746.8082616093108,0,0,0,TXN003827,2.8820961027898675
2602.9260560989833,21,2,transport,0,5,654.7062633455214,0,0,0,TXN004923,3.969652574032808
530.1849257329096,8,3,food,0,1,3212.784748066254,0,0,0,TXN000208,0.164972133261857
613.5482507843238,13,1,shopping,0,4,1947.6322407854414,0,0,0,TXN003254,0.3148609768136747
836.062555010034,16,4,shopping,0,4,4464.490813929479,0,1,0,TXN002795,0.18722747170412998
1467.4532080234062,13,6,transport,0,2,1686.8197942531538,0,0,0,TXN005106,0.8694371360141218
316.51791867073956,13,6,food,0,4,2475.512693328113,0,0,0,TXN009011,0.12780791292669708
909.3887572502464,18,1,transport,0,1,428.0771696238432,0,0,0,TXN000798,2.1194060687206346
722.7767299460719,12,4,food,0,4,690.6954657639553,0,0,0,TXN009105,1.044934896526737
3152.973490081347,13,6,transport,0,5,4729.931619509473,0,0,0,TXN000734,0.6664593242225435
1943.9386225891262,20,4,food,0,4,2963.9082616880064,0,0,0,TXN002244,0.6556488265449356
543.8700987117414,22,5,grocery,0,4,1370.3985710821132,0,1,0,TXN000178,0.3965806222786103
478.9502732041008,22,4,utility,0,2,1161.0294278398592,0,0,0,TXN005830,0.41216707746759884
1110.776172633441,11,0,food,0,4,1886.653598505346,0,0,0,TXN007008,0.5884428019595118
778.7539610823791,17,5,grocery,0,3,1231.6458763442386,0,0,0,TXN001174,0.6317742800486991
2354.174381116044,15,1,utility,0,4,485.9772260795046,0,0,0,TXN006642,4.8342597046451985
153.95207562392534,12,1,transport,0,3,154.573642253542,0,0,0,TXN005848,0.989576855011378
804.5548862789137,17,6,transport,1,5,461.8023135388025,0,0,0,TXN001831,1.7384417984579887
2428.2497702669334,12,2,transport,0,2,906.8448184515049,0,1,0,TXN007995,2.674741014008051
1017.6168014909618,9,4,transport,0,1,500.48511387869337,0,0,0,TXN009279,2.0292063978136707
972.3619003954647,15,2,transport,0,3,545.5716122748361,0,0,0,TXN007897,1.7790201293998522
13055.034629610778,13,2,grocery,0,3,364.4144406739352,0,0,0,TXN008597,35.72665219670391
2500.265895637462,10,5,transport,0,1,878.3294762639385,0,0,0,TXN008522,2.843377781739441
1711.1071480871997,21,6,grocery,0,4,2461.5516864186243,0,0,0,TXN000198,0.6948512624219162
939.1150120945418,19,2,food,0,1,1191.373102090683,0,1,0,TXN007928,0.7876016411708017
886.7306524894846,16,3,food,0,4,1641.1697223513358,0,1,0,TXN007076,0.5399750345048513
591.2291805105236,20,0,food,0,4,2104.004056074825,0,1,0,TXN009284,0.2808684281649231
3127.8988346211386,10,0,transport,0,4,553.3549392560366,0,0,0,TXN001097,5.642411771091797
300.930021074588,15,2,transport,0,4,834.9506177582869,0,0,0,TXN000548,0.35998540425937126
466.8794491259154,20,6,grocery,1,5,1479.1065732450504,0,0,0,TXN006908,0.3154363730054306
658.8088930870418,15,2,food,0,2,752.6849761935472,0,0,0,TXN008229,0.8741170567235228
2522.3478741189883,19,5,food,0,4,242.91824567411905,0,0,0,TXN004706,10.340956114816064
464.76137825372473,11,4,utility,0,4,1001.3593593592874,0,0,0,TXN006912,0.4636674201863115
1988.4906963592512,18,4,utility,0,4,1948.4632819014491,0,0,0,TXN003369,1.02001956888346
1259.0938271010073,9,4,utility,0,3,2335.6689520279915,0,0,0,TXN007583,0.5388413390815339
1815.9518885451455,12,4,utility,1,5,1672.928956608742,0,0,0,TXN002532,1.0848440618556068
1823.5406779582129,8,5,food,1,4,1218.238534550095,0,0,0,TXN004055,1.4956389798089087
959.7965018681366,22,4,transport,0,2,1507.4657717696725,0,0,0,TXN002314,0.6362733048573858
671.4263016370562,10,4,transport,0,3,639.8680733814255,0,0,0,TXN006653,1.0476825567146695
1415.6274958533297,21,1,grocery,0,1,4513.323522671173,0,0,0,TXN006885,0.31358574296768343
2525.149257514542,11,4,shopping,0,4,817.662498452866,0,0,0,TXN005937,3.084481409966437
2739.1501046595936,19,4,transport,0,5,1110.531085160426,0,1,0,TXN002815,2.464303644971166
736.3260233220518,16,0,transport,0,5,700.7618670387648,0,0,0,TXN003437,1.0492533976363492
1770.1995745908234,15,0,grocery,0,1,605.3245854813734,0,0,0,TXN003880,2.9195576379035098
3269.975703064868,20,3,grocery,0,1,1952.3572749078314,0,0,0,TXN004157,1.6740284765464428
766.3173848703899,10,4,shopping,0,4,1251.5875253166691,0,0,0,TXN000066,0.6117874953901171
6720.428663262699,10,0,transport,0,1,818.8941640101139,0,0,0,TXN007866,8.196702645610975
397.7548186332682,8,6,transport,0,3,236.22228755704867,0,0,0,TXN000616,1.6767177432163227
2194.492546191288,11,5,transport,1,2,799.9305063422769,0,0,0,TXN001118,2.7399287813535644
2790.9615087397888,11,2,transport,1,1,1436.1781120446387,0,0,0,TXN003260,1.9419732915144072
643.2004221401206,9,5,transport,0,4,625.690114334092,0,0,0,TXN003401,1.0263452501138814
828.3438064642047,19,0,transport,0,3,3721.31615894661,0,0,0,TXN003692,0.22253451106598648
1332.6904763286136,21,0,grocery,0,2,3505.7073618130594,0,0,0,TXN000937,0.3800404022420559
524.6536463323318,15,2,transport,0,3,2317.8702390475673,0,0,0,TXN006604,0.22625399105894928
2944.992597224126,12,4,utility,0,4,279.95117082052593,0,0,0,TXN002572,10.482222190508018
1145.3017390394316,19,6,grocery,0,2,443.41086807118495,0,0,0,TXN007536,2.5771236063830445
8531.406061179629,9,6,transport,0,3,653.0847586950962,0,0,0,TXN006324,13.043272982235276
1666.872805320627,13,5,transport,0,4,429.39827612613385,0,0,0,TXN000622,3.872861249175004
743.6125203820874,22,0,transport,1,1,531.6038749188176,0,0,0,TXN001681,1.3961830835260687
1319.4398736005433,17,0,food,0,5,665.966809413738,0,0,0,TXN002126,1.9782691656880607
393.9579005890696,14,4,transport,0,5,1018.5532062802645,0,0,0,TXN000787,0.3864024929374551
625.7488847053987,10,4,shopping,0,1,2584.5813047640754,0,0,0,TXN003332,0.24201477770295682
1685.9578802165074,17,2,food,0,3,360.7998318884244,0,1,0,TXN007236,4.6599189154306755
7599.677002350834,17,3,utility,0,2,1036.2641929267925,0,0,0,TXN001092,7.326655112722281
885.988015834928,18,4,grocery,0,2,986.9304114137914,0,0,0,TXN009103,0.8968121697630733
1100.1457946727132,18,2,food,0,5,1099.5774780815536,0,0,0,TXN005020,0.9996077664522148
442.86767998523317,11,5,grocery,0,4,796.7247047350137,0,0,0,TXN009353,0.555163551230802
26544.42203651979,22,1,food,0,4,583.4882984600104,0,0,0,TXN005944,45.41480489251559
315.27271741683285,14,6,food,0,1,752.3436235202629,0,0,0,TXN003280,0.41849789070173615
589.7718123333783,11,2,grocery,0,3,4279.8054475788085,0,0,0,TXN008186,0.13777122542837092
1714.2031410075824,9,4,grocery,0,3,1999.363303408403,0,0,0,TXN002201,0.8569459048197722
11003.25685810643,20,4,grocery,0,2,1625.3863921378857,0,0,0,TXN001160,6.765462937526576
756.676616362884,13,1,grocery,0,1,982.4943753965114,0,0,0,TXN005581,0.769375641886938
1030.9375786672756,16,0,food,1,5,958.4651085216955,0,0,0,TXN003592,1.0744919950822411
178.97963616484031,22,2,food,0,1,2010.2942654635258,0,0,0,TXN003952,0.08898729501602412
200000.0,2,3,shopping,1,13,397.1631658901285,1,0,1,TXN009691,502.30663490150465
2208.838103600478,19,0,utility,0,1,255.17535788667576,0,0,0,TXN006247,8.622367591568276
5875.6617111133555,13,1,shopping,0,4,1709.6802627904576,0,1,0,TXN004153,3.434693109470375
1194.536269003289,22,4,grocery,0,4,698.6536685873225,0,0,0,TXN000478,1.707325099023905
207.44675486783004,14,1,transport,0,5,2455.1862906162137,0,1,0,TXN001352,0.08445888475983038
2616.4468668583854,19,1,grocery,0,3,575.8138096828882,0,0,0,TXN004309,4.536033678349025
2406.60928194054,22,5,grocery,0,1,806.7424799841596,0,0,0,TXN005698,2.97942641569097
943.7413811663461,15,4,grocery,0,5,661.6353158567955,0,0,0,TXN002647,1.4242243939957788
265.87063617589223,22,4,transport,0,2,749.1627841829286,0,0,0,TXN008460,0.35441725686975584
3547.1542155640536,16,6,food,0,5,117.16254618750588,0,0,0,TXN008198,30.019277089165485
1093.407874920952,20,0,grocery,0,4,983.7119750741701,0,0,0,TXN007689,1.110383444700766
1531.9549804676105,10,6,grocery,0,3,1428.6300375624132,0,0,0,TXN009257,1.071574421505347
4945.074159327247,18,6,grocery,1,2,342.10137630396207,0,0,0,TXN002589,14.412865994878093
4372.956112426747,9,4,grocery,1,3,1238.177546053426,0,0,0,TXN001033,3.5289181331229593
1651.1257031524017,10,0,utility,0,5,309.89279828108295,0,0,0,TXN004686,5.310916535479197
1233.384899083752,18,5,grocery,0,2,344.1280393363232,0,0,0,TXN005011,3.5737023901492777
735.0072320578133,12,6,utility,0,2,2418.3077940051935,0,0,0,TXN002598,0.30380889685846874
465.67969261269536,15,6,grocery,0,3,1867.8310749082073,0,0,0,TXN005819,0.2491823358810365
1225.6460048067229,22,6,transport,0,4,673.3164375381764,0,0,0,TXN004608,1.8176125281497872
8607.08985055456,11,1,food,0,5,447.3259571251859,0,0,0,TXN008470,19.198285786854864
985.0113633968399,10,4,grocery,0,4,905.771915327294,0,0,0,TXN009040,1.086283492846496
7101.298438414749,16,6,grocery,0,4,1019.3448874078258,0,0,0,TXN007450,6.959704043262778
1588.9868529453204,21,2,transport,0,5,2069.602145893776,0,0,0,TXN004671,0.7674032677385416
519.1614405746736,18,5,transport,0,1,819.4124069475233,0,0,0,TXN005583,0.6328054478189786
965.6885817777254,9,6,transport,1,1,2316.5189241111316,0,0,0,TXN003717,0.41669069957998667
3032.5152643124757,11,1,shopping,0,1,686.7453489261952,0,0,0,TXN009327,4.409357720917001
1010.4245042884527,18,3,shopping,0,1,1059.4729800854147,0,0,0,TXN003928,0.9528055153343643
1017.3667999457751,20,4,shopping,0,4,2740.6551044664857,0,0,0,TXN003617,0.37107760136873613
2085.6909995155297,22,5,food,0,5,4159.094971822216,0,0,0,TXN001425,0.5013565828767484
4343.877492782029,21,4,transport,0,1,675.2849158702342,0,0,0,TXN009378,6.423147095026342
1106.9849691090499,12,5,food,0,2,926.7996875277424,0,0,0,TXN002919,1.1931292756292824
493.9896189304119,15,5,shopping,1,3,989.4538610338525,0,0,0,TXN003819,0.4987507630237083
1043.2433727620462,11,2,grocery,0,3,185.44222356933344,0,0,0,TXN001871,5.595531703010873
254.73233522317318,17,1,grocery,0,4,1404.3272160079562,0,0,0,TXN005487,0.1812619383738819
433.14542128353185,17,4,food,1,3,1063.7520590871839,0,0,0,TXN000480,0.40680402314025027
231.9551111067987,20,1,utility,0,5,1191.0580916833078,0,0,0,TXN005972,0.1945837310489243
100819.06867027114,4,6,food,1,7,453.24059979559024,0,0,1,TXN009600,221.9508091430842
6711.352491349281,20,3,food,0,3,517.6996309074458,0,0,0,TXN002888,12.938803290852585
1704.8626378653141,13,0,utility,0,1,1737.279006659814,0,0,0,TXN006686,0.9807761765133947
386.8794197176546,22,5,shopping,0,5,522.0786437522848,0,0,0,TXN006315,0.7396199870489641
1164.3348477334519,12,3,food,0,5,997.8793348819829,0,0,0,TXN000527,1.1656411411004086
6679.903926364559,8,5,food,0,5,1139.8745142618868,0,0,0,TXN004129,5.855073316881187
1890.5528424222678,8,3,grocery,0,4,1058.6997422593554,0,0,0,TXN000722,1.7840457697870855
676.2222978812995,12,3,utility,0,3,1012.8354869767688,0,0,0,TXN005120,0.6669941095648337
2816.3395912134038,11,3,shopping,0,2,727.4642180171481,0,0,0,TXN004722,3.866133053013054
923.304092033992,17,6,transport,0,3,524.349889817941,0,1,0,TXN000220,1.7575031610912897
1573.1898827959596,22,4,grocery,0,2,1990.9350574645885,0,0,0,TXN009188,0.7897797053676922
265.1041680500434,20,2,food,0,3,504.3437905797416,0,0,0,TXN001935,0.5246016137764551
5393.5770855957335,13,5,grocery,0,1,1677.7784114679446,0,0,0,TXN000344,3.2127986926395624
812.147405403462,20,0,grocery,1,5,1416.3382250921995,0,0,0,TXN008332,0.5730088916148655
11835.96651812595,3,5,food,0,13,687.6959171957924,1,1,1,TXN009674,17.186055881265013
811.6463429349295,16,4,grocery,0,1,1308.4682204193603,0,0,0,TXN004483,0.6198289735317118
10628.95477285064,5,2,food,1,18,508.0254571116061,1,1,1,TXN009706,20.880988611381365
468.19515795157946,9,5,transport,0,3,750.9162134442112,0,0,0,TXN008486,0.6226693208369252
2444.607156724946,16,3,food,0,4,3753.6329325139095,0,0,0,TXN009216,0.6510908524653467
2306.55574263572,17,2,transport,0,3,1899.9455936870174,0,1,0,TXN006903,1.2133728341809054
6500.678838271078,10,1,food,0,5,1132.3045030943367,0,1,0,TXN009154,5.736039008511695
741.8237882547755,14,0,food,0,3,2621.8018882110464,0,0,0,TXN005960,0.28283637875552875
870.5593088317412,14,6,food,0,1,359.6495195432574,0,0,0,TXN007034,2.41386515621664
1299.3217498225035,22,0,grocery,0,5,4468.992048943284,0,0,0,TXN006051,0.29067652371544284
2740.303012023999,10,2,grocery,1,1,98.57191429583891,0,0,0,TXN002391,27.52084291442126
1951.9050444118334,14,2,transport,0,5,370.7865560269296,0,0,0,TXN007181,5.250068924682826
483.9578495696429,9,3,utility,0,3,784.7898520833957,0,0,0,TXN004328,0.615887120820543
6507.031233562546,14,4,utility,0,5,4619.207270299976,0,0,0,TXN006452,1.4083851335829929
1443.7545103133846,15,5,grocery,0,4,1649.5151222479253,0,0,0,TXN001983,0.8747296470371368
4829.238282651536,11,1,transport,0,1,1296.7969150462145,0,0,0,TXN008246,3.721104763513455
191.61096862018783,11,2,food,0,5,634.4099530438393,0,0,0,TXN001554,0.30155487445908463
573.8380671975336,22,4,transport,0,1,690.4838044752354,0,0,0,TXN004850,0.829864797242818
613.9025964599526,21,4,grocery,0,4,799.3182825279328,0,0,0,TXN009095,0.7670730631328869
5491.263068177605,3,3,utility,1,14,311.8783308749241,0,1,1,TXN009922,17.550793795217437
1914.1513085893953,11,3,food,0,3,753.7967728306082,0,0,0,TXN007532,2.535982369679487
2024.107358551392,19,3,grocery,0,2,1274.5168451892591,0,0,0,TXN006853,1.586891906747855
361.8519334720713,12,3,grocery,0,5,5149.796685727884,0,0,0,TXN004641,0.07025164368741459
2835.2604126274305,20,3,utility,0,3,1512.437369394429,0,0,0,TXN002881,1.8733913077367066
643.2590718587602,14,5,transport,0,4,5739.416220611121,0,1,0,TXN001677,0.11205791481619763
1016.1867178948519,21,1,grocery,0,2,2304.2356692670824,0,0,0,TXN004885,0.4408168463825368
1875.8318047401197,16,5,utility,0,5,931.2339953324607,0,0,0,TXN001964,2.012189873070597
3515.6892828663463,8,4,utility,0,3,3024.457718097607,0,0,0,TXN000901,1.1620355035326668
544.507876691372,12,2,grocery,0,4,2837.558310702162,0,0,0,TXN007130,0.1918255033333028
678.9007902812115,11,2,utility,0,1,2295.838611354115,0,0,0,TXN003068,0.29558053705870146
1041.5766005019432,11,0,transport,0,1,1322.9959284757142,0,0,0,TXN002296,0.7866916945138088
3350.883856027135,17,2,grocery,0,3,1332.712250696224,0,0,0,TXN006237,2.512448884141169
479.86682826323334,8,3,transport,0,5,722.6566878423446,0,0,0,TXN005862,0.6631139272601829
287.0083641266981,19,1,shopping,0,4,1390.4735201197038,0,0,0,TXN000296,0.20626218176398192
5017.067615964174,19,6,grocery,0,5,483.15496146999175,0,0,0,TXN008778,10.362524429639942
1079.7970213640099,10,2,transport,1,4,430.84649324388573,0,0,0,TXN000057,2.500418640088837
1777.4409586521674,9,1,transport,0,3,1086.2946255661711,0,0,0,TXN007242,1.6347371879325039
2347.6592315578614,16,3,grocery,0,4,1864.569604411264,0,0,0,TXN004385,1.2584141733477348
1937.7626692610513,16,6,utility,0,5,1822.8270304758316,0,0,0,TXN002984,1.062470638323358
732.6149478933013,15,0,transport,0,5,679.7714458060877,0,0,0,TXN000027,1.07615404906683
179.9016568618135,10,0,transport,0,1,5348.366813646344,0,0,0,TXN004407,0.033630458169905404
7617.611736936377,2,1,shopping,1,12,435.48479669179375,1,1,1,TXN009877,17.452181140492847
1014.4250363486731,13,3,food,0,1,330.7487458346217,0,0,0,TXN002676,3.057811217331229
2127.447871013852,15,3,transport,0,5,1863.8051752870265,0,0,0,TXN008545,1.1408418955542634
609.875744739545,16,4,shopping,0,2,3064.4265764336737,0,1,0,TXN005262,0.1989529775164526
531.1692226038535,10,5,grocery,0,4,3215.8519917254057,0,0,0,TXN005841,0.16512081499868855
1278.7638259591072,20,1,grocery,0,5,206.21493610972595,0,0,0,TXN007021,6.171195233156199
164.9131298544499,21,6,transport,0,5,505.8316268196249,0,0,0,TXN003248,0.3253805033621954
198.87113384641557,20,5,grocery,0,2,251.5155119960699,0,0,0,TXN005667,0.7875600681890417
895.0069387296138,21,3,grocery,0,4,779.1273631808812,0,0,0,TXN003884,1.147257462012772
8884.81191568484,15,4,shopping,0,5,2282.18886278644,0,1,0,TXN007663,3.891404719293206
3617.673922622033,15,3,transport,0,3,1470.5927858720809,0,0,0,TXN000295,2.4583389898029178
1401.4123771603226,8,3,transport,0,2,557.5306165372376,0,0,0,TXN003161,2.509105742221903
6965.070923233261,9,2,transport,0,1,212.6432124483639,0,0,0,TXN002580,32.601414495752685
510.3775631363058,13,5,grocery,0,2,1416.4019400024006,0,0,0,TXN003870,0.3600796278968275
375.7711962177336,21,6,food,0,2,426.14358113790865,0,0,0,TXN009210,0.8797304063815748
860.3450576249685,22,1,grocery,0,1,787.824064043464,1,0,0,TXN004404,1.0906678647896366
998.4003855436864,14,0,transport,0,4,422.14561709338267,0,0,0,TXN006952,2.359472354698531
1427.6079848840307,19,1,utility,0,1,1529.3691231412693,0,0,0,TXN000648,0.9328520572564162
3158.841779245389,22,4,grocery,0,2,3209.9559411043424,0,0,0,TXN001370,0.9837698919527902
142604.78689783427,4,5,shopping,1,13,994.4688011328806,0,0,1,TXN009855,143.2538988017954
539.1398036144209,11,5,grocery,0,5,1268.0368011491657,0,0,0,TXN006992,0.42484174070145747
1295.0943983434295,18,3,shopping,0,2,2345.3741098597607,0,0,0,TXN005532,0.5519556292840426
53164.61405846293,3,0,food,1,17,1254.1211353018139,0,1,1,TXN009620,42.35815377746679
1263.9404365016003,17,3,utility,0,4,1049.5073520358312,0,0,0,TXN005708,1.2031714333575547
993.6565273291851,8,0,transport,0,4,1001.5400873670498,0,0,0,TXN004209,0.9911389478088648
1476.1018750397573,11,5,transport,0,1,1584.6551291548044,0,0,0,TXN000681,0.9309097847944768
907.1488113906363,9,0,shopping,0,4,336.8329003187789,0,0,0,TXN000434,2.685199726061764
273.0270826771533,13,6,food,0,4,747.6428900857576,0,0,0,TXN009309,0.3646960203494057
2834.7254948995474,16,5,transport,0,2,785.4187011665335,0,0,0,TXN004824,3.604600819760084
5000.0,3,4,shopping,1,7,354.7615530147852,1,1,1,TXN009761,14.054357357137475
337.45332863685366,12,6,food,1,4,595.2989833966141,0,0,0,TXN003159,0.5659129698908184
702.786824585582,14,6,utility,1,2,1134.0247026968962,1,0,0,TXN001489,0.619181963983438
2870.4112138612945,15,5,food,1,1,1001.7172942431308,0,0,0,TXN002987,2.8626325987804297
1396.9836706057517,9,6,utility,0,3,981.9397628892202,0,0,0,TXN000812,1.421230194716617
311.3554197892737,17,4,food,0,2,891.247444540643,0,1,0,TXN001882,0.3489563592413193
623.3626834327961,12,0,utility,0,4,4107.238492103935,0,0,0,TXN009267,0.1517347847820675
1494.0986362902138,21,2,grocery,1,4,952.6989582425645,0,0,0,TXN004936,1.5666354916057312
21837.388334834242,2,4,grocery,1,16,320.3877641568449,1,1,1,TXN009935,67.94716778382724
189.00833664970665,8,4,transport,0,2,632.707433376769,0,0,0,TXN001940,0.2982580394276869
163.40644003618726,17,4,grocery,0,1,1372.9017614369009,0,0,0,TXN003296,0.11893604377163616
455.71986809853354,11,4,food,0,1,512.3230866693694,0,0,0,TXN003534,0.8877836978956334
1792.3341086695038,14,4,food,0,1,2760.2602919449514,0,0,0,TXN004525,0.6491000192549887
1107.0192928037513,16,3,grocery,0,5,599.2215194381535,0,0,0,TXN003729,1.8443512219288534
1639.6897804516543,20,2,transport,0,4,3987.4688859760204,0,0,0,TXN007015,0.4111075772001177
3172.158175196856,15,0,transport,0,1,845.9146730395357,1,0,0,TXN001612,3.7455463651516796
1215.0511331880296,13,4,utility,0,1,1282.179881216194,0,0,0,TXN001181,0.9469063152988401
785.9965310715381,21,4,shopping,0,4,173.09148183947724,0,0,0,TXN001375,4.514847726991456
2113.2039872977452,21,3,shopping,0,3,147.7389989833258,0,0,0,TXN009224,14.207464093089957
743.5923238819975,17,2,shopping,0,5,1456.3096052831909,0,0,0,TXN003946,0.5102500671005317
303.6275509970709,14,6,grocery,0,2,2536.398932097046,0,0,0,TXN007210,0.1196609437941776
2615.0311161533255,11,3,grocery,0,1,1098.716147817538,0,0,0,TXN005211,2.3779146294641884
2624.8720066607375,13,2,utility,0,2,1686.5667819719533,0,0,0,TXN000063,1.5554181527521687
2641.2673943439045,14,0,food,0,5,1124.9633969982494,0,0,0,TXN000626,2.3457844201555433
1493.7640748128567,22,2,grocery,0,5,1281.701440973099,0,1,0,TXN004421,1.1645454094755199
1544.1449094080635,20,3,transport,0,1,3054.7168844462426,0,0,0,TXN001669,0.5053298351257085
665.6422642782909,10,4,transport,0,4,1528.6899727028122,0,0,0,TXN002112,0.4351484785522692
170.22760823802707,13,6,transport,0,5,963.5284600024477,0,0,0,TXN005804,0.1764879060568053
159958.39981446712,2,2,shopping,1,17,506.9516748204906,0,1,1,TXN009763,314.9086965231411
583.9223001881409,9,4,grocery,0,1,566.8602310812321,0,0,0,TXN004032,1.0282852508905684
501.4273410592291,9,2,grocery,0,2,129.45512213391936,0,0,0,TXN006545,3.8436769124671573
2796.0784454301424,21,6,grocery,0,5,1043.2641441233607,0,0,0,TXN007948,2.6775586054210407
2127.145105057292,12,4,food,1,2,2625.8230536862543,0,1,0,TXN000084,0.8097786038813091
1625.1872915644879,14,5,utility,0,3,951.571503730984,0,0,0,TXN009180,1.7061053004410025
1417.6888543715643,9,2,grocery,1,1,3693.016106337064,0,0,0,TXN001462,0.3837798248739433
1515.1158558586592,8,5,transport,0,1,3159.46596597699,0,0,0,TXN002283,0.4793963523635964
726.3825218109843,14,4,transport,0,2,1118.1345761425353,0,0,0,TXN002887,0.6490573495769384
2990.8512139679674,19,6,shopping,1,4,1390.6092893828677,0,1,0,TXN005834,2.1492032546680613
1157.3606003365278,21,5,grocery,0,5,1601.7347579091647,0,1,0,TXN000684,0.7221161172334926
73.14430760523484,21,6,food,0,4,1863.7531787786913,0,0,0,TXN004469,0.0392246590259952
550.5337170190767,18,2,transport,0,2,3569.0911634414615,0,0,0,TXN000418,0.1542071873840831
1152.3882737572378,10,5,food,0,1,2302.4974475139175,0,0,0,TXN005228,0.5002776430253784
844.0563667859203,15,3,food,0,3,1481.0407490154184,0,0,0,TXN004253,0.5695230494483112
550.7635380818142,12,3,food,0,5,876.7211502815451,0,0,0,TXN002709,0.627492613007157
746.3599394454877,8,1,transport,0,1,144.0800918726394,0,0,0,TXN002357,5.144468340292273
942.5953642429794,16,4,grocery,0,2,926.979988428721,0,0,0,TXN008059,1.0157496670149164
1448.0635212049224,18,2,grocery,0,2,1474.1693186018801,0,0,0,TXN001366,0.9816252974793105
638.5734122778,13,3,grocery,0,2,798.2596201033729,0,0,0,TXN006277,0.7989561792139701
1059.3679911403074,18,6,grocery,0,1,707.0498705492445,0,0,0,TXN003916,1.4961770846996136
699.1030164945253,13,4,shopping,0,4,970.6305839579767,0,0,0,TXN000293,0.7195152437943036
300.05065403186467,18,6,food,0,5,1719.105247107285,0,0,0,TXN002639,0.17443738081519272
150.42623904320166,17,2,utility,0,5,5320.014450468017,0,0,0,TXN009458,0.028270218102860203
895.5107510624649,16,2,food,1,3,2724.883747869314,0,0,0,TXN001506,0.3285212554506187
2797.570402409785,20,4,utility,0,4,318.39637941669065,0,0,0,TXN009037,8.758929601891388
216.7072523997714,16,1,transport,1,3,3295.0338839368605,0,0,0,TXN007393,0.06574788367798305
239.08700798461135,21,5,utility,0,4,411.67043163288844,0,0,0,TXN001634,0.5793654927942672
389.70967561068386,17,0,grocery,1,2,385.4268889355505,0,0,0,TXN002457,1.0084952335593833
28200.53267727699,3,1,shopping,1,18,425.37195957857637,1,0,1,TXN009891,66.14068313767687
940.9747132278343,12,5,food,0,1,1152.858618904099,0,0,0,TXN005558,0.8155026082151593
70369.97231306657,4,3,grocery,0,6,323.50719315088725,1,0,1,TXN009751,216.8518103706453
2790.037808270418,20,3,utility,1,3,983.3729795263855,0,0,0,TXN002300,2.8343299402760906
106.05209068691897,17,3,shopping,0,1,470.73122152177467,0,0,0,TXN004537,0.22481465259984643
5522.145020798851,22,3,transport,0,1,1122.6209802298104,0,0,0,TXN002938,4.914597642765113
498.65962366310475,12,3,grocery,1,1,1325.0141065533792,0,0,0,TXN001563,0.3760590639259772
1081.536360752201,17,6,transport,0,3,647.4860421182365,0,0,0,TXN005689,1.6677866453677779
1276.462105055978,10,4,grocery,0,4,1733.7563232137677,0,1,0,TXN008658,0.7358163725791962
899.1032202724866,11,2,food,0,5,547.06845063162,0,0,0,TXN007517,1.6404943930567755
3115.126777537667,20,3,utility,0,5,1638.007642742499,0,0,0,TXN001979,1.9006176031767765
401.2902070871964,19,4,grocery,0,1,1259.3886844380502,0,0,0,TXN001883,0.31838607569387484
124.51811695294533,22,3,food,0,1,1209.2149261520935,0,0,0,TXN003803,0.10288925897555534
4892.497778672068,18,3,transport,0,3,1629.8837577440715,0,0,0,TXN000438,2.999905882587022
1692.6802310520416,22,1,utility,1,3,1561.551693078331,0,0,0,TXN004635,1.0832795091196943
269.4502545087631,16,2,transport,0,3,525.5752039024343,0,0,0,TXN004528,0.5117032714641228
1691.183852762585,14,0,grocery,0,1,545.6979690010836,0,0,0,TXN004332,3.0934518667641746
1179.9406862570297,22,3,transport,1,4,801.8997457957008,0,0,0,TXN003573,1.4695990283166283
987.5030980730667,14,6,grocery,0,4,3141.248713395057,0,0,0,TXN008741,0.3142663704064706
997.0984266856,19,0,grocery,0,5,462.1318648763076,0,0,0,TXN008911,2.152947145953568
1664.777957080805,20,4,utility,0,4,583.9787239894397,0,0,0,TXN004817,2.8458777880456014
736.1309036147791,16,4,grocery,1,4,1443.1028776449643,0,0,0,TXN006435,0.5097496272670391
860.5954573266185,8,5,shopping,0,1,3123.729535935925,0,0,0,TXN002986,0.2754143830463878
764.5561730752212,13,2,utility,0,2,2192.2168227134575,0,0,0,TXN007838,0.3486003595984226
736.2389490034486,8,3,shopping,0,5,1355.559971084236,0,0,0,TXN000704,0.5427249548097801
693.8966339728618,11,2,grocery,0,2,3434.5717457588353,0,0,0,TXN002280,0.20197413569647246
327.6046485665948,13,3,transport,0,2,1524.1247124403203,0,0,0,TXN008734,0.21480515389616986
1027.7513701649946,14,6,transport,0,2,303.80726969809473,0,0,0,TXN004147,3.3718072773755066
6256.546629753121,19,6,food,0,2,824.3675234484459,0,0,0,TXN005412,7.5803159828882185
444.97021643054234,18,1,transport,0,5,644.8984713118035,0,0,0,TXN000373,0.6889166582587184
135.03884439169786,21,4,shopping,0,1,528.7977560611598,0,0,0,TXN006405,0.25488753556764593
3371.0156965980414,11,0,utility,0,5,1641.6941969799875,0,0,0,TXN009223,2.052126136925234
1307.240508645878,17,5,food,1,5,1471.187424745467,0,0,0,TXN002585,0.8879579370621866
674.0630665733125,11,1,utility,0,5,583.2588710649181,0,1,0,TXN001332,1.1537061736772776
32467.256605574734,4,0,utility,0,19,205.40860227499405,1,1,1,TXN009572,157.29604409761595
1635.6244182613525,10,1,food,0,5,837.5997577508355,0,1,0,TXN005282,1.9504231943116406
1448.2042151642906,19,1,utility,1,5,4122.970053651478,0,0,0,TXN009131,0.35116749062763203
2048.9378112635964,12,4,food,1,3,227.30597107215468,0,0,0,TXN008315,8.974525728089882
9952.047205641764,5,3,shopping,1,19,323.36704330893,0,0,1,TXN009809,30.681437621156064
1336.3209629259939,17,4,food,1,5,1112.0229653105844,0,0,0,TXN001784,1.200622992134847
916.3236457045201,12,0,utility,0,4,447.69615890611936,0,0,0,TXN003182,2.0421918652890505
540.5355758584257,14,4,grocery,0,3,3121.6444213706104,0,0,0,TXN000494,0.17310186589261753
874.1978561775492,20,6,transport,0,1,2150.0849966918554,0,0,0,TXN007363,0.40639856515292255
1196.7411404777577,21,0,utility,0,1,1496.5836759174624,0,0,0,TXN002860,0.7991147070594236
3599.22911396219,10,4,food,0,1,1548.2289324347216,0,0,0,TXN007929,2.3232390246583825
3329.833840740696,12,0,grocery,0,5,1268.6564073980624,0,0,0,TXN004041,2.6226259493027766
3535.743171787021,11,3,grocery,1,5,664.0473100158006,0,0,0,TXN007178,5.316528792068969
4907.629729117816,12,1,transport,0,1,341.5382627315389,0,1,0,TXN002897,14.327245341826599
2591.9937297599768,22,3,utility,0,4,1825.710960491699,0,0,0,TXN000366,1.4189402624826235
3960.4173700773918,16,0,transport,1,3,1504.5308779220245,0,1,0,TXN000849,2.6305786405016613
828.8455816798098,17,2,food,0,1,506.3712529220797,0,0,0,TXN007440,1.6336076924072422
2633.86068976059,20,0,transport,1,2,795.427007465964,0,0,0,TXN009454,3.3070961495151834
1134.7230522811053,22,1,grocery,0,2,1936.6672153307888,0,0,0,TXN004301,0.5856129697107927
268.21079817599167,8,5,grocery,0,1,1512.4909454611868,0,0,0,TXN002653,0.17721334837207314
2333.6409672920013,8,3,food,1,4,575.5963828967629,0,0,0,TXN003503,4.047269522517677
1473.897529214016,9,4,transport,1,3,2742.334707617044,0,0,0,TXN001541,0.5372649298394562
516.095773149831,13,0,grocery,0,4,2486.172065334777,0,0,0,TXN004165,0.20750304345363565
3030.9858460452847,14,1,food,0,1,302.01143032908504,0,0,0,TXN008866,10.002876270223496
669.0173385671299,17,0,transport,0,5,1375.8723721491422,0,0,0,TXN000322,0.485896407030718
3760.5804716057337,16,3,food,0,5,1393.6410254326331,0,0,0,TXN002031,2.6964504865609844
468.26057226515155,21,3,transport,0,1,817.0585342631528,0,1,0,TXN000813,0.5724047273547808
2243.77981570674,12,0,grocery,0,4,2185.5287304093154,0,0,0,TXN008939,1.026183550438282
842.3299226308875,11,2,food,0,2,1219.640540442031,0,0,0,TXN009375,0.690072052109505
1687.510579617637,22,5,shopping,1,5,839.2830163684937,0,0,0,TXN001079,2.008264533193426
1099.0303728600193,12,2,food,0,2,1960.1296608302082,0,0,0,TXN002226,0.5604067873792521
7968.668197853637,17,6,transport,1,1,1181.577713472841,0,0,0,TXN009136,6.7383886124932
11610.505773157243,5,0,shopping,1,13,446.1867791568299,0,1,1,TXN009531,25.963437011820513
3628.6905089037077,20,1,transport,0,5,299.1779609840761,0,0,0,TXN002705,12.088464113113899
65.68537579630242,11,3,grocery,1,1,861.8318832597041,0,0,0,TXN006824,0.07612766411476216
720.6300059775398,10,5,grocery,0,5,1802.9760739764333,1,0,0,TXN007556,0.3994676073441947
792.4600334496995,10,0,grocery,0,4,300.22469987205153,0,0,0,TXN001164,2.6307936692651883
1691.6377841706742,15,3,food,0,4,4407.010696051977,0,1,0,TXN003261,0.38376444632627255
716.2830432752393,8,1,transport,0,2,472.6020786182395,0,0,0,TXN004687,1.5124153284230404
1390.8114827234263,15,5,grocery,0,2,332.2877328056136,0,0,0,TXN001450,4.1730053219048475
463.3842254547443,13,3,shopping,0,3,1210.6668637133575,0,1,0,TXN003862,0.38243533708153504
4220.370019417567,21,3,transport,0,5,1437.9999953236238,0,0,0,TXN006103,2.9328492238587027
958.1031056674027,12,2,grocery,0,3,940.7062324356431,0,0,0,TXN009215,1.0174118771512752
6829.281546989375,21,1,utility,0,1,5762.830268069186,0,0,0,TXN007120,1.18485125851513
1118.8172055714983,14,0,food,0,4,1711.0803494429995,0,0,0,TXN006398,0.6534840528573844
81771.17206280922,1,1,utility,1,8,958.3380696936736,1,1,1,TXN009588,85.23707611115609
799.5395893205996,19,0,food,0,1,762.1600451296999,0,0,0,TXN006214,1.047669613239143
12754.564804230762,5,4,utility,1,9,793.1611693941105,1,1,1,TXN009645,16.06042362151955
397.4556792758802,13,5,grocery,0,3,2034.9906081006598,0,0,0,TXN005336,0.19521488836663137
1673.426529174496,20,6,food,0,5,837.9921352300395,0,0,0,TXN004056,1.9945675995111285
5796.260522584448,0,4,grocery,0,8,396.40385906908483,1,1,1,TXN009511,14.585315140527673
1255.7538798799521,21,1,transport,0,1,10195.596306239842,0,0,0,TXN002999,0.1231542214838386
446.10396210207904,15,2,utility,0,3,1541.9473390675807,0,0,0,TXN009024,0.2891245545500369
962.1779437495991,11,3,food,0,3,2291.4066518102,0,0,0,TXN001231,0.41972393640971806
885.4301159329618,10,2,grocery,0,3,3314.7170588470576,0,0,0,TXN001514,0.2670403114072839
3363.326208936671,18,5,transport,0,2,263.38990402783577,0,0,0,TXN002313,12.721084117427456
326.77026594657957,17,6,food,1,3,984.7280354711893,0,1,0,TXN001451,0.3315014427791735
1326.3829889784306,15,3,transport,0,5,2399.1164323921357,0,0,0,TXN005267,0.5526327685930045
184.02313200540567,19,0,grocery,0,1,599.2122546764333,0,0,0,TXN006131,0.3065967590158754
337.31048512520016,8,0,shopping,1,4,401.7822586337676,0,0,0,TXN008531,0.837451198246301
1311.222417655219,20,5,utility,0,3,655.4208815252221,0,0,0,TXN006464,1.9975330684309396
1272.5533015381895,16,4,grocery,0,3,423.10038548788106,0,0,0,TXN000838,3.0005945410171138
186141.8003028326,1,6,food,1,12,413.1410184481668,0,1,1,TXN009915,449.46477651580363
813.2695488348742,10,0,food,0,5,934.5719739695589,0,0,0,TXN008261,0.8692752363928078
1202.7687370898884,10,3,grocery,0,3,1288.334413008298,0,1,0,TXN006414,0.9328601834830166
1545.1147613769251,10,0,food,0,2,603.8757873780021,0,0,0,TXN008504,2.554433147464281
1725.4133126173365,18,0,grocery,0,3,1425.0105006272809,0,0,0,TXN003567,1.2099583501372204
1012.1812474886752,20,4,transport,1,4,1364.0535729093478,0,0,0,TXN009264,0.7414956215464911
1512.7018863735225,8,5,transport,0,3,1001.667109516328,0,0,0,TXN003087,1.5086780767180323
836.4891110108028,11,2,grocery,0,5,403.1143999820678,0,1,0,TXN008643,2.0699314625955454
591.5311194577158,8,3,shopping,0,2,3293.1338335291975,0,0,0,TXN001714,0.17957106461092812
763.7772307855745,9,6,food,0,2,810.40948529837,0,0,0,TXN000339,0.9412968970959462
83298.46689293832,1,6,grocery,1,5,714.0671870341273,1,1,1,TXN009563,116.49040594134102
1167.280196536906,8,6,shopping,0,4,1637.7060465967813,0,1,0,TXN005942,0.7123182336216314
41924.82347851633,3,4,food,0,9,236.74580538099667,1,1,1,TXN009869,176.34306275700726
9346.068330760645,13,2,transport,0,1,4646.29693068561,0,0,0,TXN008102,2.011076217026191
1443.0496814973426,11,2,food,1,4,2245.5437673564375,0,0,0,TXN008488,0.6423421179082632
1703.3530910044792,9,2,transport,1,3,567.9935967967454,0,1,0,TXN000588,2.993624358154152
4777.673054921454,17,6,food,0,1,537.8406556520108,0,1,0,TXN003365,8.86657865327617
6437.6128032639945,17,4,shopping,1,5,195.48548543921817,0,0,0,TXN002670,32.76380842520523
5457.439552359403,10,0,transport,0,4,4620.737111262479,0,1,0,TXN003589,1.180819986290532
646.1305581725044,22,3,grocery,1,2,2635.7431821722766,0,0,0,TXN000034,0.24504872622452017
248.34374060257701,16,1,grocery,1,5,319.9799349729734,0,0,0,TXN000028,0.7737048754262089
678.2932934399005,14,4,grocery,1,1,772.7002549162917,0,0,0,TXN008553,0.8766874369367844
2671.5336979498825,11,1,food,0,2,2675.501341885234,0,0,0,TXN008117,0.9981439785373496
1322.2724654550311,18,6,grocery,0,1,4131.475007091259,0,1,0,TXN002170,0.3199710737962198
974.0530477525961,11,0,grocery,0,4,290.653067573492,0,0,0,TXN008377,3.3397661675790533
1502.315046190914,9,1,utility,0,1,693.5357848570504,0,0,0,TXN005620,2.1630491602389084
313.1236879669938,11,3,utility,0,3,3915.5125732114607,0,0,0,TXN000889,0.0799496189821341
290.2071263039432,18,2,transport,1,4,1321.5964995132397,0,1,0,TXN006489,0.21942227006554854
227.32278729083296,19,0,utility,0,2,1573.8625014844215,0,0,0,TXN003322,0.1443445298091515
2739.497509100546,8,6,utility,1,3,218.5731097614795,0,0,0,TXN009396,12.476470876039603
2811.909344327419,20,0,food,0,1,617.9707230991902,0,0,0,TXN003514,4.542879395406898
2240.7138149269094,9,5,grocery,0,2,2665.3338105042035,0,0,0,TXN004420,0.8403725767941976
249.86248634394354,8,6,transport,0,4,2058.181825411639,0,0,0,TXN008351,0.12134066222830761
662.9126699320166,11,0,transport,0,1,2157.584373784535,0,0,0,TXN005361,0.30710528528924996
949.5612371723096,15,5,grocery,1,2,1895.810751444031,0,0,0,TXN003733,0.5006093709925538
687.5568998952931,15,1,grocery,0,3,950.131407609784,0,0,0,TXN009463,0.7228831835373201
39.271387586843964,19,3,grocery,1,4,2249.9491168495547,0,0,0,TXN007081,0.017446590548349888
816.4321498597914,9,0,transport,1,1,1921.349924666405,0,0,0,TXN001654,0.42470527315752404
1436.6717193145262,16,4,transport,0,5,1823.243266787446,0,0,0,TXN005032,0.7875439342278915
1110.4513844794621,13,0,utility,0,4,177.51973787088485,0,0,0,TXN000223,6.220328338609822
1115.6802446216361,17,1,food,1,2,1277.1932327310342,0,0,0,TXN008625,0.8728572613687158
467.7943400284561,18,0,transport,1,4,1377.126907219214,0,0,0,TXN006194,0.3394421352474512
2202.25705249759,18,6,food,0,2,711.1502363082166,0,0,0,TXN001590,3.092405141805583
4629.064709418737,22,0,transport,0,4,2062.84118964781,0,0,0,TXN005982,2.2429364878644935
948.5801697509279,18,1,grocery,0,3,482.7489140359924,0,0,0,TXN003256,1.9608936417795257
1328.749812601231,17,2,shopping,0,3,1298.8800239349137,0,0,0,TXN006680,1.0222095794494361
145.32864269472174,8,0,transport,0,5,2468.019441364668,0,0,0,TXN004770,0.05886087418347592
274.64572120230787,11,1,transport,0,1,3197.4773544347045,0,0,0,TXN002181,0.08586764599771521
258.073104012493,14,3,utility,0,2,535.617786945361,0,0,0,TXN006803,0.48092536306249994
2006.038260725627,10,5,transport,0,4,2487.5837006946913,0,0,0,TXN004913,0.8060963592125268
1984.925378325147,22,2,grocery,0,2,3910.427118354463,0,0,0,TXN006786,0.5074683276113822
594.338544738837,12,1,food,1,4,5349.6475162203515,0,0,0,TXN004789,0.11107787289989011
457.5109093412181,22,3,utility,0,3,161.33408456341215,0,0,0,TXN001209,2.8183293149535813
3537.2397547009364,19,1,transport,0,3,1903.0964046208874,1,0,0,TXN000421,1.8576999284892899
8175.6002577644485,16,3,grocery,1,4,2770.9623061931647,0,0,0,TXN008740,2.9493908483165105
3141.7878967694924,17,4,utility,0,5,239.17893985638662,0,0,0,TXN001706,13.081029913147686
1174.1762653247706,21,0,utility,0,2,4377.750860252495,0,0,0,TXN001158,0.2681532479920685
1283.500728209183,9,1,grocery,0,3,76.80459718443207,0,0,0,TXN002306,16.49646389360138
1709.8230610746803,21,0,utility,0,4,604.9843531700454,0,0,0,TXN000273,2.8215630521319524
146.2180158999202,8,6,transport,0,4,1775.3427353019124,0,0,0,TXN000171,0.08231407880589472
7459.83047646947,21,6,grocery,0,2,821.5161767981931,0,0,0,TXN003956,9.069524329002666
1258.6039445607846,17,4,transport,0,3,2953.5914061085914,0,0,0,TXN006696,0.42598240215504324
3682.7959202654342,20,1,shopping,0,5,2748.84713332611,0,0,0,TXN003188,1.3392729638068517
89.10165054670729,22,0,utility,0,3,1166.791021425616,0,0,0,TXN008132,0.0762993111883441
1903.9391051602781,11,4,food,0,2,1044.979348184202,0,0,0,TXN004808,1.8202454077754746
250.19181714612483,9,6,grocery,0,1,528.6551185909292,1,0,0,TXN008083,0.4723674111027643
1730.829362893695,20,1,transport,0,5,1180.510136214243,0,0,0,TXN001564,1.464929762210558
471.86913402232193,14,3,food,0,5,561.1211584606641,0,0,0,TXN001782,0.8394438225995761
289.968919865254,22,0,shopping,0,5,3226.9609848250243,0,0,0,TXN000843,0.08983036698040268
1520.1480582850252,22,1,grocery,0,4,1340.6075581714156,0,0,0,TXN009345,1.133079527635456
1138.6138251817758,15,6,transport,0,1,1319.0209064266999,0,0,0,TXN004461,0.8625725695996789
4240.186554352572,14,6,shopping,0,1,1207.7414916983391,0,0,0,TXN000904,3.507934974909241
1666.0570707061438,21,4,grocery,0,2,2938.845566512171,0,1,0,TXN005911,0.5667158471466077
20512.994054170646,0,0,shopping,0,8,457.42078855875025,0,1,1,TXN009950,44.747085136916176
665.1665781800071,20,3,grocery,0,5,3722.563871535325,0,0,0,TXN009297,0.1786370802619645
1031.8932285658464,16,5,shopping,0,4,778.0035209626102,0,0,0,TXN001547,1.324632303703508
4752.577546348194,8,3,shopping,1,5,676.148292323216,0,0,0,TXN002080,7.0185181004336
195230.24805559308,1,0,food,0,10,212.52506438912891,0,1,1,TXN009881,914.3200523747635
1071.2763207688013,21,0,transport,0,3,3713.385458147887,0,0,0,TXN003985,0.2884128028282165
690.9202481810183,16,4,grocery,0,5,3849.298481637433,0,0,0,TXN006389,0.17944589269536002
780.0795660645273,18,3,food,1,1,1002.4991054209418,0,0,0,TXN007579,0.7773595032128148
1089.4015152441782,21,6,shopping,0,3,3672.336787116954,0,1,0,TXN009245,0.2965700066122179
426.6717510304254,16,2,shopping,0,3,433.5156029588844,0,0,0,TXN006567,0.981948054626703
351.1512572662975,9,6,grocery,0,2,3527.4710997189472,0,0,0,TXN008206,0.09951938030448022
1604.4243412115425,13,1,grocery,0,2,989.4534243910164,0,0,0,TXN003820,1.61988873146461
340.59181435125606,22,4,grocery,0,4,424.51665231719824,0,0,0,TXN002646,0.8004194724143591
477.57064877114584,20,2,transport,0,3,3851.8031935443632,0,0,0,TXN004454,0.12395407312040965
1325.2203628542093,16,1,grocery,0,3,613.5451515317477,0,0,0,TXN007159,2.1564247306338853
1993.1526969214078,10,5,shopping,0,4,554.1388335914521,0,0,0,TXN008221,3.590367987818062
1130.990036994067,15,5,utility,0,4,1502.2982769154382,0,0,0,TXN008596,0.7523390762575097
5000.0,0,3,shopping,1,15,458.5554968084006,1,1,1,TXN009589,10.880078760290873
369.50432757169875,12,5,shopping,1,4,393.40929181396933,0,1,0,TXN006071,0.9368550265950187
4043.891252843013,11,0,grocery,0,1,325.63276313024596,0,0,0,TXN002155,12.380543868560109
3508.6604157430093,18,0,food,0,2,1578.3483499705383,0,0,0,TXN006712,2.22158741344711
3334.084343097428,12,6,food,0,5,617.9519800736657,0,0,0,TXN003715,5.386660759531968
146.3755008669842,8,4,grocery,1,5,1161.0971208415126,0,0,0,TXN004057,0.12595806171603705
356.19499525793907,19,4,transport,0,2,372.18263608789164,0,0,0,TXN005952,0.9544790159369804
466.03345344077525,21,3,grocery,0,5,2401.999900700988,0,0,0,TXN003102,0.19393819088582856
1316.8699218145603,19,4,grocery,0,3,648.463016045022,0,1,0,TXN000558,2.0276288091565053
1793.1688496518207,13,6,food,0,4,1181.4322197749045,0,0,0,TXN004610,1.516508785588725
541.4203395370791,19,4,grocery,0,3,130.8642506411226,0,0,0,TXN006978,4.105891755382518
408.08316610889045,12,4,grocery,0,5,731.2186211420609,0,0,0,TXN001436,0.5573242120944593
4905.006858690647,20,2,utility,0,2,743.7821389502968,0,0,0,TXN000507,6.58582772353243
1586.4653617313236,18,1,utility,0,3,339.3988123255666,1,0,0,TXN001869,4.6606078055700895
4570.274974691011,19,0,transport,0,3,723.3215359621216,0,0,0,TXN000755,6.309732277420526
370.56616527106,12,0,grocery,0,1,395.78359499943355,0,0,0,TXN005419,0.9339251167165544
3839.3494234195114,22,0,shopping,0,5,783.2263371607148,0,0,0,TXN004050,4.895715996124085
251.3519437510772,21,3,transport,0,5,458.8010153556577,0,0,0,TXN008089,0.5466537379363018
1379.63277970138,21,3,food,0,3,394.8033842181036,0,0,0,TXN003836,3.485651802666616
3062.7253225999752,9,1,grocery,0,1,1011.205259648207,0,0,0,TXN002118,3.0257947124918405
4200.489443427242,8,1,utility,1,5,547.1409771153715,1,0,0,TXN006152,7.663155317328397
49.685381295346296,11,3,transport,1,3,2302.7633617652946,0,0,0,TXN007808,0.021567050730971822
662.7181188170665,16,3,food,0,1,453.65229359623913,0,0,0,TXN000501,1.4576372497212198
991.0870516304875,11,0,transport,1,5,844.3743433768495,0,0,0,TXN006259,1.1723647155786492
116320.00870850572,3,3,grocery,1,11,147.2426588757976,1,0,1,TXN009743,784.6594872934809
1088.460077365527,15,3,grocery,0,5,2065.092694367122,0,0,0,TXN001539,0.526820544079674
735.5181516082476,13,0,transport,0,1,181.63865161659353,0,0,0,TXN006141,4.027176860417768
697.3656310562991,14,5,grocery,0,2,752.1298687033564,0,0,0,TXN001211,0.9259566776403848
4149.752262417482,17,3,transport,0,3,1330.3638091953046,0,0,0,TXN009122,3.116918331230328
1425.8207486325384,9,5,food,0,4,444.728376781834,0,0,0,TXN000672,3.1988556773678782
2932.867944431217,10,2,grocery,1,5,142.94624421620983,0,0,0,TXN003377,20.37474447770931
2002.0686241867254,17,3,shopping,0,2,782.6123230024773,0,0,0,TXN008783,2.5549223326601465
2136.801732801489,22,2,grocery,0,3,806.0955787760424,1,0,0,TXN001464,2.6475200570940323
1863.7934685987775,13,1,grocery,0,4,967.884497855259,0,0,0,TXN001192,1.923648765899863
1493.9183608447584,20,0,transport,0,4,2456.615039132592,1,0,0,TXN006984,0.6078732173497898
607.9451133221843,15,5,utility,1,1,1979.2166711670823,0,0,0,TXN001872,0.3070093905248657
1791.850109810859,22,4,utility,0,3,408.2987677264188,0,1,0,TXN003590,4.377853663631251
6663.571137764356,13,5,grocery,0,3,2847.171183533355,0,0,0,TXN006726,2.339596431664522
1940.0855147687087,10,3,food,0,3,354.0090241085881,0,0,0,TXN000505,5.4648907014129495
13725.496194494877,10,2,food,0,2,574.8390230476617,0,0,0,TXN008118,23.83564788966869
1214.0573468931564,21,6,food,0,2,848.2063248505916,0,1,0,TXN000506,1.4296376644471605
1156.2525199434385,12,1,food,1,1,1603.6205701906729,0,0,0,TXN009449,0.7205769023676695
333.0460825302308,14,1,food,0,2,1048.2906089133094,0,0,0,TXN007131,0.31740118485873775
3107.9942227525894,22,3,shopping,0,5,1690.3430157868895,0,1,0,TXN004807,1.8375895331359555
1142.734686952149,21,5,transport,0,1,950.4309242417932,0,0,0,TXN007303,1.201069523636525
3081.5557570447922,22,2,grocery,0,1,178.62680277925708,0,0,0,TXN001773,17.155322643201018
592.698665912334,8,5,grocery,0,4,313.586472249854,0,0,0,TXN006854,1.8840564302510598
2593.2972677455423,22,2,grocery,1,3,1588.8377234923148,0,0,0,TXN004906,1.6311710493628113
1599.2071582847532,16,3,grocery,1,1,2447.635760656895,0,1,0,TXN000797,0.6531012835717691
351.5668208010177,15,5,transport,0,1,8018.148056663353,0,0,0,TXN008785,0.04384091904985969
879.5737943887669,13,1,utility,0,5,1141.6298293061088,0,0,0,TXN007070,0.7697801788728994
3182.507616259968,8,2,grocery,0,1,2548.092402057899,0,1,0,TXN002829,1.2484865647438708
2113.116476086564,18,6,utility,0,3,1156.7425199969346,0,0,0,TXN009319,1.8252041706925985
3435.4271080413264,9,5,grocery,0,2,694.8126109384071,0,0,0,TXN008737,4.937287789895242
1280.6913686660516,8,5,grocery,0,4,3089.479309462857,0,0,0,TXN000312,0.414398946061426
1118.7815677860306,13,1,transport,1,5,273.85680007444034,0,0,0,TXN000746,4.07041618574846
1650.1323034083466,20,5,transport,1,3,4776.1154279993125,0,0,0,TXN003569,0.34542441527301193
1003.8789371703125,10,5,food,0,2,2202.1580483264356,0,0,0,TXN000790,0.4556545264343971
5850.431897136972,9,4,shopping,0,2,334.971384181056,0,0,0,TXN002476,17.413482732756062
1429.1344245425792,22,6,transport,0,2,1734.566888571421,0,0,0,TXN009325,0.8234395539309508
705.6347916628189,14,1,shopping,0,1,1526.7744810228796,0,0,0,TXN002570,0.46187104211243296
1336.8306780457897,22,5,transport,0,3,485.3195479431198,0,1,0,TXN005286,2.748873006852988
1201.4349321157028,17,5,utility,0,5,2647.3334950175727,0,0,0,TXN005215,0.4536569636626262
1376.127756378904,20,5,transport,0,1,937.890410143377,0,0,0,TXN002163,1.4656958272358505
1919.1958906112168,12,0,shopping,0,2,1154.4560044300752,0,0,0,TXN006577,1.6609856915823062
7036.052979330954,19,4,food,1,3,881.179932972259,0,0,0,TXN008449,7.97575723086892
292.92681869157707,9,1,transport,0,2,1679.760406222988,0,0,0,TXN000380,0.1742823174600141
789.9293802077319,21,2,transport,0,3,1595.057995372633,0,0,0,TXN008508,0.49492523611167805
1168.214912059407,16,5,food,0,2,523.4331365677585,1,0,0,TXN001292,2.2275764641894815
1917.342291498059,22,4,grocery,1,1,2587.480179558652,0,0,0,TXN001912,0.7407212566815848
1295.284022626066,8,6,transport,0,5,1319.8242808694151,0,0,0,TXN000599,0.980663394356638
1854.1271278291715,18,2,food,0,3,1032.845966885646,0,0,0,TXN003892,1.7934268616576776
1062.6580363121034,10,5,transport,0,3,2432.7054424176954,0,0,0,TXN004141,0.43664201007679715
2967.3221451480804,11,5,utility,0,3,536.3147310768015,0,0,0,TXN001652,5.522502871271445
2181.490959878596,13,2,transport,0,1,1400.0778637039962,0,0,0,TXN005224,1.5570090830722574
1062.8811712187528,11,1,utility,0,4,361.81504446862414,0,1,0,TXN001893,2.9295399609887722
4601.68139581618,19,2,grocery,0,4,5522.809135382127,0,1,0,TXN001944,0.8330630698915059
1434.8347064828795,22,4,utility,0,3,771.0278611153344,0,0,0,TXN003395,1.8585271060166149
455.54805429116976,12,5,grocery,0,3,1165.2329323620493,0,0,0,TXN005479,0.3906149806355733
88351.01924688068,4,6,shopping,1,8,300.16232128163523,0,1,1,TXN009769,293.366775999373
769.5405215612349,12,3,grocery,1,4,444.20043334753376,0,0,0,TXN000375,1.7285259939549829
4599.181394014495,10,2,food,0,4,1351.8387468826018,0,0,0,TXN001966,3.39965232708818
2512.663035512587,14,2,grocery,0,1,1741.9633871094975,0,0,0,TXN003957,1.4416040257044913
1041.6956246786335,19,4,grocery,0,5,717.9017552408404,0,0,0,TXN007135,1.4490097111108784
363.337314523034,21,4,shopping,0,1,1709.773745386767,0,0,0,TXN007478,0.21238186259451378
1313.5596959285804,12,4,transport,1,3,1514.6904554651417,0,0,0,TXN004505,0.8666411345352634
9934.245079573597,5,6,shopping,1,8,171.60748551711882,1,1,1,TXN009580,57.5539644170782
413.052399521766,9,5,utility,0,1,252.34671751499278,0,0,0,TXN005288,1.630383861189447
4814.953957402074,19,5,grocery,0,1,686.6154054800561,0,0,0,TXN001471,7.002393953114724
3905.292741413482,12,3,grocery,0,2,1448.737322923896,0,0,0,TXN003346,2.693793337359288
1199.9576984546497,8,0,grocery,0,1,1357.6646105943762,0,0,0,TXN006253,0.8831890439316759
463.85014278877,21,4,transport,0,2,567.584108875279,0,0,0,TXN002853,0.8157986400751085
3586.687837217986,20,1,grocery,0,1,1725.8999652192797,0,0,0,TXN008988,2.0769517108436286
75448.08469486258,0,5,shopping,1,19,393.59251051526667,1,1,1,TXN009775,191.20506011718516
1141.1587289934293,13,4,shopping,0,1,1070.6734746120326,0,0,0,TXN006459,1.0648380836397502
335.30751258183477,19,0,transport,0,5,1768.0335680816181,0,0,0,TXN004062,0.1895427642706917
460.8287705709255,14,2,food,0,4,2369.635752498681,0,0,0,TXN005863,0.19439037401051845
264.5265178598733,15,5,grocery,0,1,3028.8837018516274,0,0,0,TXN004306,0.08730583213415599
176.68788623603626,18,5,food,0,5,1409.9689052829253,0,0,0,TXN004877,0.12522450748169187
385.7058241770603,20,3,grocery,0,4,1333.467656364693,0,0,0,TXN007249,0.2890334751370338
2259.8875268233114,19,0,grocery,0,3,894.6293331237068,0,1,0,TXN005273,2.5232397413129046
485.9891789273709,9,2,grocery,0,4,935.90663618298,0,0,0,TXN003990,0.5187167644657991
802.9754288072053,8,4,grocery,1,4,285.21763647479304,0,0,0,TXN001049,2.8054715240369985
2606.7840832565576,15,6,food,0,3,2250.2012051612073,0,0,0,TXN006175,1.1579525087673748
706.0417101804422,14,0,food,0,2,1806.1990621552748,0,0,0,TXN006926,0.39068286663363655
257.9082516563702,12,4,grocery,0,4,6992.92084847746,0,0,0,TXN007864,0.03687606097408373
686.9498672616678,13,2,shopping,1,5,531.555580529304,0,0,0,TXN002035,1.2899120624722626
4315.067400154898,16,1,shopping,0,2,3041.5032250164404,0,0,0,TXN004039,1.4182622271933931
2400.3857297577497,14,6,food,0,2,5600.953546862369,0,0,0,TXN006875,0.4284908308642073
1695.8617944319726,9,1,food,0,1,1246.3852423429175,0,0,0,TXN009354,1.3595333156633296
171.0076875243478,12,0,shopping,0,5,2001.4424378744034,0,0,0,TXN001972,0.08539955221178433
1508.4492319569151,15,2,transport,1,5,1990.3606572392869,0,0,0,TXN005072,0.757496753023205
792.9999344383399,13,5,transport,0,3,721.9914686983429,0,0,0,TXN002099,1.096831662296152
2443.487898053696,20,3,grocery,0,1,541.6040775194379,0,0,0,TXN001499,4.503261216215542
20799.356998520612,3,6,shopping,1,14,1310.6693064235822,1,1,1,TXN009612,15.857165290565852
662.2064178017882,16,4,transport,0,2,402.7897492261005,0,0,0,TXN000652,1.6399782784752872
2320.981592602429,18,6,transport,1,1,513.6527842709976,0,0,0,TXN000170,4.509800905653478
3239.7834699613904,8,5,transport,0,4,986.9783168473424,0,0,0,TXN004085,3.2792050338711896
583.3333832140809,21,4,transport,0,1,300.5168977674246,0,0,0,TXN000242,1.9346623274959394
2737.924232817441,10,1,shopping,1,1,8953.298996100997,0,0,0,TXN005710,0.3057664518472775
250.94190515125302,8,5,grocery,0,1,1046.7584263027966,1,0,0,TXN006972,0.23950359057168027
2177.407997584943,15,5,grocery,0,3,886.2913767822134,0,1,0,TXN002756,2.4539943186209845
4681.507540458042,22,2,transport,0,4,977.5423065423769,0,0,0,TXN006884,4.784164679603768
2491.4184251089014,13,1,transport,0,3,692.5734501349264,0,0,0,TXN005446,3.592147918326784
219.14571661121306,11,6,grocery,0,5,363.98334038121993,0,0,0,TXN002076,0.600426628739598
1213.97546524308,10,4,grocery,0,2,733.7283203769651,0,0,0,TXN004103,1.6522780347165993
74868.54873592584,4,5,transport,1,12,645.2577797717014,1,0,1,TXN009559,115.84935776304943
1850.514543785671,16,5,food,0,4,2586.8195129730116,0,1,0,TXN007571,0.715086401701837
773.6719935366516,21,1,food,0,4,3308.954402670198,0,0,0,TXN009466,0.23374098232668006
546.8586663246832,13,1,grocery,0,3,588.8760052455158,0,0,0,TXN004894,0.9270739298796735
794.3132309669339,18,2,utility,0,3,1323.4732047979064,0,0,0,TXN006692,0.5997201212448338
2749.5324380474644,20,2,grocery,0,1,2574.614827717039,0,0,0,TXN008054,1.0675246968059202
578.7870769355578,20,4,food,1,2,4333.067717162664,0,0,0,TXN005389,0.13354361646071972
4244.7366660371345,21,2,food,1,2,1119.737914895995,0,0,0,TXN009373,3.787448081856897
435.53309838061404,20,0,food,0,3,2021.5812396675474,0,0,0,TXN008021,0.2153352804024835
3357.3668553026473,14,5,transport,1,4,7765.319838482853,0,0,0,TXN008604,0.43229829895320243
290.2204890219795,10,0,transport,1,5,289.06198889675875,0,0,0,TXN004480,1.0005464353527451
352.37069024293976,9,5,shopping,0,4,455.99762126411565,0,0,0,TXN008326,0.7710558520375577
3699.6982413387345,19,2,shopping,0,4,1206.5569838837832,0,0,0,TXN004078,3.0637877058518987
584.0295428681029,8,4,grocery,1,3,378.8369495594987,0,0,0,TXN000640,1.5375795944691761
753.6220670832511,18,6,transport,1,1,701.7196275700219,0,1,0,TXN001270,1.072436342342177
1258.079114716966,14,3,transport,0,3,205.47650965292067,0,0,0,TXN002778,6.0930859245526285
9228.984191247666,14,3,transport,0,5,182.4062954728449,0,0,0,TXN009497,50.319887697715956
608.2442866430277,17,2,utility,0,3,862.7301513271686,0,0,0,TXN003861,0.7042063840291173
105.37460442432373,10,5,grocery,0,5,324.89739965582396,0,0,0,TXN003480,0.3233367450480074
1064.9129075851993,14,0,transport,0,4,4790.152281811409,0,0,0,TXN001534,0.22226655404544637
3517.813444866993,19,6,food,0,4,861.4692709020584,0,0,0,TXN000325,4.078769602060958
403.90476931836827,9,4,utility,0,1,1445.2598138751232,0,0,0,TXN002338,0.27927538706627114
1113.3438702837304,20,4,utility,0,2,665.6542280333509,0,0,0,TXN003980,1.6700469650783236
7687.327608127323,10,0,shopping,0,4,1249.8320767276905,0,0,0,TXN006877,6.145771084027673
1686.048617781482,19,4,grocery,1,2,122.24901788136935,0,0,0,TXN004054,13.68001665866702
667.37289180001,10,5,utility,0,3,2918.8789058834836,0,0,0,TXN002237,0.22856183879929753
616.7783905776042,8,3,transport,0,3,1926.719158319177,0,0,0,TXN007106,0.31995241003642233
13909.859830310512,5,5,food,1,6,432.3576292745896,1,0,1,TXN009668,32.09787688195232
20852.857953319897,8,5,food,0,2,2044.3932481078807,0,0,0,TXN004745,10.195036075634905
2637.3965478509067,14,3,grocery,0,5,1039.815332225139,0,0,0,TXN000864,2.53397165298523
517.5466334591738,17,1,utility,1,2,803.3498800763267,0,1,0,TXN006203,0.6434347120311158
2099.766299667521,11,3,transport,0,1,907.5168822794323,0,0,0,TXN005508,2.3112022909241836
1198.4962947283404,17,1,grocery,0,4,668.5923169600845,0,0,0,TXN007429,1.789889555736621
7350.754244413672,8,6,transport,0,5,2633.087544227011,0,0,0,TXN000371,2.790626401360094
733.5903009792925,13,0,transport,0,5,2383.9363898877386,0,0,0,TXN006296,0.30759323564760704
5323.077845339074,13,3,shopping,0,2,4629.551473831492,0,0,0,TXN005551,1.1495559169185867
931.099670621594,10,0,utility,0,2,773.5124933565145,0,0,0,TXN005723,1.2021751470870092
3546.94525458114,15,1,food,1,3,415.952560285755,0,0,0,TXN005899,8.506831693635052
3705.4056612434056,20,1,transport,0,4,1832.2089106996302,0,0,0,TXN009287,2.0212675378221165
5152.879600322056,8,2,transport,0,4,1497.786467532264,0,0,0,TXN007871,3.4380345112177437
1231.0179881133301,16,1,grocery,0,5,520.9853833892516,0,0,0,TXN002364,2.358338044104471
160.2577912222076,18,6,transport,0,3,3425.3666983565477,0,0,0,TXN003213,0.04677193229174071
3000.1304199637357,12,2,food,0,5,398.38234431755814,0,0,0,TXN000911,7.511925508600507
427.1078799407634,16,6,transport,0,5,1037.312502003612,0,0,0,TXN009047,0.4113481048495336
22281.238624236183,0,4,shopping,1,5,656.9290685731067,1,1,1,TXN009790,33.8657154525167
1125.1507607410151,20,1,food,1,1,436.82521713026307,0,0,0,TXN007289,2.5698628510158583
18651.04766625646,2,2,food,1,17,370.0396054939733,1,1,1,TXN009958,50.26699950649717
3731.772986538088,18,5,food,0,2,2274.9211930728993,0,0,0,TXN006536,1.6396758367101143
1166.010840737672,22,4,food,0,5,1025.7844992888286,0,0,0,TXN009192,1.1355945103819491
968.84790304097,10,2,transport,0,3,993.0358562650547,0,0,0,TXN001423,0.9746609208658481
48608.00179339913,1,3,shopping,1,13,723.2519577057323,1,1,1,TXN009807,67.11476755600134
197.21444329782705,15,3,grocery,0,3,2430.382670893355,0,0,0,TXN000479,0.08111205432971404
2418.1530184392723,17,0,transport,0,3,1058.9493851330383,0,0,0,TXN000662,2.281385368354887
1344.1027962351945,14,1,utility,1,4,1099.4943814125822,0,0,0,TXN004476,1.2213627065591368
1269.9686221834188,17,6,food,0,2,1501.8389678085189,0,0,0,TXN008982,0.8450463751517716
1437.8746182316813,16,2,grocery,0,4,6509.718660978812,0,0,0,TXN008077,0.22084729706559203
409.2257527873111,18,1,transport,0,2,3093.497075683006,0,0,0,TXN002988,0.13224305687766347
5348.087905452028,9,3,transport,1,4,819.9036051106151,1,0,0,TXN001119,6.514879301488004
1234.4120534887736,8,3,grocery,0,5,1357.1116356512937,0,0,0,TXN002776,0.9089179571727924
5000.0,5,4,shopping,1,6,456.5631288298654,1,1,1,TXN009835,10.927453907369223
411.81913563390447,13,4,food,0,2,1377.6906775070554,0,0,0,TXN005003,0.2987030683188158
1324.2643040303378,20,2,utility,0,5,1114.3716138346874,0,0,0,TXN006649,1.1872852846572541
3031.554759998059,12,2,grocery,0,1,1437.3537585118545,0,1,0,TXN007254,2.1076558823293636
1482.140313858749,9,5,transport,0,2,328.17826492664824,0,0,0,TXN004427,4.50254610275991
288.58329285593203,14,0,grocery,0,1,2100.9065720848234,0,0,0,TXN007431,0.13729596580960027
1535.0572708438356,20,6,transport,1,2,434.68454771930146,0,0,0,TXN003981,3.523322731732104
893.1079679894218,15,5,shopping,0,1,2118.7681727838262,0,0,0,TXN006351,0.4213234161434411
765.6419985647016,17,0,transport,1,5,385.10270421100086,0,0,0,TXN002893,1.9830008705307764
656.4672151383135,12,1,transport,0,4,4046.527227590412,0,0,0,TXN002669,0.16218969712258707
1221.1215276843368,16,1,grocery,0,5,1677.0628527335564,0,0,0,TXN003977,0.7276971334507141
837.9503982618379,21,2,grocery,0,2,2843.1089554781133,0,0,0,TXN005259,0.29462668673358644
428.3686119831812,19,0,grocery,1,1,2648.691006808757,1,0,0,TXN000279,0.1616673834354373
1902.288349987913,14,5,food,0,3,843.0454245958249,0,0,0,TXN006730,2.253774849734933
2721.0237798510757,9,4,utility,1,4,544.5793010212369,0,0,0,TXN006104,4.987402884892729
1815.4594078518812,16,6,transport,0,4,1053.069052767145,0,0,0,TXN007020,1.7223344173571287
400.04097504289825,13,2,utility,0,3,1157.6246067304965,0,0,0,TXN001694,0.3452722933028043
8964.137642311256,21,4,grocery,0,2,687.4475256748434,0,0,0,TXN008912,13.020800145260534
1606.854315949406,14,5,food,0,2,441.78447736477136,0,0,0,TXN003479,3.6289761680729824
2377.6720873555237,14,2,grocery,1,4,1743.0183340051206,0,0,0,TXN004416,1.3633297546220307
3607.2450558258793,18,5,grocery,0,4,272.6358387844564,0,0,0,TXN007592,13.182648412758954
797.7995435526359,19,3,transport,1,1,2139.766565347676,0,1,0,TXN006282,0.37267003159826884
263.36373212406113,17,3,grocery,0,2,807.67307507849,0,0,0,TXN005603,0.3256739221823343
486.6857537551238,10,0,shopping,0,5,1794.4568120023894,0,0,0,TXN008619,0.2710651409166149
1455.6749549553285,14,5,transport,0,3,608.0344830991676,0,0,0,TXN007780,2.3901355265598396
169.65281178885826,10,0,transport,0,4,542.7567674419901,0,0,0,TXN004296,0.31200128797837434
802.9499695082039,12,1,food,1,3,429.1466009034442,0,0,0,TXN004593,1.8666890958146698
436.81563240374777,10,2,shopping,1,3,1615.6176483442257,0,0,0,TXN004844,0.27020342927169183
374.2398686595129,21,1,food,0,2,908.2189737608575,0,0,0,TXN002209,0.4116058721382836
7057.984994107726,18,3,utility,0,3,860.0242658070713,0,1,0,TXN007605,8.197196379235612
1858.339547981663,8,1,grocery,0,4,1861.5005951059052,0,0,0,TXN005501,0.9977658814525073
2964.167569732557,11,1,transport,1,5,1824.081442074056,0,0,0,TXN000184,1.6241289300295676
1376.1748107828628,9,1,shopping,0,3,1012.6101612540521,0,0,0,TXN004800,1.3576963445988357
2565.8276989209667,13,0,grocery,0,1,1103.2961126400517,1,0,0,TXN004845,2.32349608909409
578.7128806570032,17,2,food,1,1,1904.80343659358,0,0,0,TXN002350,0.30365822075092413
672.393560645196,16,3,food,0,1,2613.8360385470546,0,0,0,TXN000553,0.25714559182028657
1486.9646919313168,11,2,shopping,0,1,739.0394891893276,0,0,0,TXN001397,2.0093045217900527
6235.318785052696,17,5,grocery,0,3,3936.047198262472,0,0,0,TXN001384,1.5837551522888815
391.6406633688964,9,1,grocery,1,5,1070.376796632042,0,0,0,TXN009182,0.36554895028532436
200000.0,5,6,transport,1,11,270.269516725146,0,1,1,TXN009817,737.2741412837873
796.4574622701698,11,5,transport,1,3,434.41256420469506,0,0,0,TXN000297,1.829201836940427
1711.0346714826042,13,4,shopping,0,2,1935.6224897590353,0,0,0,TXN000443,0.883514820534538
1502.235997858487,17,4,transport,0,1,537.2577611159129,0,0,0,TXN007338,2.7909230602528794
2328.9899383882093,14,4,grocery,0,3,572.0750966784856,0,0,0,TXN002077,4.064022240517723
161.43958301494314,15,4,transport,0,4,909.9532940407006,0,0,0,TXN007815,0.1772204832794975
1615.952554858618,12,6,food,0,1,500.7692924499613,0,0,0,TXN002229,3.2205090649698698
571.7561189663811,21,0,utility,1,1,1123.9026618385183,0,0,0,TXN002842,0.5082716383939517
801.9698653708231,10,0,transport,0,2,772.4253670440919,0,0,0,TXN002537,1.0369065969943858
1145.0821837860299,8,5,shopping,1,3,1758.5074153401763,0,0,0,TXN008145,0.6507970206903869
9847.86501854593,0,2,food,1,18,332.83014684665574,0,1,1,TXN009536,29.499627614726865
649.9501665571672,8,0,grocery,1,2,3097.0121433223744,0,0,0,TXN006443,0.20979587441518122
495.38776317612616,12,3,transport,0,4,2573.6313084225953,0,1,0,TXN003367,0.19241114700793271
1184.8408375969625,8,5,food,0,2,1301.402700014609,0,0,0,TXN004486,0.9097346293766683
1570.1361019742815,13,5,grocery,0,3,3167.435470407031,0,0,0,TXN002578,0.495555650932217
821.7753815984079,15,4,food,0,5,1075.100032181136,0,0,0,TXN001131,0.7636607722543786
3528.834036994609,21,1,utility,0,5,711.3019501191006,0,0,0,TXN004818,4.954126598143623
1996.191395262262,16,3,shopping,0,2,438.64352927056945,0,0,0,TXN000320,4.54047714195686
1190.1615515894553,10,5,utility,1,2,2827.7579246621203,0,0,0,TXN001371,0.4207364445056265
1444.3233690151765,15,1,utility,1,3,1277.3152778829285,0,0,0,TXN004042,1.1298647477695651
261.0289114307058,22,0,shopping,0,1,4024.8893124074457,0,1,0,TXN009125,0.0648375777809482
5498.944962960562,21,0,grocery,0,4,338.338201297968,0,0,0,TXN005145,16.204909856677226
199.14653392032574,13,5,food,0,2,418.65513674690874,0,0,0,TXN000907,0.4745480669296077
506.61276219958893,12,3,utility,0,2,704.0249393939663,0,0,0,TXN009426,0.7185742431112708
613.0332873165742,8,0,shopping,0,5,344.43097519777115,0,0,0,TXN003950,1.7746911288589318
682.7420595684081,10,1,utility,0,3,769.0359974666535,0,0,0,TXN006145,0.8866365492192128
1490.1317040036452,18,6,food,0,5,2324.534131227296,0,0,0,TXN008886,0.6407696554499638
875.3745625851224,19,3,food,1,3,761.2145563356153,0,0,0,TXN006695,1.1484621427246542
731.0608025004229,11,0,transport,0,3,756.4271631917406,0,0,0,TXN004977,0.9651895760112275
228.09525936206765,13,4,utility,0,2,467.1894725835159,0,0,0,TXN006092,0.4871857927591054
3596.051863419701,15,4,food,0,5,788.5279316640587,0,0,0,TXN008408,4.554686058845868
2516.182457288173,12,3,food,1,2,10839.865354796993,0,0,0,TXN000926,0.2321016242651499
297.51097064275876,21,6,utility,0,1,1090.96738802759,0,0,0,TXN006143,0.2724540805015706
1752.04711200055,10,1,shopping,1,4,610.4185607249489,0,0,0,TXN000015,2.8655445296315127
1105.1406524932138,12,5,grocery,0,1,802.9956756648098,1,0,0,TXN000143,1.3745604434742669
374.95639002192263,15,0,grocery,0,2,3472.6982316984054,0,0,0,TXN002363,0.10794155537183611
1627.7565080933728,15,2,grocery,0,1,209.1204996380532,0,0,0,TXN000129,7.7467763064398465
270.60436167812645,9,0,grocery,1,1,2557.9412439701027,0,0,0,TXN001161,0.10574856390930407
2774.073250617236,14,4,grocery,0,3,1155.6908196669483,0,0,0,TXN007551,2.398284142529971
183.2689682704909,12,0,grocery,0,1,1155.9113930650772,0,0,0,TXN006129,0.15841227717962483
2126.6561496828504,18,3,grocery,0,4,1930.572950770759,0,0,0,TXN004665,1.1009970650263283
1010.6668505014958,10,0,grocery,0,3,1610.676849374824,0,0,0,TXN005660,0.6270902575125638
562.6264707187365,11,0,shopping,0,4,2153.989161555669,0,0,0,TXN006460,0.2610808818697636
139.09188005013618,16,2,transport,0,2,388.86171473710027,0,0,0,TXN001876,0.35677234976491995
411.1891275410823,16,1,transport,0,2,1385.1670426719759,0,1,0,TXN002488,0.29663750102474956
252.66937662896552,10,2,grocery,0,3,645.6746316235146,0,0,0,TXN005327,0.3907210276590319
2693.5838354414245,20,3,grocery,0,1,348.3501090822087,0,0,0,TXN009361,7.710270486297668
202.90155696461466,17,2,shopping,0,3,285.7320689936415,0,0,0,TXN001182,0.7076346837545895
1596.7839940164354,9,6,food,0,3,1108.1429729040312,0,0,0,TXN006135,1.4396556918497443
1119.4470950188986,20,5,grocery,0,1,973.7166598537988,0,0,0,TXN006377,1.1484846223791931
3364.169857066419,17,1,grocery,0,1,2072.231278264977,0,0,0,TXN001170,1.6226698354087097
2944.60074349184,8,2,utility,0,3,2864.8754464188223,0,0,0,TXN002182,1.027469894817443
1453.7737209133236,16,5,transport,0,5,1003.7642929973227,0,0,0,TXN003371,1.4468803589512085
511.7527186444926,22,5,grocery,0,2,1772.6428634257982,0,0,0,TXN008040,0.28853199773038873
1493.7527176478925,18,4,shopping,0,1,1122.1350708816465,0,0,0,TXN001859,1.3299849291281733
5115.895946965917,17,6,transport,0,1,256.16967927755024,0,0,0,TXN004860,19.89307589190788
399.00057977311917,12,0,utility,0,3,3672.7784200601923,0,0,0,TXN009255,0.10860768782200583
2594.367399009625,19,2,food,0,5,824.1529742290178,0,0,0,TXN008345,3.144104766069193
1525.6105192095665,15,3,grocery,0,1,278.7025958884241,0,1,0,TXN007347,5.4544024318535325
2321.4293937768402,12,0,transport,0,1,287.47692660703825,0,0,0,TXN004864,8.047192616340784
7460.713416818003,3,2,utility,1,6,202.84873299279346,1,1,1,TXN009886,36.59926312655452
612.6127073502896,12,1,shopping,0,1,5748.756769990873,0,0,0,TXN006388,0.10654584739090833
1716.3079685082346,11,2,transport,0,2,654.5945348306753,0,0,0,TXN003121,2.6179412385606855
209.51079967828537,10,4,grocery,0,4,2501.8959783731175,0,0,0,TXN000387,0.08370735399657615
253.14483582690278,15,2,food,0,4,747.1737882460459,0,0,0,TXN007785,0.3383503135285636
1772.3535257623246,11,1,transport,0,3,7840.783990386289,0,1,0,TXN001032,0.2260140712795913
654.1200455960412,19,2,grocery,0,2,450.6321307746006,0,0,0,TXN007852,1.4483470086022239
477.1970614321786,15,6,food,1,4,1222.122111983269,0,0,0,TXN005418,0.3901467046968947
1013.5472646890814,20,5,grocery,1,2,640.65048044861,0,0,0,TXN000931,1.5795940244297173
825.7679311923775,11,1,grocery,0,3,644.9320277194738,0,0,0,TXN004019,1.2784130461959473
727.7594650582308,14,0,grocery,0,2,521.1006111756398,0,0,0,TXN000691,1.3939065564767275
114.80957596208707,14,2,grocery,0,4,934.5153814470725,0,0,0,TXN005298,0.12272334398660285
3810.6566969926794,10,6,utility,1,1,2964.838686763112,0,0,0,TXN006658,1.2848496157259293
967.8512466737541,14,6,grocery,0,1,188.1661537819747,0,0,0,TXN000829,5.116408127583227
2419.073765495913,10,0,transport,0,2,5272.382839141334,0,0,0,TXN003498,0.458732817109446
267.94566086211233,8,2,transport,0,3,522.629380069464,0,0,0,TXN002081,0.5117086073867112
904.9641406921655,10,3,grocery,1,2,1832.8796920957411,0,0,0,TXN009440,0.49346974318581427
3159.5032467373308,11,2,grocery,0,3,848.786632389234,0,0,0,TXN000044,3.7179959372321125
1116.8092305342227,14,2,shopping,1,1,705.4749771968836,0,0,0,TXN003939,1.580819231511133
480.71088586208293,16,6,utility,0,1,563.7205856723275,0,0,0,TXN005257,0.8512366966218755
1637.7167213918272,8,2,transport,0,4,634.325827928381,0,0,0,TXN008437,2.577758764714416
2126.6577537769444,15,1,transport,0,4,505.86197276299134,0,0,0,TXN004319,4.195733489699709
539.8124677397251,18,1,utility,0,1,2051.7490225580736,0,0,0,TXN002965,0.2629705150545034
1239.8292006560885,13,1,utility,0,5,4529.234655673819,0,0,0,TXN003969,0.27367880361413166
4359.614604045159,9,0,utility,0,2,1551.2001869345343,0,0,0,TXN001187,2.8086677483624283
1330.628102411655,16,4,grocery,0,1,884.3343653333843,0,0,0,TXN000284,1.5029667372175137
3435.2017197018,8,2,transport,0,5,1296.636453904488,0,0,0,TXN008873,2.647275906410877
700.2259907652585,16,6,food,0,1,2321.8025509530194,0,0,0,TXN004159,0.3014573883940173
1011.112830705002,13,5,shopping,0,5,3061.9641902769704,0,0,0,TXN003092,0.3301092562278933
278.4275704013476,17,0,shopping,1,1,1430.108950549404,0,0,0,TXN004556,0.19455372024223525
490.413143709641,18,3,transport,0,5,611.1874443780475,0,0,0,TXN004584,0.8010833090637407
3780.978455387584,15,4,shopping,0,1,1378.1558518271122,0,0,0,TXN004323,2.7415164503551397
945.6017208516662,12,0,transport,1,2,723.2785789023596,0,0,0,TXN005504,1.3055773681512446
673.1627963010324,15,6,utility,1,4,4034.8412879618522,0,0,0,TXN007074,0.16679615184793045
1043.0656548932388,22,0,transport,1,4,946.0134560942689,0,0,0,TXN003364,1.1014264350531136
3285.988133701998,14,2,food,0,4,1347.2483236538276,0,0,0,TXN008025,2.4372276798362993
373.5476073079388,15,2,transport,0,3,160.52219959632995,0,0,0,TXN003195,2.3126703836469202
1314.8251985839406,11,0,utility,0,3,1896.7500699993873,0,1,0,TXN008810,0.6928336978453464
622.698759102852,15,2,utility,0,2,458.11072878646877,0,0,0,TXN000969,1.356314980372562
997.9740587818081,11,4,utility,1,3,368.3922512335519,0,0,0,TXN003734,2.7016648439407276
1061.5613838604067,8,5,food,0,4,1847.2287656899202,0,0,0,TXN000925,0.5743668768536558
3144.185897931334,15,4,shopping,0,3,997.8698882394765,0,0,0,TXN009496,3.1477431995402423
1552.956912569555,22,2,grocery,0,1,721.9186814831751,0,0,0,TXN006451,2.148176485608911
526.1992786226187,15,3,shopping,0,1,2338.56853911429,0,0,0,TXN008797,0.22491295716509607
238.65406099937468,11,2,shopping,0,2,1355.72635550349,1,0,0,TXN002851,0.17590434506655442
1769.905051043807,13,4,food,0,1,893.2932968570992,0,0,0,TXN005180,1.9791102731776635
1903.131416275807,14,3,utility,0,5,730.135503630479,0,0,0,TXN006723,2.6029804418274605
146.9756068379474,17,3,transport,0,1,611.4997744938494,0,0,0,TXN009322,0.2399602627762654
1072.0798972429088,11,0,grocery,0,2,1514.53762326714,0,0,0,TXN007810,0.7073924663986624
257.2333485196232,22,2,grocery,0,3,626.2483789972567,0,0,0,TXN004471,0.4100980682179622
1812.0874016611156,11,1,transport,0,5,723.9048870413077,0,0,0,TXN005168,2.4997588429250808
111.80556830009343,20,6,grocery,0,5,1046.0431908856278,0,0,0,TXN004348,0.106782193202101
6958.087999986727,20,6,utility,0,1,720.8296237214138,0,1,0,TXN007903,9.63951571302117
396.13144919375947,8,6,shopping,0,1,1036.6196179775766,1,1,0,TXN003626,0.381769429114938
2674.989090675322,15,0,transport,0,3,321.69441068360584,0,0,0,TXN001789,8.289542682219201
2044.403798636462,10,6,transport,0,5,327.8758952944127,0,0,0,TXN008293,6.216338223287216
783.8529055374831,16,4,grocery,0,5,453.4709605263947,0,0,0,TXN002059,1.7247590574974891
271.91011772213074,10,3,food,0,3,2730.8067327796857,0,0,0,TXN004013,0.09953490283899219
224.26130907420946,19,0,grocery,0,2,1650.8874514612603,0,0,0,TXN001902,0.13576064693501233
1737.4914928578523,17,1,shopping,0,4,1467.7272468692436,0,0,0,TXN005573,1.1829912576085926
8126.999620656691,8,0,food,0,5,602.2303307451926,0,0,0,TXN006925,13.472465170339014
270.6351870630172,18,1,grocery,0,3,2526.212804692065,0,0,0,TXN000075,0.10708840449073044
863.8459620847858,18,3,utility,0,5,1125.7944055709238,0,0,0,TXN002345,0.7666402653526599
2476.3363277462036,18,5,utility,1,5,1557.851225829856,0,0,0,TXN005484,1.5885648910645231
2014.783785907226,10,3,grocery,0,3,395.5338461458294,0,0,0,TXN000430,5.080988181690469
2417.2627321045943,13,4,grocery,0,3,741.0511386590247,0,0,0,TXN004586,3.257541975439695
242.36585390162702,16,3,grocery,1,4,1830.8558647637165,0,0,0,TXN008099,0.13230618115955797
2525.263194972729,13,6,grocery,0,4,394.5424296399495,0,0,0,TXN008457,6.384304200364549
269.2616499637585,18,2,grocery,1,4,919.4317742253713,0,0,0,TXN008156,0.29253841241016165
771.7533966042632,14,2,utility,0,5,3026.254300935061,0,0,0,TXN007893,0.25493510616728937
784.3324915200833,21,3,grocery,0,3,1592.3560831382035,0,0,0,TXN001553,0.49225185746007055
2229.2288123537137,22,3,transport,1,3,524.2279451986358,0,0,0,TXN000240,4.244307319768834
57.792466772481674,13,4,utility,0,4,1374.306241640537,0,0,0,TXN000783,0.04202152584106926
3980.3770717537377,8,3,grocery,0,2,2486.0938302228824,0,0,0,TXN003066,1.6004129089882524
232.4005935629348,8,1,food,0,4,1018.3674511933351,0,1,0,TXN000977,0.2279851032038272
638.0261287697891,17,5,transport,0,1,1554.698125435257,0,0,0,TXN002941,0.41012206567471476
2483.7741321807484,13,6,shopping,0,5,1582.3845590313204,0,0,0,TXN005377,1.5686487012986072
1494.5129499631068,9,0,grocery,0,3,1098.779137579344,0,0,0,TXN004730,1.3589209859468576
122.48901392523621,14,6,grocery,0,3,1036.2739655736964,0,0,0,TXN001620,0.11808742722805145
1811.4813839723313,14,2,transport,0,2,489.8065964961723,0,0,0,TXN002146,3.690825259693629
2557.6392536389358,19,3,transport,0,5,687.5495033490047,0,0,0,TXN001801,3.7145321305134202
698.2342231146001,19,5,utility,0,3,1407.0852910250273,0,0,0,TXN002095,0.4958749498805678
1217.4846481431227,12,4,transport,0,4,415.42160684643727,0,0,0,TXN006074,2.9236827007204056
1080.3668307819391,16,0,utility,0,3,701.2444498551016,0,0,0,TXN005245,1.538448372222604
1252.125356973592,14,1,utility,0,5,1335.2357165702988,0,0,0,TXN001357,0.9370542498200902
91.6022664327098,10,2,transport,0,4,1379.0566210601062,0,0,0,TXN008063,0.06637573055686982
2417.161045213943,15,2,food,0,4,1439.104365354705,0,0,0,TXN006050,1.6784624110340671
1167.9643713003343,17,4,food,0,4,830.271557775725,0,0,0,TXN008368,1.4050334819893455
666.3453497413735,16,1,food,1,4,782.9347842608996,0,1,0,TXN006017,0.8500009989601489
14115.061448499991,4,5,grocery,1,15,496.22734203669984,1,1,1,TXN009931,28.38754077899878
404.5828163881881,10,4,shopping,0,1,929.0705999442667,0,0,0,TXN008769,0.4350022637124883
2826.689340944385,9,0,transport,0,4,5430.913711831218,0,0,0,TXN007503,0.5203855383025673
1669.9295283107047,16,1,grocery,0,2,4343.5426126445545,0,0,0,TXN001609,0.3843740704603669
1807.2450777242098,22,0,grocery,0,2,1207.772915430521,0,0,0,TXN003096,1.4951071906508882
16087.048047762613,0,5,shopping,1,19,518.8932269420068,0,1,1,TXN009771,30.942984470842312
1465.4405222579749,22,5,utility,0,1,1933.3826909197398,0,0,0,TXN002415,0.7575752870085922
3606.631970647252,21,0,shopping,0,3,1939.8277394691672,0,0,0,TXN002017,1.8582957659259838
16160.334114905838,16,3,grocery,0,2,3353.9140098531075,0,0,0,TXN006018,4.816914552040458
176.80054858213924,18,3,utility,0,4,2715.8009126620236,0,1,0,TXN004125,0.06507674072035828
14642.31157264186,1,4,food,1,12,284.6390207615889,1,1,1,TXN009802,51.26159420936818
914.398491152999,15,2,grocery,0,2,2223.140892461265,0,0,0,TXN003246,0.4111243555893228
16679.10717675159,11,3,grocery,0,4,894.4283351384439,0,0,0,TXN000124,18.62695932463741
609.8160293657004,10,6,food,0,1,1878.5701116800692,0,0,0,TXN006425,0.32444441714420075
743.6635828709323,21,1,food,1,4,3263.975244934276,0,0,0,TXN005308,0.2277700524758197
1055.8330148307468,13,5,food,0,1,3400.6702678149577,0,0,0,TXN007463,0.3103866429443659
1646.7223525278896,17,3,grocery,0,4,1043.4782859560403,0,0,0,TXN009157,1.5765979768747402
356.3095598144571,16,0,transport,0,5,703.6540782681219,0,0,0,TXN003341,0.5056517386377501
1695.1835770468351,10,6,food,0,3,589.8223346256231,0,0,0,TXN000598,2.869193457490051
2675.4627487883363,14,2,food,0,1,1516.0723439758526,0,0,0,TXN002123,1.7635696540196912
2324.5405954503044,22,2,transport,1,3,585.1893998828428,0,0,0,TXN009498,3.9655111401108454
846.3355743277772,19,5,shopping,0,3,1232.374209350105,0,0,0,TXN007685,0.6861952908628859
676.2183937843724,15,1,utility,0,1,8904.545701545276,0,0,0,TXN007049,0.07593228045161074
5000.0,3,4,grocery,1,18,135.49703892083758,1,1,1,TXN009661,36.63083125854316
2028.3161235928326,20,0,utility,0,4,2785.1368556958782,0,0,0,TXN002197,0.7280030481798537
1002.0038445960729,18,3,grocery,0,1,3318.6003162173347,0,0,0,TXN004051,0.3018447250113081
243.2080110197784,20,6,grocery,0,4,767.4751187919078,0,0,0,TXN006054,0.31648130833710925
1083.1557625816567,18,0,utility,1,2,2023.515247592331,0,0,0,TXN003362,0.535019809739545
2648.4938548923583,21,6,grocery,0,1,1963.1638126155074,0,0,0,TXN006851,1.3484078251933518
678.7691627308062,20,4,transport,0,5,1351.5514145945551,0,0,0,TXN000725,0.5018435198888732
504.28314269058865,15,2,grocery,0,5,1322.660530187072,0,0,0,TXN004934,0.3809761877687164
10039.97539511134,15,5,transport,0,5,421.937667669826,0,0,0,TXN000978,23.738664494998893
577.5731324198741,14,2,grocery,0,1,668.4112163426198,0,0,0,TXN000808,0.8628076708596097
20959.12611312205,1,4,utility,1,17,141.41508072282232,1,1,1,TXN009603,147.16928858056886
439.89735709450343,18,1,grocery,0,1,220.18385291016253,0,0,0,TXN001475,1.988831242908021
3523.7840922892156,18,0,food,0,1,1883.1412380944128,0,0,0,TXN005935,1.8702335159614194
639.5002912092606,9,0,transport,0,3,979.3334203827255,0,0,0,TXN009036,0.6523293788756048
970.8329250816134,11,6,grocery,0,2,331.9677001154031,0,0,0,TXN007335,2.915697002277197
615.6372956101815,8,2,transport,0,3,1371.310253474669,0,0,0,TXN003962,0.44861378398317514
1073.4871192045352,8,3,utility,0,5,2066.8744117336796,0,0,0,TXN006422,0.5191258778160214
1216.6168781866127,10,0,food,1,3,1016.643889788663,0,0,0,TXN004905,1.1955231986301917
580.0519166853672,13,0,transport,0,5,2115.872412708019,0,0,0,TXN001235,0.27401364069142603
751.8798963317522,17,3,grocery,1,1,1225.8808586288915,0,0,0,TXN001225,0.6128385580748406
879.8843429474105,10,6,shopping,1,2,1328.3877743366324,0,0,0,TXN008049,0.6618718480290484
1160.0100158218552,8,4,utility,0,3,843.4215719734827,0,0,0,TXN009278,1.3737332800615412
1822.4420565004773,10,0,food,1,2,1005.4399345485989,0,0,0,TXN008671,1.8107807470078836
1648.9253487189906,16,6,shopping,0,5,731.925509443334,0,0,0,TXN005229,2.249785725116008
926.913596859825,19,5,grocery,0,2,494.31671047205475,0,0,0,TXN006950,1.8713553919399222
2319.103839145129,8,0,transport,0,3,914.0768002630814,0,0,0,TXN003217,2.534326996901675
579.51486109732,16,6,transport,0,5,2488.9231279789574,0,0,0,TXN000287,0.2327440773513782
630.9642551101219,18,0,utility,1,2,806.0261973553021,0,0,0,TXN005023,0.781838628259961
483.3100664775076,18,5,transport,0,4,3109.098738002713,0,1,0,TXN002966,0.15540023233728148
2159.5110340455526,8,2,transport,0,5,315.1373636238288,0,0,0,TXN003164,6.830926307765224
1878.0394616693623,17,2,grocery,0,4,1057.2717826994049,1,0,0,TXN006003,1.774628684588869
1272.150025533412,18,3,transport,0,1,767.6308835369815,0,0,0,TXN008887,1.6550857541391055
1946.4590126917712,12,3,transport,0,5,628.4361170631173,0,0,0,TXN001657,3.092385327003071
1131.864977599763,22,3,transport,0,3,495.06270976464793,0,0,0,TXN001975,2.2816973647077106
836.9209589889641,8,5,grocery,0,5,906.0334215142075,0,0,0,TXN002397,0.9227013461001281
836.8364079128149,14,3,shopping,0,5,1029.0121315033075,0,0,0,TXN000452,0.8124529627543787
4265.681202637876,13,5,utility,0,2,867.9881038510159,0,0,0,TXN008030,4.908791252416509
567.6621325858786,15,4,grocery,0,4,4616.455929726071,0,0,0,TXN004696,0.1229382892279288
699.48881651953,9,3,food,0,3,3266.9550050198213,0,0,0,TXN003681,0.21404481256475788
312.1346496354363,9,6,utility,0,3,1384.9652648235601,0,0,0,TXN000422,0.22521101903313032
6854.353152098398,3,5,food,1,13,302.1232203888742,0,1,1,TXN009725,22.61243181338931
389.1784860395638,13,3,transport,0,1,7418.634776872548,0,0,0,TXN000657,0.05245251252159429
1830.8646643020925,22,0,grocery,0,3,500.1802954615532,0,0,0,TXN003301,3.653105840116858
1744.5706233408366,22,3,grocery,0,5,11502.66475377322,0,0,0,TXN006394,0.15165346528101967
559.243937801942,13,2,food,0,1,1388.8511501122914,0,0,0,TXN002845,0.4023768572316241
331.5107046936557,18,3,food,1,4,2006.7946583568298,0,0,0,TXN008291,0.1651118570884946
4073.296875305946,20,5,grocery,0,2,789.817048003044,0,0,0,TXN007497,5.150744898066825
698.0975928483294,16,6,transport,0,1,1929.8352788973073,0,0,0,TXN001001,0.36155212227477546
1683.8046431344767,14,2,grocery,0,4,1168.6394331265828,0,0,0,TXN004198,1.439592916796136
909.5431891496647,8,3,food,0,1,1025.4916191883494,0,0,0,TXN002418,0.8860697663258505
261.98056024633684,14,1,food,0,4,833.4285143299585,0,0,0,TXN007482,0.31396405533517246
24260.114353285277,21,4,food,0,3,797.8054429261225,0,0,0,TXN005706,30.37049204924981
4206.072423619554,16,1,transport,0,5,536.670402928282,0,0,0,TXN003847,7.822770977744496
126.21258907350891,17,1,transport,0,1,467.42328472918587,0,0,0,TXN000961,0.26944132195835957
984.9800445137431,11,1,food,0,4,697.8230727528163,0,0,0,TXN001580,1.4094841497343413
704.0020777987068,20,5,grocery,0,5,1109.2834632657375,0,0,0,TXN005007,0.6340741811356777
5207.761731273815,12,4,transport,0,1,1604.6994938540472,0,0,0,TXN002206,3.2432978594107866
1462.5249243421147,18,0,grocery,1,1,442.8316425765207,0,1,0,TXN006312,3.295224549227496
11495.93952095509,3,0,shopping,1,13,362.37382917090514,1,1,1,TXN009562,31.6366744054873
12654.517804768402,16,0,food,0,3,403.2349416180926,0,0,0,TXN004231,31.30485888754258
1378.9737356135122,16,5,shopping,0,3,1914.1835364390545,0,0,0,TXN000757,0.7200217156092884
233.32450404767854,10,1,utility,0,1,2032.4912537096036,1,0,0,TXN002284,0.11474084465425435
5625.4018843068125,19,1,transport,0,4,399.69102708881667,0,0,0,TXN006663,14.039250953977298
539.677153935777,20,5,food,0,2,769.938156406843,0,0,0,TXN004755,0.7000265189247893
1887.058740476798,19,4,shopping,0,1,301.95975670135704,0,0,0,TXN008211,6.228743913129586
7417.564643040147,21,0,utility,0,3,2436.022220891532,0,0,0,TXN000807,3.043700044854983
662.0125663540986,18,4,grocery,0,2,2973.337514250542,0,0,0,TXN006575,0.22257479629742324
2646.0066383177896,22,1,transport,0,1,820.410503602197,0,0,0,TXN007719,3.2212963271276003
2395.5260236156896,17,2,utility,0,3,1948.1102287953302,0,0,0,TXN001956,1.2290356841933316
184.54344647626593,12,3,grocery,0,5,2955.618673423638,0,0,0,TXN002445,0.06241706045324151
1656.7967714990307,11,3,utility,0,2,854.6965444942749,0,1,0,TXN005875,1.936196636715664
1232.211321795015,15,0,grocery,0,5,3726.3307620499936,0,0,0,TXN008163,0.3305881340987596
5872.0896465960595,17,3,transport,1,1,755.5183033171849,0,0,0,TXN006138,7.761992830640176
358.7669420082142,14,4,grocery,1,2,1533.7485695416472,0,1,0,TXN002402,0.2337626821280309
3694.7448570527913,8,3,food,0,3,1808.083464676215,0,0,0,TXN001073,2.042329681960841
530.6389858359222,8,0,food,1,3,676.612727470347,0,0,0,TXN006557,0.7831006773100252
1076.706294992993,18,1,grocery,0,2,1095.1880076422772,0,0,0,TXN004240,0.9822277633823178
1224.7215069727276,12,4,utility,0,1,1132.6683889099086,0,1,0,TXN008509,1.0803172417556532
802.8873572775137,22,6,transport,0,4,670.2494411673662,0,1,0,TXN002091,1.1961087906177126
12690.221156465856,21,4,food,0,2,956.6093609422179,0,0,0,TXN004527,13.251981104256961
1157.8733634232133,15,2,transport,0,2,1023.509337441731,0,0,0,TXN007202,1.130173558314755
1685.8303720644276,12,4,grocery,0,3,715.2381422125518,0,0,0,TXN006795,2.3537288406013683
490.86804869917063,21,0,transport,0,4,3067.332265848897,0,0,0,TXN007237,0.1599787787530778
1055.8625544013378,13,0,grocery,1,3,571.1103902466659,0,1,0,TXN007422,1.8455573826339733
546.8475456478237,9,5,food,0,5,2723.222543965548,0,0,0,TXN006849,0.2007352691721721
946.2074264717343,13,4,utility,1,2,369.5868395092525,0,0,0,TXN006836,2.5532677515605897
842.8919089884088,18,1,transport,0,1,1150.967120020892,0,0,0,TXN001003,0.7316978881941718
552.2857061877805,13,0,food,0,1,538.5713314477689,0,0,0,TXN009099,1.0235638441091683
459.0121728732871,10,6,grocery,0,4,4724.028311543188,0,1,0,TXN006562,0.09714485133389061
15988.559175190061,14,4,transport,0,1,427.25506190132415,0,1,0,TXN005614,37.33419776570918
843.1623289847543,18,3,utility,0,3,456.3142728785599,0,0,0,TXN004651,1.8437262490791677
2268.491889312421,22,0,transport,0,1,869.3198913110376,0,0,0,TXN005313,2.606503553417809
5806.093562370814,13,0,transport,0,5,1839.2344754458686,0,0,0,TXN001485,3.155083572143197
848.6478830785788,17,5,transport,1,3,942.0266057512289,0,0,0,TXN007607,0.8999193425752112
482.833338319185,9,4,transport,0,2,1272.6469642624916,0,0,0,TXN001411,0.37909511180656785
563.0423273130535,15,5,transport,0,4,1716.9460924389562,0,0,0,TXN009303,0.3277415570786079
1545.5862299077912,18,5,food,1,4,1426.5912961260592,0,0,0,TXN000709,1.0826531613788382
5000.0,1,5,shopping,1,6,211.65395039743012,1,0,1,TXN009806,23.512377694632395
1210.5426934395502,8,6,transport,1,1,738.0025001969221,0,0,0,TXN008042,1.6380765871793082
624.1850124604399,10,1,utility,0,3,1680.1756369028299,1,0,0,TXN007211,0.37127888291930866
910.1082824893213,22,5,food,0,3,1064.9343358853052,0,1,0,TXN003076,0.8538127085787478
1416.2732833189395,13,4,food,1,5,5901.267150423938,0,0,0,TXN008314,0.23995411377087766
1783.4184958088524,14,1,grocery,0,5,1038.6078662323262,1,0,0,TXN004101,1.71547229848519
1182.527207933525,12,4,grocery,0,4,1014.421381890869,0,0,0,TXN005114,1.164567960674099
139.5739510672037,19,6,food,1,5,636.6929261249712,0,0,0,TXN002722,0.2188732936326329
2145.2098357219747,18,3,utility,1,4,1154.8575842545972,0,0,0,TXN009359,1.8559464980328026
1155.6952465094068,17,4,transport,1,1,807.7593058006609,0,0,0,TXN001268,1.4289730433027712
2183.0886709201777,17,1,utility,0,5,925.3552806334519,0,0,0,TXN002462,2.3566429819748613
255.47955113699874,12,6,food,0,1,5995.0237616057975,0,0,0,TXN005464,0.04260816189103604
2194.7500659583493,13,0,transport,0,2,181.54300916943623,0,0,0,TXN000268,12.023194292371857
2667.7421293140223,15,4,utility,0,3,231.44621812793693,0,0,0,TXN003580,11.47681451132801
357.77878180102897,18,4,shopping,0,1,471.1412291160193,0,0,0,TXN005349,0.7577791553406406
1407.5311286994279,18,5,utility,0,2,988.7002544903033,0,0,0,TXN007290,1.4221792126589963
2103.4433092610366,19,5,grocery,0,5,1896.9883132771386,0,0,0,TXN005157,1.1082488203676826
719.745176500612,16,1,utility,0,3,950.555777695969,0,0,0,TXN006601,0.7563877949891208
1996.3667556238174,11,2,utility,0,2,1092.3618004708567,0,0,0,TXN002821,1.8258976623877672
213.5131055087209,22,2,transport,0,1,2863.722256938293,0,0,0,TXN005807,0.07453186953520431
651.3397847140145,10,6,utility,0,2,628.2301331392189,0,0,0,TXN000589,1.0351376235980483
1275.656492729733,17,2,shopping,0,5,358.63890041081464,0,0,0,TXN005955,3.5470481398773983
192.34668476501872,20,3,transport,0,3,848.5136502482109,0,0,0,TXN005254,0.22641976936900174
802.2518408572706,14,5,food,0,1,748.9717261297882,0,0,0,TXN006661,1.0697094475778077
779.3650774974213,18,3,grocery,1,3,348.5280888348975,0,1,0,TXN007656,2.2297637940782518
3275.306841085793,18,2,food,1,5,734.8824079111823,0,0,0,TXN008725,4.450856286105304
4678.811793080859,20,0,transport,0,4,832.5216431356969,0,0,0,TXN006896,5.61330570311196
1547.5757361810968,9,2,transport,0,5,1578.8494891579112,0,0,0,TXN007594,0.979571628058052
1307.1487923562693,11,0,utility,0,5,606.1265917243248,0,0,0,TXN002028,2.1530086314351395
1942.1107904722337,20,2,food,0,1,3195.5836514385232,0,0,0,TXN006818,0.6075582566400998
5056.003173447693,13,2,utility,0,5,875.2653285535403,0,0,0,TXN000677,5.769945481916633
1295.7125565386086,10,2,grocery,0,3,1264.4843065341277,0,0,0,TXN005763,1.0238867047567497
1469.7224370142276,11,2,transport,0,1,872.6985112032146,0,0,0,TXN001232,1.682184893493979
418.7740295910806,15,3,utility,0,4,1132.7898546216047,0,0,0,TXN005296,0.36935771464531564
1820.3837228023133,17,2,grocery,0,1,288.62513740977437,0,1,0,TXN007103,6.285309828707149
542.8556994480739,10,1,utility,1,2,722.8713368673433,1,0,0,TXN005034,0.7499339617415431
9115.485987345532,11,5,transport,1,5,974.4806366771903,0,0,0,TXN005452,9.344609871904677
2115.1874286894126,22,1,grocery,0,5,1039.5596645960225,0,0,0,TXN002432,2.0327401692151827
1299.8578859581685,8,4,grocery,0,2,1681.3485779635835,0,1,0,TXN006319,0.7726448032140849
483.4497389136899,18,6,grocery,0,2,291.9492825452191,0,0,0,TXN006119,1.6502847684532749
241.9924316629203,17,4,utility,0,4,2720.2796307067083,0,0,0,TXN009158,0.08892597031642631
14233.585254245125,2,0,food,0,16,368.38438021309025,0,1,1,TXN009953,38.5332624136247
2766.344057837823,12,1,grocery,0,3,6862.366271450268,0,0,0,TXN000896,0.4030593659768764
1881.8635252779752,17,6,food,0,1,1504.6303454589986,0,0,0,TXN001611,1.2498841637681526
1424.4180121108366,18,0,transport,0,2,620.473879960361,0,0,0,TXN006474,2.2919998056904483
657.7959571185385,17,4,utility,1,1,1040.843632031055,0,0,0,TXN007661,0.6313768562717779
2056.8667519454607,15,4,food,0,4,690.670813226904,0,0,0,TXN007460,2.9737654280211783
856.5567410885711,14,1,grocery,0,4,866.8302583848458,0,0,0,TXN003806,0.9870095364993884
1970.399846648609,16,5,food,0,3,840.6985422631941,0,0,0,TXN008273,2.340980467128428
944.9360034457385,17,3,transport,0,1,1601.4329721439697,0,0,0,TXN009451,0.5896883176220873
5876.894807191439,9,0,grocery,0,2,1252.6186250340054,0,0,0,TXN004701,4.687944714471695
1698.509198884178,13,2,grocery,0,4,605.0671575148268,0,0,0,TXN003961,2.8025098833088076
845.8255532900756,12,2,food,0,5,2213.3395022775153,0,0,0,TXN005417,0.38197645501971056
1629.3137957474228,18,6,transport,0,1,997.0290211300304,0,0,0,TXN000890,1.632531480800641
344.5664899565244,16,3,grocery,0,1,1628.8587894873756,0,0,0,TXN004999,0.2114087994487533
3776.752310310974,14,1,grocery,0,2,1003.1184142660385,0,0,0,TXN007506,3.7612618757436045
2137.912063498752,14,1,transport,0,3,2467.3084246172557,0,0,0,TXN007881,0.8661446204115533
494.4210244256111,14,0,grocery,0,2,1837.938797841776,0,0,0,TXN005095,0.26886214212559756
4660.242852869822,14,6,grocery,0,4,580.5239249017202,0,0,0,TXN006932,8.013845438358226
5000.0,1,1,shopping,1,9,761.3988363887008,0,1,1,TXN009617,6.558247155365284
1712.5861085155777,10,1,shopping,1,5,129.51811546319126,0,0,0,TXN002799,13.121443735513953
254.99440595063493,17,1,food,0,1,2955.3909356609734,0,0,0,TXN000584,0.08625192388286927
2427.8430841410673,17,1,grocery,0,3,9243.629204681645,0,0,0,TXN003268,0.26262200791261203
123.99129215835129,17,4,food,0,4,3322.7392685163004,0,0,0,TXN003932,0.037304758930053
2896.946000142302,12,0,utility,0,4,524.3662171774685,0,0,0,TXN001260,5.514145952714952
3471.0543118800006,22,2,grocery,0,4,283.65066255614397,0,0,0,TXN006205,12.194084779955066
1952.9028464444443,14,4,grocery,0,5,917.7682246528092,0,0,0,TXN000310,2.125566376854643
1926.3924973291612,16,6,transport,0,1,356.9955532793962,0,0,0,TXN007789,5.38105146749048
5184.116439254964,8,5,utility,1,1,415.07960196710803,0,0,0,TXN006458,12.459434239856774
251.33667377280003,11,1,grocery,0,1,424.50515793641387,0,1,0,TXN006206,0.5906783245395089
1855.5643871974723,13,3,shopping,0,1,995.6033862603016,0,0,0,TXN005882,1.8618885032694639
1016.480261644137,18,0,transport,0,4,1469.2783803096106,0,0,0,TXN004668,0.6913522467970229
6181.404970044611,14,3,utility,1,5,1595.9810902468896,0,0,0,TXN004298,3.8706813798834525
775.3000447866358,20,3,shopping,0,4,386.8840677345575,0,0,0,TXN003783,1.9987932201360754
601.6412521383817,11,3,transport,0,1,2751.700306247308,0,0,0,TXN001008,0.21856402267001057
426.6906837359928,10,3,food,0,2,2917.5966379815395,0,0,0,TXN008354,0.1461972093653497
2956.9875511581545,22,2,utility,0,4,579.9133813722871,0,0,0,TXN002185,5.090238314312688
1501.5713745646237,21,0,utility,1,4,571.2542678847811,0,1,0,TXN003623,2.6239583675188127
309.8624344860485,17,2,shopping,1,3,3087.437108335354,0,0,0,TXN007039,0.10032985086526894
323.3394225868352,16,6,transport,0,1,332.7719057360635,0,0,0,TXN004922,0.9687436750369338
75657.5434116933,2,1,shopping,1,14,279.4976052441481,0,1,1,TXN009673,269.7261652050119
6890.796984724818,22,2,transport,0,3,1990.1561891484164,0,0,0,TXN007950,3.4607013866008645
4393.869636474483,19,4,grocery,0,3,315.60607724237326,0,0,0,TXN006125,13.878033153200716
2480.166673888772,8,4,transport,0,1,2601.7880767203205,0,0,0,TXN004756,0.9528884414646392
2342.5912573075852,22,3,transport,0,4,668.1737494612487,0,0,0,TXN005074,3.5007219861711607
470.36180532787023,9,2,food,0,5,646.3604084241258,0,0,0,TXN000090,0.7265841395411798
243.40356420169698,12,1,food,0,3,1368.5835518306596,0,0,0,TXN005974,0.1777208581954351
2380.1912179353944,19,3,utility,0,3,1017.8438024831261,0,0,0,TXN006418,2.3361689123832257
357.15547800386577,20,5,grocery,0,1,1186.7615554624977,0,0,0,TXN008640,0.30069627726315357
1784.8444706259431,14,4,transport,0,2,376.07034508519376,0,0,0,TXN008690,4.733452242770994
339.73595043759263,17,3,transport,0,5,637.5142560733763,0,0,0,TXN002117,0.5320726157734388
773.3549395320623,16,2,grocery,0,4,611.3400227024631,0,0,0,TXN002937,1.2629501761439437
1794.4203772290941,9,0,food,0,4,2832.84018085209,0,0,0,TXN006842,0.6332115654770415
291.5332950714951,9,3,grocery,0,1,1210.3114790440297,0,0,0,TXN000983,0.24067574700239278
547.5761779126778,11,4,grocery,0,1,2336.8596260272543,0,0,0,TXN007260,0.23422115332184376
12261.560712485856,4,1,shopping,1,10,444.2805029995244,1,1,1,TXN009985,27.536711420978055
1820.5896664222882,21,1,grocery,0,3,2077.1232127986286,0,0,0,TXN002925,0.8760739763695159
1300.3659372903185,12,3,food,1,4,2756.9204011165557,0,0,0,TXN006061,0.47150234530476653
858.1917661178586,11,6,food,1,1,176.80880132849694,0,0,0,TXN003214,4.826486426464192
2197.698636736544,15,6,transport,0,1,820.5383884321286,0,0,0,TXN006447,2.675101574901155
1444.1102797697915,8,4,shopping,0,5,1329.4633771539784,0,0,0,TXN006779,1.085419038635184
247.16689466563895,16,1,grocery,0,2,290.76873195648926,0,0,0,TXN007038,0.8471329090277512
2062.9666334864096,16,0,transport,1,3,733.477753625844,0,1,0,TXN005663,2.8087530538567154
425.60394362111964,19,0,shopping,0,3,1776.5908054075483,0,0,0,TXN000627,0.23942739933532758
1616.2396775768132,18,2,transport,0,2,1600.3724045538645,0,0,0,TXN008008,1.0092840821914193
1684.189246369596,17,4,transport,0,4,4521.212571363923,1,0,0,TXN005125,0.372425935267708
1269.2923207371946,22,3,grocery,0,4,1135.5319355719027,0,0,0,TXN004765,1.11681183872628
2389.1256608823037,13,5,transport,0,3,4536.823200676688,0,0,0,TXN008143,0.5264915699064769
40969.935949809784,2,1,grocery,1,15,696.5176096648346,1,1,1,TXN009594,58.73677650876272
2391.864917251777,12,0,food,0,2,446.9459668810693,0,0,0,TXN001269,5.339628200931705
220.02544782573582,8,0,grocery,0,3,4945.1184139873785,0,0,0,TXN000128,0.04448446830620042
381.83143615994413,21,2,transport,0,3,1172.1600619349394,0,0,0,TXN006112,0.32547258345137864
435.16775368557336,8,5,food,0,4,1125.401253384694,0,1,0,TXN001711,0.38633457871069393
620.9771547427639,8,1,grocery,0,5,1526.2961751067307,0,0,0,TXN007862,0.4065859424413007
978.4830332743703,12,1,utility,0,1,2268.2779854846804,0,0,0,TXN004235,0.43118694119150963
770.3768571569194,19,2,transport,0,4,1509.380505018778,0,0,0,TXN005192,0.5100548203562397
5502.007863588408,17,1,transport,0,4,2061.826019846424,0,0,0,TXN002398,2.667218568436532
3407.3443984563883,16,5,food,0,1,491.07828864913455,0,0,0,TXN005434,6.9243949124646695
542.5843855315167,15,4,shopping,0,2,441.6574288605199,0,1,0,TXN006057,1.225743317870496
160.61125197620186,17,2,shopping,0,1,2424.8251137774337,0,0,0,TXN009318,0.06620891632459937
357.4037114455572,18,6,utility,0,5,335.530499152629,0,0,0,TXN001186,1.0620247268686973
1538.3614036243275,15,5,food,0,2,1325.1824518707863,0,0,0,TXN006013,1.1599922781772825
53584.622200474565,4,0,grocery,1,9,272.8794246439252,0,1,1,TXN009793,195.6504117464857
1272.6881600706802,14,2,shopping,0,4,589.6059420605984,0,0,0,TXN006014,2.1548854649689546
5381.894572412468,14,5,grocery,0,1,887.9467413797563,0,0,0,TXN001977,6.054237359663523
5137.612049095327,3,6,utility,1,12,1040.7661540850268,0,1,1,TXN009887,4.931636556773763
52.7735774226248,9,2,utility,0,5,1078.4555779331497,0,1,0,TXN004247,0.04888906825019255
352.85374961056567,21,3,food,1,4,1226.0142886115698,0,0,0,TXN007672,0.28757101925018164
1473.1245663813315,14,1,food,0,5,2864.8581770458222,0,0,0,TXN000915,0.5140256339899746
146.34059184498847,21,4,transport,0,1,2071.683961650375,0,0,0,TXN001305,0.07060439244604602
405.5435564910824,11,3,grocery,0,5,2061.166713598356,0,0,0,TXN005455,0.19665895769573036
2236.1355231860357,11,1,transport,0,1,1787.9454582318076,0,0,0,TXN003049,1.2499741190523663
39456.24935551962,5,1,transport,1,12,379.7146701121256,0,1,1,TXN009521,103.63732331065474
2115.2516468020413,8,3,transport,0,4,663.7721989533501,0,0,0,TXN001273,3.181919535943887
380.1855080676539,13,4,grocery,0,2,200.524961974134,0,0,0,TXN008055,1.8865430085849677
103.99018397932286,9,0,transport,0,5,1194.0473539156515,0,0,0,TXN002796,0.08701762623764839
380.88036748093504,17,4,shopping,0,5,1017.701621015864,0,0,0,TXN001398,0.3738880547781161
2965.7009565294884,20,4,transport,0,3,145.62191169292274,0,0,0,TXN003358,20.226860516869383
5127.003362685564,21,2,grocery,0,4,949.2998592918099,1,0,0,TXN000183,5.395142714749374
781.403337916007,10,4,utility,0,1,1287.332462733911,0,0,0,TXN006867,0.60652305248742
249.01757707510032,12,0,transport,0,2,4054.0687536241458,0,0,0,TXN005695,0.06140896547131174
69.78913730131154,8,1,grocery,0,4,796.305040030585,1,0,0,TXN008835,0.08753128827410196
74565.55586322366,0,5,shopping,1,16,654.491224048814,1,1,1,TXN009626,113.75523138608918
6523.162086798952,8,4,grocery,0,3,183.1662369642375,0,0,0,TXN006170,35.41996727698606
5049.943752836157,15,6,transport,0,4,1885.6591715401669,0,0,0,TXN006987,2.6766592657611046
782.8754575694701,11,1,grocery,0,2,442.86149111932565,0,0,0,TXN004567,1.763783236962554
1661.8112027429388,12,1,shopping,0,4,2231.5393563370253,0,0,0,TXN008955,0.7443591970846631
366.081552723617,20,6,grocery,0,5,1594.1361388733799,0,0,0,TXN002656,0.22949862635685425
1135.4010704583475,15,1,shopping,0,4,3914.8314681993975,0,0,0,TXN008309,0.2899514648878479
1483.162164506098,12,0,grocery,1,1,420.91711504533697,0,0,0,TXN006857,3.5152927236590656
1052.9950047772797,14,3,food,0,4,2097.991737869902,0,0,0,TXN001961,0.5016670555577697
7883.480499157034,11,5,transport,0,2,772.0383504960272,0,0,0,TXN006383,10.198045794362628
142.09014016528678,18,5,shopping,0,4,704.7084677309364,0,0,0,TXN008853,0.20134396377890865
45558.83197973701,2,6,shopping,1,8,457.58637279751656,1,1,1,TXN009973,99.34624027708077
1882.9397697343252,15,5,grocery,0,4,236.41590709212682,1,0,0,TXN001251,7.930975614888642
3303.3488835422254,17,5,grocery,0,1,83.34554321139306,0,0,0,TXN003176,39.164474585967476
530.1238278952032,17,6,food,0,4,2231.8947597451543,0,0,0,TXN007760,0.23741550092388033
2535.578815630804,17,2,food,1,1,3413.7441071869603,0,0,0,TXN005013,0.7425384556032206
42231.31108659953,2,3,utility,0,14,398.2600679233203,1,1,1,TXN009705,105.77394154706762
1874.049623596573,17,3,grocery,0,4,372.03697565412074,0,0,0,TXN006539,5.023763717552194
695.6032252522904,11,3,shopping,0,2,847.6716770459844,1,0,0,TXN003289,0.8196376102399371
16915.06898236387,8,5,transport,0,1,2407.4698217377413,0,0,0,TXN006448,7.023160028702139
6768.50025139291,14,4,transport,0,3,1528.3130262272332,0,0,0,TXN008726,4.425843588144009
1329.0135435697132,10,4,utility,0,1,754.636533640043,0,0,0,TXN007611,1.7588000108565496
581.8492271106054,17,3,grocery,0,4,680.519858010294,0,0,0,TXN006275,0.8537524186152429
611.9539699119289,13,2,food,0,3,356.47678240977183,0,0,0,TXN006887,1.711870532644698
522.0022964087435,15,1,grocery,0,4,658.0258746491764,0,0,0,TXN001051,0.7920816412354438
557.7694101150132,20,2,grocery,0,5,3958.3410972568413,0,0,0,TXN004069,0.14087430115618324
3935.8278544202444,20,4,transport,0,5,1175.8935886783179,0,0,0,TXN006022,3.3442512494611187
1392.096448406001,22,0,transport,0,1,1156.8317003223754,0,0,0,TXN005552,1.202330570166976
820.2084522298874,21,4,utility,0,4,507.9438606170331,0,0,0,TXN000272,1.611589245296099
2399.835940832764,15,6,utility,0,5,742.1707545181415,0,1,0,TXN002042,3.229185118282506
631.744013330807,11,0,food,0,4,2079.678752667163,0,0,0,TXN004763,0.30362400371561077
2254.0550290491187,22,5,grocery,0,2,671.4080376548848,0,0,0,TXN008997,3.35221309505824
1827.4487324633585,22,1,transport,0,5,1249.0234600034973,0,0,0,TXN005204,1.4619315484352955
10462.563120927414,3,6,shopping,1,7,398.39102111915673,1,1,1,TXN009509,26.196290271147458
7073.060356824328,17,5,grocery,0,3,482.6897282130968,0,0,0,TXN001086,14.623135337098132
1339.4069225564242,19,5,food,0,5,552.0427588402772,0,0,0,TXN008373,2.4218867368684864
895.0395915602044,8,3,transport,0,2,4634.4383845035645,0,0,0,TXN007732,0.19308628813886375
2824.9435797616475,20,5,grocery,1,2,593.1926137907818,0,0,0,TXN007515,4.754255630576257
219.98098239561244,16,1,food,0,4,813.897953193996,0,0,0,TXN006678,0.26994911636898344
2259.7216808679764,18,5,utility,0,4,1129.4870189163319,0,0,0,TXN004322,1.9988921969525242
1041.3642264032817,10,6,grocery,0,2,782.2693278518144,0,0,0,TXN006946,1.329509773169997
291.5287696593314,19,0,transport,0,4,1021.7172575807725,0,0,0,TXN007747,0.285053143963699
275.05805686446297,17,2,shopping,0,3,3556.838306333448,0,0,0,TXN006772,0.07731044335961566
779.5333608522886,9,6,utility,0,4,271.17126898687906,0,0,0,TXN005518,2.864128031419322
1921.3075867827781,15,6,food,1,4,291.8452203068829,0,0,0,TXN005117,6.560829590352787
1117.9130213090689,12,5,transport,0,5,1979.190189763199,0,0,0,TXN006179,0.5645483080808286
369.6371437538862,17,6,food,0,4,824.4457552132773,0,0,0,TXN004709,0.44780307054626506
520.4046426776774,17,6,grocery,0,1,2103.2838241436457,0,0,0,TXN008121,0.24730724853120042
1724.162072029134,20,4,grocery,0,5,588.8634965239718,0,0,0,TXN005969,2.922984863768502
751.4541935796307,18,3,utility,0,3,1366.4981885325083,0,0,0,TXN006784,0.5495101930526375
3259.3147306130613,15,1,shopping,0,2,784.041806871834,0,0,0,TXN003478,4.151772175803597
1340.6712583248132,10,0,utility,0,5,857.7355089306906,0,0,0,TXN008414,1.5612155831243495
346.02722921393126,22,4,food,0,4,5283.390887551246,0,0,0,TXN003924,0.0654810055836498
4145.564992202575,19,2,utility,0,5,4603.328535111878,0,0,0,TXN001748,0.9003625524523619
141.9352540460284,17,3,grocery,0,2,948.6313551353397,0,0,0,TXN000732,0.14946352948276445
366.5594935210464,22,5,grocery,1,2,663.2469882593853,0,0,0,TXN002553,0.5518421611238178
3064.233433035842,22,1,utility,1,2,330.47341675151773,0,0,0,TXN005458,9.244281074077449
1171.6181601697003,20,6,grocery,0,1,1068.3043936333302,0,0,0,TXN005873,1.095682545723696
1455.5379295635184,11,3,utility,0,5,716.623447702276,0,0,0,TXN002662,2.028275322139954
1665.1576800311893,15,0,grocery,0,4,1373.4603129416655,0,0,0,TXN009398,1.2114992803738098
1412.594969351154,10,4,food,0,1,632.704659513324,0,0,0,TXN006455,2.2291061745324807
555.4883486032928,9,1,transport,1,4,491.1427598931184,0,0,0,TXN003113,1.1287138486481678
1145.8483207212857,12,2,transport,0,3,1985.6169284832897,0,1,0,TXN003303,0.5767837293101592
1694.6161403373333,19,0,food,0,5,887.4933805965524,0,0,0,TXN001344,1.9072918013182427
428.5617490312143,10,3,transport,0,4,273.92799890194163,0,0,0,TXN001690,1.558814492313928
548.4284200115482,11,2,utility,0,5,290.5915718913622,0,0,0,TXN007180,1.8808102595498721
1220.6579916284973,19,2,grocery,0,1,2086.966940166903,0,0,0,TXN006499,0.5846155741962673
578.1616465624638,13,3,grocery,0,5,498.7353563663465,0,1,0,TXN003308,1.1569356444306185
938.7766274524034,13,0,transport,0,5,1208.152165339692,0,0,0,TXN001504,0.7763924627209092
2515.3352462203056,17,4,transport,0,1,819.0928091349081,0,0,0,TXN001806,3.0671348635207023
2980.9311736229256,8,3,shopping,0,5,2942.8388350490404,0,0,0,TXN008469,1.0125999895552256
354.0646572189967,10,5,transport,0,4,653.59889825539,0,0,0,TXN005369,0.5408879516336419
2768.066045240673,9,3,grocery,0,2,832.4683350531332,0,0,0,TXN003791,3.3211412225567156
71058.6919803362,3,3,food,0,11,408.5878659044045,1,1,1,TXN009520,173.48827417880804
472.7149391109031,16,0,grocery,1,3,4762.883280976552,0,0,0,TXN007329,0.09922890869274215
1736.236396361708,10,0,food,1,3,986.9980623199828,0,0,0,TXN005909,1.7573277343122902
895.1861243771954,20,0,grocery,0,5,2408.6225047715566,0,0,0,TXN006825,0.3715047160310545
673.478076411736,8,2,grocery,0,5,885.7323854226498,0,0,0,TXN007263,0.759505446607469
2016.7424312980081,21,0,utility,0,1,319.499251220873,0,0,0,TXN001848,6.292502786248833
574.483582882896,9,1,grocery,0,3,269.7422527897221,0,0,0,TXN004512,2.1218837361491607
470.57734166331755,20,2,food,0,5,2176.1406644790736,0,0,0,TXN002431,0.2161446659561214
724.0849091021889,15,3,grocery,0,2,2437.84559671142,0,0,0,TXN004660,0.296896576838877
131.1866950387141,18,6,grocery,0,1,1731.6225909745895,0,0,0,TXN008885,0.07571567848767481
967.4980188780384,14,6,grocery,0,1,1452.0696511637495,0,0,0,TXN005584,0.6658304494235211
704.4453159348969,15,4,transport,0,3,797.648031104345,1,0,0,TXN000142,0.8820472705114072
5419.045634343676,8,2,grocery,1,1,1202.05013210385,0,1,0,TXN008760,4.504422126505275
951.1904520719005,22,6,utility,0,1,1950.4156071791317,0,0,0,TXN009211,0.48743612000054337
1317.451182334171,22,3,transport,1,4,198.03670630394444,0,1,0,TXN005264,6.619136775315812
546.2400547637461,8,6,transport,0,2,5792.020738039301,0,0,0,TXN003409,0.09429278427693423
2267.677870462317,21,3,transport,0,2,1037.2792459153984,0,0,0,TXN001117,2.1840731955140065
475.38725443805095,22,0,shopping,0,5,405.61598969874257,0,0,0,TXN001756,1.1691307437030705
475.7419074906816,9,0,transport,0,3,7136.24026510512,0,0,0,TXN000497,0.06665628307577715
3176.1838941370156,17,5,grocery,0,3,1620.8098798840138,0,0,0,TXN008031,1.9584193767300058
745.4419039015255,13,0,transport,0,1,2468.541998266394,0,0,0,TXN000870,0.301854313238982
294.2888400240162,13,0,grocery,0,3,1053.2851784419224,0,0,0,TXN003357,0.2791358979919756
380.7577634248652,17,0,transport,0,3,147.0370693733584,0,0,0,TXN000912,2.5720433742481834
2884.0667565474946,10,0,utility,1,5,2120.44105107731,0,1,0,TXN000721,1.3594847498038694
306.78975469941264,22,1,grocery,0,2,3871.2582153041644,0,0,0,TXN002805,0.0792276076752579
27191.799905034142,2,4,grocery,1,14,294.8466179397379,0,0,1,TXN009943,91.9118159754422
5597.8057236560835,17,0,utility,0,4,1009.3433239964075,0,0,0,TXN000886,5.540498552030802
27180.45074846506,0,2,food,1,5,291.25600983877894,0,0,1,TXN009592,93.00219613433775
308.35415996595157,8,3,shopping,0,5,702.5145985457726,0,0,0,TXN006587,0.43830527554559223
1380.9592801609663,20,6,transport,1,3,539.7779550898379,0,0,0,TXN008100,2.553653060675433
1324.2891204369014,8,5,shopping,0,5,184.0531177532266,0,0,0,TXN001520,7.1562648417676336
2288.305573200553,10,2,food,0,4,2591.76691139476,0,0,0,TXN008689,0.8825728078925444
289.3248829008375,16,2,utility,0,2,428.92605261044224,0,0,0,TXN002746,0.6729642950086487
270.6041230222047,16,0,utility,1,2,706.9322748842823,0,0,0,TXN006700,0.38224577777081475
257.9542440995184,13,4,transport,0,1,6524.900128221434,0,0,0,TXN005775,0.03952776460430159
1233.4724857544638,20,4,transport,0,1,810.6455222570439,0,0,0,TXN000314,1.519718216795422
378.7830929553736,8,0,food,0,4,1686.1284459233075,0,0,0,TXN001799,0.22451348850803035
879.2491240091967,17,1,shopping,0,5,303.5371720035682,0,0,0,TXN000327,2.8871651963685236
978.6004045623616,12,1,transport,1,5,785.4731581162017,0,0,0,TXN005642,1.2442896422636371
1832.8167945290818,9,2,grocery,0,2,4177.945596906849,0,0,0,TXN004204,0.43858354985183035
6704.421267516127,20,5,grocery,0,4,346.23656118800744,0,0,0,TXN003129,19.307935905649323
1767.4551255805543,9,2,food,0,2,1997.7105862071512,0,0,0,TXN006860,0.8842976756002286
28844.989227736613,2,0,shopping,1,13,459.63270520146597,1,1,1,TXN009905,62.62036738168806
860.2916078674859,16,6,grocery,0,2,1799.2813719977864,0,0,0,TXN003968,0.47786508334128547
146.20234114525582,22,0,transport,0,4,917.6145760546605,0,0,0,TXN005743,0.15915525940506775
1923.8665383979144,9,2,utility,0,3,1850.530710965091,0,0,0,TXN006226,1.0390681218542246
660.0435855883861,15,6,grocery,0,5,4868.458769077507,0,0,0,TXN001973,0.135547627958133
2216.073351606972,20,0,transport,0,5,298.07352603516756,0,0,0,TXN000336,7.409794444147449
2353.5218614754326,10,4,transport,0,5,719.8336205991587,0,0,0,TXN002764,3.265000125159505
473.5239976000103,8,6,utility,0,5,516.4083708263504,0,0,0,TXN007660,0.9151842612127582
2003.1444227413608,15,1,shopping,0,2,1469.2256356530602,0,0,0,TXN000275,1.3624741496577042
1178.1121387668838,22,1,transport,0,1,2210.0524199536135,0,0,0,TXN002985,0.5328286783863767
1555.9287491887383,8,2,shopping,1,4,2543.034285863894,0,0,0,TXN005646,0.6115989701217338
616.8904106000663,15,5,utility,0,2,506.25020671415353,0,0,0,TXN005849,1.2161461985321522
609.044539848423,16,2,transport,0,3,1905.9919469073186,0,0,0,TXN003477,0.31937446869460906
7421.808559715783,15,5,utility,0,3,156.69579434649512,1,0,0,TXN007558,47.064086841836165
618.9790664653814,9,5,grocery,0,1,1128.7778059720458,0,0,0,TXN003558,0.5478768154175413
2239.2078504001715,18,3,grocery,0,5,380.1982525242034,0,0,0,TXN002809,5.874129368570486
1286.699062918802,14,3,food,0,5,529.3188719239255,0,0,0,TXN009113,2.426274324824291
2888.517872370463,20,5,grocery,0,1,1423.038474356804,0,0,0,TXN004861,2.028398757747835
4327.518951023044,15,6,grocery,0,2,6082.468822433458,0,0,0,TXN006586,0.7113571347756141
1058.4701176262954,12,6,utility,0,1,964.190861137678,0,0,0,TXN003416,1.096643327495526
6143.038187969608,12,5,food,0,4,10479.667281091546,0,1,0,TXN000307,0.5861304460120043
800.6297076143436,16,6,food,0,3,5617.637680753655,0,0,0,TXN003908,0.1424953437301818
572.1169214746766,13,2,shopping,0,2,523.188690923762,1,0,0,TXN000348,1.091433164012852
934.4195303953943,13,3,food,1,5,1184.3255263160454,0,0,0,TXN000826,0.7883231311988538
17180.084834633923,0,5,food,1,18,304.9456018567676,1,1,1,TXN009501,56.15405068864824
87.93014016902742,16,5,transport,0,5,422.0932289524143,0,0,0,TXN004482,0.20782686687457486
710.8690096021102,21,5,food,1,4,307.93637916931016,0,0,0,TXN006576,2.3010207199085606
2354.074436435127,19,3,utility,0,3,1396.0081499760156,0,0,0,TXN003682,1.6850828225129129
713.4891120268808,21,3,transport,0,5,848.4801193915254,0,0,0,TXN005876,0.8399126662763413
1017.5790244920601,12,2,utility,0,4,1601.2253422662925,0,0,0,TXN008387,0.6351035635553796
874.3428080264888,22,3,transport,0,3,792.2912825709236,0,0,0,TXN002053,1.1021712039906588
1129.8002940081888,10,0,grocery,0,5,2240.2495402156515,0,0,0,TXN000071,0.5040939323068329
772.8904646452388,12,5,grocery,0,3,707.4833603409954,0,0,0,TXN005507,1.0909084220033678
3851.513028292111,12,5,grocery,0,1,1451.5232532481718,0,0,0,TXN008514,2.6516016316291346
788.354029324309,20,5,food,0,2,996.7130025006668,0,0,0,TXN007510,0.7901611258431827
1324.0877239865406,20,5,grocery,0,4,1233.2006175271563,0,0,0,TXN008151,1.0728302232091587
312.92931913249527,11,6,grocery,0,1,10272.887612487037,0,0,0,TXN001666,0.030458705695023985
1175.5343818100428,10,2,shopping,0,1,816.390855632051,0,0,0,TXN007861,1.43815455447083
3150.6153674014404,14,2,grocery,0,4,4991.277682992469,0,0,0,TXN009159,0.6310977809056687
2582.362129570605,10,0,grocery,0,5,3321.070186607106,0,0,0,TXN005688,0.7773352110323777
946.5343383013097,10,6,food,0,2,1690.058318055264,0,0,0,TXN001445,0.5597289745689166
807.8431716698507,21,1,food,0,5,893.0619000202626,0,0,0,TXN005227,0.9035651464977337
337.41339440206383,22,5,food,0,3,6224.984688891688,0,0,0,TXN006982,0.054194382296518
237.51981343771007,9,6,grocery,0,3,1074.3318608231202,0,0,0,TXN001695,0.22088047614984538
3260.4794135154784,19,5,grocery,0,5,839.3868636497398,0,0,0,TXN002892,3.8797362911593485
8557.08513390274,11,4,transport,0,2,657.1680120314084,0,0,0,TXN001574,13.001368917173064
3913.543678837619,20,6,grocery,0,1,1227.5686015219146,0,0,0,TXN003203,3.185449859283101
14476.64439910966,18,3,food,0,4,701.6908557056896,0,0,0,TXN004405,20.601725896334933
3716.5481652820167,19,4,food,0,3,1191.1429731030512,0,0,0,TXN001630,3.117535605321016
533.5814025488479,15,6,transport,0,3,759.2241178287343,0,0,0,TXN008380,0.7018738159383873
377.12099101672754,21,1,grocery,0,3,1588.9229153326514,0,0,0,TXN001881,0.2371945126269373
315.34602319097837,22,3,food,0,3,4814.289605269658,0,0,0,TXN008821,0.06548848543727805
1189.3281321733787,12,0,grocery,1,1,305.3598837817068,0,0,0,TXN006463,3.8821275079893316
1966.2491504061977,15,1,grocery,1,2,1054.9015983824336,0,0,0,TXN000848,1.862151883677752
8070.397628371329,2,1,food,1,13,160.62817303663425,1,1,1,TXN009923,49.93187435548202
561.6636818341075,10,3,food,0,1,4654.250010688746,0,1,0,TXN006188,0.12065166866322805
938.0526710197402,16,6,shopping,0,1,885.4163513478488,0,0,0,TXN005869,1.0582528961625937
2419.9385734893876,11,2,food,0,5,485.4684478004055,0,0,0,TXN002877,4.974502631016001
665.2264903017024,20,3,shopping,0,1,887.6474116815555,0,0,0,TXN000186,0.7485831630825529
411.4188307428114,21,6,grocery,0,5,451.25541682288065,0,0,0,TXN003779,0.9097045948792641
4494.871325792459,22,0,food,0,5,566.9876056080209,0,0,0,TXN001830,7.913678540539238
230.7275891436174,20,4,transport,0,3,971.060587331056,0,0,0,TXN008325,0.23735926767395846
673.2595469105632,18,4,utility,0,5,1980.2397747467332,0,0,0,TXN009241,0.3398172979828389
1482.9549004534324,22,6,shopping,1,2,1314.031973014918,0,0,0,TXN006378,1.127694938894546
228.28855129082052,17,0,transport,0,2,1704.081447773204,0,0,0,TXN001234,0.1338871826850031
6784.957734499553,12,6,transport,1,4,2190.4451845300673,0,0,0,TXN006964,3.0961110879688816
576.9568737743987,13,0,grocery,0,5,2473.773508736975,0,0,0,TXN003915,0.23313522297596206
3364.2725035190465,22,4,food,0,3,725.4560340823423,0,0,0,TXN000446,4.631075172730568
149.91279077372045,10,3,food,0,4,2181.685770334382,0,0,0,TXN000844,0.06868271778340047
1088.7971012713851,22,6,food,0,2,681.4353038028863,0,0,0,TXN008062,1.595458346313619
4818.33194131476,22,2,transport,0,3,624.9683303849139,0,0,0,TXN005402,7.697405295810927
621.7591000543922,16,4,food,0,4,297.3769780105033,0,0,0,TXN002440,2.083803865164508
334.9825365662031,14,4,utility,1,5,286.78357158848223,0,0,0,TXN003103,1.1640085454398812
3949.205290604804,15,4,grocery,0,3,609.3889390993713,0,0,0,TXN008585,6.469981740547027
603.790645012426,12,6,food,0,4,532.3604569376762,0,1,0,TXN006791,1.1320498870109894
2421.487740708274,19,5,shopping,0,2,1765.1422176297053,0,0,0,TXN005650,1.371060448324536
344.2598452541855,20,4,food,1,5,1065.8868590514894,0,0,0,TXN001294,0.3226769945973916
350.02827233018166,14,6,shopping,0,5,574.7665354550712,0,0,0,TXN005079,0.6079343809961588
884.0585414773686,9,5,transport,0,3,1549.2223847087948,0,0,0,TXN009016,0.5702785291953043
772.8074473165951,13,6,grocery,0,3,485.2816460749859,0,0,0,TXN005067,1.5892177990970817
2181.79253766493,11,0,food,1,1,583.6060218960092,0,1,0,TXN003442,3.7320733210870536
1117.4406237712326,9,6,transport,0,4,660.7304081383548,0,0,0,TXN008451,1.6886644621862348
461.27449102456916,8,3,food,0,5,2335.3697656223085,0,0,0,TXN007273,0.197432143580965
2430.0983775956706,10,0,grocery,1,2,3104.870354185801,0,0,0,TXN006105,0.7824210609179524
12834.241367700277,11,4,food,1,4,2196.437498323881,0,0,0,TXN000776,5.840548992856331
129149.65765578984,1,2,food,0,9,390.81107144308885,1,0,1,TXN009716,329.6222773392176
5006.147972841197,20,6,transport,0,2,1813.6674045960149,0,0,0,TXN002153,2.7587137787134477
422.0530083772951,22,5,utility,0,4,3050.3768394411863,0,0,0,TXN004920,0.13831559672406366
5653.084937830101,17,2,food,0,2,1532.5922593812595,0,0,0,TXN005360,3.6861720599130336
200000.0,4,3,shopping,1,12,228.28864758601412,0,1,1,TXN009735,872.2629842586213
1127.195122364046,13,2,food,0,5,344.6204280062667,0,1,0,TXN005957,3.2613671849963914
809.7610647278279,22,2,transport,0,1,739.63751200251,0,0,0,TXN008411,1.0933298025081448
732.1098344348513,8,2,grocery,0,2,695.3223287602339,0,0,0,TXN008432,1.0513950281306292
2390.195941815692,11,3,transport,0,4,760.6515090577884,0,0,0,TXN003183,3.138175285403842
468.7135176486696,13,3,food,0,1,627.3928569519215,0,0,0,TXN006792,0.745892497763594
136.41045317553042,13,4,food,0,3,650.0146833027676,0,0,0,TXN003199,0.2095351405647021
628.884391506444,16,1,food,0,3,1538.119110917188,0,0,0,TXN009369,0.4086002097210532
539.0796820839489,9,3,transport,0,4,1129.926956844142,0,0,0,TXN001289,0.47667064510360047
1205.5382051299696,12,1,grocery,0,5,320.5220468972746,0,1,0,TXN004581,3.7494729109980307
6632.507996910913,19,3,food,0,1,343.3441809648203,0,0,0,TXN006192,19.261275094956574
1313.3300966974925,17,2,transport,1,4,2161.928542893522,0,0,0,TXN008935,0.6071999470405741
1062.9885800998813,17,2,grocery,0,2,470.9184025762798,0,0,0,TXN007149,2.2524838495317256
103783.23498152444,4,4,food,1,10,798.1136559940595,1,0,1,TXN009846,129.87293384746755
490.6045951837349,22,1,utility,1,4,532.120622313596,0,0,0,TXN004106,0.920250642443068
523.8792792641356,18,6,grocery,0,2,4541.806584419655,0,0,0,TXN004126,0.11532062163088136
250.57781717535258,19,2,food,0,3,487.35544858689985,0,0,0,TXN008300,0.5131053987427024
791.7622099865134,12,4,grocery,1,4,2187.6360448660216,0,0,0,TXN003966,0.3617605640023083
1283.2430477067012,16,6,grocery,0,2,773.576568007126,0,0,0,TXN001879,1.6567026433659113
3606.025299744374,22,0,utility,1,1,353.4646253447782,0,0,0,TXN008496,10.17315986394098
340.00453655777716,9,6,food,0,5,1121.0716928990535,0,0,0,TXN009299,0.3030149844341234
1270.3031269533037,16,1,grocery,0,4,614.3962574545062,0,0,0,TXN006348,2.0642035299462513
1050.661895195473,19,4,transport,0,3,1270.9531030349376,0,0,0,TXN003587,0.8260225103335542
1199.1409909878507,9,5,grocery,0,2,464.47066061212206,0,0,0,TXN007372,2.576190278912333
2098.8560161619157,13,2,transport,0,3,871.1978006403028,0,0,0,TXN003865,2.406399115683497
323.0393945730576,15,0,grocery,0,2,3604.367505148523,0,0,0,TXN008487,0.08959957455425893
787.8764889200133,11,0,utility,0,5,1197.9925682250018,0,0,0,TXN004131,0.6571154065503442
2076.7164951247028,13,0,grocery,0,5,2631.8607689519667,0,0,0,TXN001036,0.7887680653737561
442.08292981210786,15,1,grocery,0,4,504.3956013784798,0,0,0,TXN000636,0.8747265085139543
870.6926353724504,8,1,grocery,0,2,1036.3443349351594,0,0,0,TXN006153,0.8393477518020804
2913.9457521637432,16,2,transport,0,4,3330.524395682061,0,0,0,TXN004134,0.8746583863952685
1627.245656719606,21,6,grocery,0,3,422.3113944294352,0,0,0,TXN005338,3.844086594722796
2058.513736825521,21,6,grocery,0,3,933.9018481328792,0,0,0,TXN001083,2.201850109652303
1417.992539203776,14,1,utility,0,3,687.120947293832,0,0,0,TXN000861,2.0606734103652915
925.8623390551121,16,6,grocery,0,5,1714.5248741445778,0,0,0,TXN000903,0.539696248657881
603.657154381871,21,3,transport,0,1,727.3210923688843,0,0,0,TXN000191,0.828833821657505
1044.3710989707251,9,0,grocery,0,5,1085.827081028173,0,0,0,TXN000109,0.960935844534456
671.1891904883236,8,2,utility,0,4,1323.9656714068037,0,1,0,TXN004455,0.5065710040439596
414.8171339587632,19,6,food,1,4,2683.575467858024,0,0,0,TXN001942,0.15451870842347323
650.6972202306112,10,4,grocery,0,1,1008.6128285593995,0,0,0,TXN005856,0.6445017355406237
591.8598636434131,9,2,shopping,1,2,1370.9234492427654,0,1,0,TXN004331,0.43140881072489196
3079.5504216021845,18,4,transport,1,2,2363.8357027005304,0,0,0,TXN008541,1.3022259508707026
1523.314795370109,20,6,food,0,3,760.9866105194246,0,0,0,TXN002040,1.9991359091358687
564.3824559341008,20,3,transport,0,4,1512.9500179852635,0,0,0,TXN007331,0.37278803740507266
510.4188739798189,17,3,food,0,1,977.4900728359894,0,0,0,TXN007317,0.5216392972699819
1394.7739658354756,15,0,food,0,4,1158.8827875033357,0,0,0,TXN007779,1.2025128580774498
1300.4747650934064,18,2,utility,0,3,1767.799907660014,0,0,0,TXN004659,0.735230005079452
444.56220679260707,13,0,grocery,1,1,465.4692364038271,0,0,0,TXN007313,0.953036496511305
1940.96585961101,14,3,food,1,3,1066.3839776521113,0,0,0,TXN002775,1.8184326355361708
2247.87073392757,17,4,utility,1,3,848.801429018315,0,0,0,TXN004145,2.6451717509163233
692.826496478156,12,3,grocery,0,4,584.0558037884592,0,0,0,TXN002323,1.1842058347115616
907.6055053542332,11,5,shopping,1,4,1735.00451656963,0,0,0,TXN000762,0.522812870987038
1692.2854643474523,12,0,food,1,1,3823.047936529275,0,0,0,TXN002617,0.44253772244376705
2886.8809688515307,10,5,utility,0,4,384.01630477926636,0,0,0,TXN002411,7.498074582858531
996.2511040067225,11,6,grocery,0,5,72.54851524869456,0,0,0,TXN001094,13.545495794687785
1062.7964220309639,20,4,transport,0,5,2994.4249831650627,0,0,0,TXN006173,0.35480655599926886
1931.5101920226402,11,4,grocery,1,3,898.4368211605761,0,0,0,TXN007048,2.147466221730107
153.37799606613999,17,1,shopping,0,1,487.2785961219894,0,0,0,TXN009272,0.31411984322945974
359.5246607008278,17,6,grocery,1,4,1297.6614536052596,1,0,0,TXN003135,0.27684248246741966
6579.949000552136,21,4,grocery,0,5,829.7560711797562,0,0,0,TXN007787,7.920434443780777
464.46942190130045,19,0,utility,0,4,1099.1257771360424,0,0,0,TXN005040,0.4221966538321225
633.184182026113,22,2,transport,0,4,730.5645142832833,0,0,0,TXN003805,0.8655206337426661
1240.6977248744442,19,0,transport,0,1,314.24637298251986,0,0,0,TXN000884,3.935644724906129
1184.5030652325186,19,2,utility,1,2,1149.414952147013,0,0,0,TXN002654,1.0296311457199743
1421.4318551680853,22,6,transport,0,1,5188.880291148643,0,0,0,TXN005921,0.2738852874106445
3262.4844445255485,12,3,food,0,3,2200.859488869232,0,0,0,TXN006187,1.4816951131613771
3238.4219378485745,17,2,transport,0,4,1976.3930749716128,0,0,0,TXN008085,1.6377229084283431
191.33598520751877,16,3,transport,0,2,2019.0323642139772,0,0,0,TXN006742,0.09471926717469711
1722.5266788923966,21,0,transport,0,1,241.6242684822943,0,1,0,TXN007626,7.099564646469401
1401.4699544223552,11,1,utility,0,2,13857.624568485387,0,0,0,TXN005680,0.10112619383667468
608.8904921486488,8,4,food,0,3,1785.346447959739,0,0,0,TXN007007,0.34085800816750195
22997.267618351416,1,2,transport,0,6,519.3875777646668,0,1,1,TXN009686,44.19257607404187
1972.5009504976924,14,3,transport,0,3,3220.3005461711205,0,0,0,TXN002202,0.6123306168504621
3493.83349326021,9,1,utility,0,1,996.7254102732077,0,0,0,TXN006107,3.5017986484913637
258.61972691394493,21,5,utility,0,2,672.5436312146446,0,1,0,TXN006417,0.38396878083096014
334.43643553844635,12,6,shopping,0,5,610.364496208106,0,0,0,TXN001262,0.5470328054912197
2696.8224704059194,14,2,transport,0,5,1509.3876744073516,0,0,0,TXN008379,1.785516735936092
615.7070451089098,11,6,transport,0,4,3837.8297675936583,0,0,0,TXN000975,0.1603892546386242
515.3651103189111,15,6,utility,0,2,1790.6606238305071,0,0,0,TXN005831,0.2876466131275904
597.3355943712266,11,0,grocery,0,2,3274.4393634334906,0,0,0,TXN004925,0.18236808198612706
4444.47898188543,16,3,shopping,0,4,3419.1244727536705,0,0,0,TXN000941,1.2995079615646308
1712.9079780582135,14,3,grocery,0,4,778.3811914577648,0,0,0,TXN004723,2.197779465083534
784.0589179451,17,2,food,0,4,836.4597376551965,0,0,0,TXN002387,0.9362347617336048
49227.11900785406,3,5,utility,1,16,592.3429615501901,1,1,1,TXN009728,82.96570819554586
648.8104048075162,14,3,grocery,1,5,366.08788545082916,0,0,0,TXN005021,1.7674525107541945
8359.540271114945,16,5,shopping,0,5,1785.9203946213693,0,0,0,TXN004391,4.678182808969646
182.15733713620924,17,5,transport,0,2,921.1032236705694,0,0,0,TXN005148,0.19754549432232196
151.6560432655903,10,4,grocery,0,3,2366.5988986930015,0,1,0,TXN003221,0.06405478704577444
262.5064772511245,22,3,transport,0,3,2355.869897617668,0,0,0,TXN003882,0.11137928212179508
744.1801432197909,8,0,grocery,0,5,1640.0307210244753,0,0,0,TXN009438,0.453483370960422
9352.928843667056,20,2,grocery,1,1,4871.523089091999,0,1,0,TXN006624,1.9195247867794067
1291.9027385340244,12,5,transport,0,1,656.5339125354669,0,1,0,TXN005918,1.9647697463274794
517.4085426674794,22,6,grocery,0,2,598.023953987689,0,1,0,TXN002789,0.8637526750359521
1323.5507377746492,11,6,grocery,0,5,758.5405481269112,0,0,0,TXN000944,1.742567583835561
1417.3970368903435,16,4,transport,0,5,1189.2806160646728,0,0,0,TXN008908,1.1908091400972043
2315.882551886809,14,6,transport,0,3,2553.4532123527842,0,0,0,TXN001857,0.906605977626719
1167.2980249353377,13,2,food,0,4,3694.417180407507,0,0,0,TXN009080,0.3158771981480628
304.4506567226769,21,0,utility,0,3,2125.9360712341613,0,0,0,TXN004108,0.1431404830827936
618.6409006709786,18,2,food,0,3,532.9978575025006,0,1,0,TXN008513,1.158508207438045
1092.8225803337896,10,4,utility,0,5,1926.8223074183516,0,0,0,TXN003255,0.5668689360676845
475.2329711125368,15,3,transport,0,3,1970.5388007911697,0,0,0,TXN002690,0.2410467249854925
5000.0,3,0,shopping,1,5,453.1664543000429,1,1,1,TXN009512,11.00917945977748
1798.1210395882124,13,1,grocery,0,3,2209.897736581403,0,0,0,TXN006961,0.8132990548755792
1432.9282960071623,8,4,food,0,1,742.6192483445003,0,0,0,TXN001319,1.9269650418507218
447.6684969806862,8,6,grocery,0,1,412.058160024221,0,0,0,TXN008882,1.0837904690090996
9373.253983588349,4,3,transport,0,14,511.19952952161987,0,1,1,TXN009880,18.30000506314933
444.82584472906296,12,6,food,0,5,830.5342476263313,0,0,0,TXN005162,0.5349459099235507
1694.3396750004601,16,2,grocery,0,5,420.03188291964113,0,0,0,TXN005829,4.024255035630745
2527.5087868284813,8,2,utility,0,5,826.7740305977161,0,0,0,TXN007953,3.053380141683627
2322.663489425437,19,1,utility,0,1,675.3058445010898,0,0,0,TXN005958,3.4343389286231347
189.4702731397085,15,0,grocery,0,5,816.9115960623407,0,0,0,TXN009271,0.23165128609482044
1405.7208008566386,20,0,food,0,4,970.4631548792494,0,0,0,TXN003475,1.4470140157105251
887.2355177805729,17,5,grocery,0,3,998.4910158768902,0,0,0,TXN003505,0.887687336541158
840.3235948286939,20,6,transport,0,3,4393.619836852693,1,0,0,TXN004749,0.19121644784421463
445.44727130602485,19,2,shopping,0,1,1139.0218357234953,1,0,0,TXN002477,0.39073573623555147
4661.090057040623,15,1,food,0,5,6856.381872754307,0,0,0,TXN009490,0.6797186074119669
1613.2799452511738,18,3,shopping,0,5,2264.8084447116157,0,0,0,TXN006615,0.7120107390439647
944.2724007934942,20,5,food,0,4,5479.395079337248,0,0,0,TXN007413,0.17230005996350292
117.96930056199835,14,2,utility,0,4,684.1935092324869,0,0,0,TXN007586,0.1721693200131749
9482.619611915894,22,1,food,0,1,621.9818845597613,0,0,0,TXN005344,15.221340855869217
138481.75345312414,3,1,grocery,1,9,423.6894687186731,1,0,1,TXN009863,326.0776724012871
1243.156115643579,21,5,food,1,2,1383.6729180583754,0,0,0,TXN007111,0.8977976671824888
488.16492762748726,18,2,food,0,1,1688.426276411839,0,0,0,TXN001874,0.28895308096207517
347.63736448679396,22,5,transport,0,1,1174.5896414399474,0,0,0,TXN008516,0.2957131912637326
4015.592525842,10,4,transport,0,4,767.9056980743803,0,0,0,TXN005270,5.22247726333477
1118.8020627041558,20,2,transport,0,1,585.1942522067825,0,0,0,TXN005096,1.9085858629495631
719.400113160322,15,0,transport,0,4,1111.0847083599751,0,0,0,TXN002904,0.6468932696873811
2828.528550435772,15,0,utility,0,2,410.47763021019114,0,0,0,TXN000570,6.87407611682536
1529.5983730263358,22,1,food,0,4,359.1236376048183,0,0,0,TXN001448,4.24742564303663
1423.1900637554966,15,3,utility,0,2,2158.0101321607126,0,0,0,TXN005964,0.6591863755318204
527.4957403448285,16,1,grocery,1,2,524.9394170704882,0,0,0,TXN006242,1.0029591303177259
4738.309257183672,22,1,grocery,0,5,1486.773391987378,0,0,0,TXN006347,3.1848326382919145
201.0761646486026,16,6,grocery,0,4,3510.5780727978827,0,0,0,TXN007874,0.057260912467309404
120334.13638038588,4,2,utility,1,17,245.523832964184,1,0,1,TXN009816,488.12374419745663
709.7745609057049,11,5,grocery,1,1,4817.1679027138,0,0,0,TXN003226,0.14731212677456285
16353.723737396916,4,4,grocery,1,18,272.35075336560755,0,0,1,TXN009744,59.82688372372531
305.2906107771864,8,1,food,1,2,2031.4995015853692,0,0,0,TXN003978,0.1502045193807215
1188.399028334345,16,0,utility,1,4,409.3572407897756,1,0,0,TXN004383,2.8960108661593162
481.1305703882826,14,5,transport,0,1,1130.4948957601487,0,0,0,TXN007856,0.4252167395461865
521.8294624554812,8,6,food,0,2,1652.1587392191348,1,0,0,TXN003539,0.31565599241967895
823.9647460059742,21,5,grocery,0,5,547.2944096521085,0,0,0,TXN005682,1.5027779446607488
1804.632042913919,9,4,food,0,3,1059.9986442364989,0,0,0,TXN002827,1.7008806304484425
380.63808195022943,15,4,grocery,0,3,1332.963199585765,0,0,0,TXN007658,0.2853437651566616
2749.7384902417075,9,5,transport,0,5,155.6621766876809,0,0,0,TXN004996,17.552025309360666
4537.742582181813,9,4,transport,0,3,1130.638836294534,0,0,0,TXN001338,4.009885872280868
796.4526944994607,14,1,grocery,0,2,1211.6790454358245,0,0,0,TXN003262,0.6567712186477368
2577.634277482628,16,2,utility,0,1,1381.1567646210253,0,0,0,TXN006386,1.8649362673338952
1672.6152395425588,8,0,food,0,3,926.0304244124122,0,0,0,TXN007951,1.804272217497853
1749.7920218236814,9,6,utility,0,3,1172.1738710074974,0,0,0,TXN000650,1.4915027218608239
3635.0151921719726,8,5,grocery,0,2,1250.1961792288255,0,0,0,TXN002902,2.9052320111882164
966.1663000457692,12,3,shopping,0,3,305.0613419212027,0,0,0,TXN002258,3.1567733905267734
664.0472597085578,16,1,shopping,1,5,927.0027981704584,0,0,0,TXN007402,0.7155660101647491
216.17367973327822,15,0,grocery,1,4,1200.1486303156125,0,0,0,TXN003521,0.1799724649200796
2850.8958898446726,19,4,shopping,1,1,907.9427091074157,0,0,0,TXN002730,3.1364967904789736
1014.2360924971649,16,6,transport,1,1,1549.325164773417,0,0,0,TXN005496,0.6542086238053146
1566.6073040023823,16,6,transport,0,5,659.5561622533538,0,0,0,TXN004478,2.3716489127256315
310.17456325619236,12,3,utility,0,4,458.8416930547961,0,0,0,TXN001596,0.6745246634676753
532.4043295356998,8,3,transport,1,5,1451.4556605022894,0,0,0,TXN007066,0.36655461781985366
1996.3778833412123,16,5,food,0,2,1455.4171276014113,0,0,0,TXN002584,1.3707459528638393
1623.0209958382072,11,2,transport,0,3,1881.639378296701,0,0,0,TXN005441,0.8620987187183023
4350.187966876655,22,2,utility,0,3,522.403472236288,0,0,0,TXN003196,8.311347168351958
859.6444988604256,14,6,grocery,0,5,821.0129272936571,0,0,0,TXN008523,1.045779780727615
741.5161162932111,17,6,utility,0,5,699.9270364123099,0,0,0,TXN007682,1.0579077104639252
119.78899429196873,16,2,utility,0,5,1628.2706840864234,0,0,0,TXN005376,0.07352307720379668
1291.209533173778,8,2,shopping,0,5,1834.5451576079647,0,0,0,TXN001258,0.7034474351240964
3900.295725588391,12,0,transport,0,2,1562.1774408296892,0,0,0,TXN005277,2.495107480260352
415.27376228098865,18,4,utility,1,2,614.6948926594871,0,0,0,TXN000991,0.6744797906106031
3243.724627302129,21,1,utility,0,3,2999.505763747755,0,1,0,TXN003504,1.0810592889015431
741.318251758115,20,2,shopping,0,5,1131.6288786653456,0,0,0,TXN000113,0.6545111692999221
658.4812519293952,10,1,utility,0,5,1035.368385332666,0,1,0,TXN000919,0.6353737351009872
2486.408598408469,21,0,grocery,0,4,851.4942043894935,0,0,0,TXN002509,2.9166281548964776
652.3679073822489,10,4,food,0,3,2578.586250773786,0,1,0,TXN009404,0.25289633451355276
2083.6868399809696,20,5,grocery,1,5,996.7497655024436,0,0,0,TXN000165,2.088386198649391
1184.0935917345041,8,6,grocery,0,1,4617.459672234637,0,0,0,TXN005263,0.25638279334841124
3335.215086228128,13,4,food,0,2,802.1715489718907,0,0,0,TXN004603,4.1525563131530365
1529.0047816414133,16,1,food,0,1,3608.4422091153538,0,0,0,TXN000949,0.42361248443874117
2125.445299469499,14,3,grocery,0,5,2184.2252369073485,0,0,0,TXN004594,0.9726435808866762
295.3801904482986,9,6,food,0,3,1425.9672064777699,0,0,0,TXN005727,0.20699858350451883
7116.267879999193,16,3,utility,0,1,1728.4087716031313,0,0,0,TXN003770,4.1148558957536325
2983.404860107504,20,1,transport,0,2,910.2292280422296,0,0,0,TXN002506,3.274044300046577
2428.9983488999787,9,6,transport,0,1,421.09214600258605,0,0,0,TXN005107,5.754663695839289
1262.8350305853464,17,3,transport,0,5,837.6251965896096,0,0,0,TXN002850,1.5058396000034906
569.8852691663192,15,1,grocery,0,5,613.534128594944,0,0,0,TXN006485,0.9273451915018798
1869.8741812227756,16,1,utility,1,1,2122.3555887359453,0,0,0,TXN005362,0.8806222524113027
518.8510352404797,10,3,utility,1,4,1940.7207899332147,0,0,0,TXN007442,0.26721196885280585
1953.2742914010294,10,0,utility,0,1,1737.0917707085175,0,0,0,TXN004446,1.123803889022957
1116.3639998818314,14,5,grocery,0,4,924.8563987353263,0,1,0,TXN004460,1.205763659900962
15563.020897265622,1,2,food,1,16,273.8058708379211,0,1,1,TXN009513,56.63278171536809
507.2265981313807,9,1,food,0,1,311.22472791859195,0,0,0,TXN002505,1.6245561378586024
1083.5550804678965,16,2,grocery,0,4,1166.3980774293395,0,0,0,TXN001114,0.928179599930412
486.5868889319953,14,2,utility,0,4,1664.3789344206368,0,0,0,TXN008397,0.29217788148693763
1266.876903137559,17,0,food,0,2,649.4474391010604,0,0,0,TXN000298,1.9477006549344316
751.7988875699541,12,5,grocery,0,1,647.0056812653155,0,0,0,TXN001675,1.1601732967864862
4003.831873581118,11,3,transport,0,3,669.80341784523,0,1,0,TXN003347,5.968711200730488
1269.5455640586044,19,4,utility,1,4,688.5816850133525,0,0,0,TXN002735,1.841037242794553
1040.563130980866,16,4,utility,0,4,1094.7761483832749,0,0,0,TXN007819,0.9496128680261283
1085.1175109349285,18,5,shopping,0,3,3383.1616007324933,0,0,0,TXN004988,0.32064589075771605
5417.546250823039,4,2,transport,1,14,488.5387349372607,1,1,1,TXN009894,11.066634495260834
1642.4436068960322,16,5,grocery,0,5,717.0090356873145,0,0,0,TXN005817,2.2874971278373986
2494.6943169319616,22,4,transport,1,2,1080.765742712192,0,1,0,TXN004325,2.3061317422358836
4596.21435205573,12,2,shopping,1,4,1643.5671189648665,0,0,0,TXN006719,2.79478672475752
554.1636021249144,15,3,food,0,4,1691.89071164049,0,0,0,TXN008786,0.3273475353810076
3214.382514855059,21,1,food,0,3,2130.162329810644,0,0,0,TXN004550,1.5082767135531436
293.41811854272004,12,3,transport,0,2,3151.4577627764265,0,0,0,TXN008572,0.09307598725265756
2763.07129714357,15,6,grocery,0,3,1710.5781028233635,0,0,0,TXN007847,1.6143413453266886
750.2267568668177,18,0,transport,0,3,1399.312654862847,0,0,0,TXN002103,0.5357566071130724
362.06556112770124,12,4,shopping,0,4,1143.2892291033181,0,1,0,TXN005813,0.31641087927692996
8400.46913637318,10,6,transport,0,5,746.4475236148132,0,1,0,TXN009104,11.238874798523309
515.6331781443357,17,1,food,1,1,693.6596737949535,0,0,0,TXN007453,0.7422817209575605
886.9208013993438,13,3,grocery,0,5,768.7876099667798,0,0,0,TXN001837,1.1521629991389688
288.34946216663764,12,2,utility,0,4,853.4169820532387,0,0,0,TXN007902,0.3374809586224617
2504.770040050338,20,1,utility,0,4,567.7454509138098,0,0,0,TXN008318,4.404026504345477
1980.86637138771,13,1,food,1,3,2517.2565261358436,0,0,0,TXN008723,0.7866022983874738
2486.834687256413,13,5,utility,0,5,1634.5013531792747,0,0,0,TXN000607,1.5205335553053618
2856.6641593956424,16,6,utility,0,2,660.9389284853866,0,0,0,TXN008374,4.315600785003096
1256.2117223427915,15,2,food,0,3,393.47365847902904,0,0,0,TXN001093,3.1845262550264155
565.0067196099701,19,3,grocery,0,2,3400.525433282196,0,0,0,TXN006387,0.166103923281498
667.1646500350254,20,1,shopping,0,5,1587.1337372126645,0,0,0,TXN006505,0.4200934936411381
487.9629390502572,16,1,transport,1,2,1149.3734529570465,0,0,0,TXN008964,0.4241778509369662
2668.4776620399057,13,1,utility,1,3,2159.1231123536245,0,0,0,TXN004487,1.235335915244381
4325.44937891591,13,6,food,0,2,2129.6938480092613,0,0,0,TXN000160,2.030066113419927
2964.7803737131285,21,5,grocery,0,3,1673.6638018217786,0,0,0,TXN000203,1.7703734746567639
1519.871404328021,19,5,food,0,1,851.2448646576837,0,0,0,TXN007040,1.7833740833844731
395.8983675149665,10,3,food,0,5,1267.8943000292925,0,0,0,TXN005893,0.312002636867253
1521.7141841618468,14,6,shopping,0,3,1015.1138008793364,0,0,0,TXN004933,1.4975824389403707
1409.5186514674367,18,4,food,0,3,1426.9502410557518,0,1,0,TXN002934,0.98709227460567
2502.9477573030917,15,0,grocery,0,5,832.4371503710003,1,0,0,TXN007322,3.0031631733585638
1241.1015890915592,13,1,grocery,0,5,516.7211831411299,0,0,0,TXN002435,2.3972393433112376
698.3924353428306,21,3,transport,0,1,7425.4105882942185,0,0,0,TXN001230,0.09404172137259181
387.42903328456254,12,0,grocery,0,2,2645.7593591713216,0,0,0,TXN008675,0.1463786391996979
1562.9172430561753,14,1,transport,0,1,2310.138332050011,0,0,0,TXN003046,0.676254303510187
34074.07353516797,2,1,grocery,1,8,187.82477550212982,1,1,1,TXN009654,180.45340419209785
573.4009389959746,10,2,grocery,0,4,319.44783513702595,0,0,0,TXN008419,1.7893737330158088
356.14726522106724,17,1,grocery,0,3,1074.5599429396075,0,0,0,TXN007666,0.33112730495306747
712.6560417768304,12,6,shopping,0,1,2387.237642303007,0,0,0,TXN006407,0.2984024827150817
4791.014040943869,8,6,grocery,0,5,1140.3288477519784,0,0,0,TXN004251,4.197750762526071
7009.259625039496,22,3,utility,0,5,3118.672799295532,0,0,0,TXN005577,2.2467931978707156
1705.1694345671747,16,6,grocery,0,2,1210.8360000624598,0,0,0,TXN003293,1.407095873104354
2896.748802670086,10,3,transport,0,2,311.6187034946986,0,0,0,TXN004034,9.266076438447035
3768.5929153262045,22,1,transport,0,2,911.3329041932102,0,0,0,TXN008112,4.130721250987684
232.51943618235796,16,3,grocery,1,4,683.7384733215871,1,0,0,TXN004290,0.3395740786324348
258.80401528235814,13,2,food,0,1,464.29175880262625,0,0,0,TXN004334,0.5562187818420853
3104.607082244337,12,0,utility,0,1,1456.5585407101767,0,0,0,TXN005931,2.1300050704870195
2909.792033975196,21,6,utility,0,2,529.6540854141535,0,0,0,TXN003877,5.483406448674043
249.96637371852037,18,1,grocery,0,5,2520.3797557473217,0,0,0,TXN005428,0.09913872479888769
2581.2991424760894,15,5,grocery,0,3,1009.1194561145354,0,0,0,TXN004753,2.5554394847567425
789.4015975932539,13,3,food,0,5,700.9258210084694,0,1,0,TXN004886,1.1246225369784895
450.1425214963815,15,6,shopping,0,5,601.24698365973,0,1,0,TXN000857,0.7474383993772103
1130.351173632994,16,0,food,0,3,381.90138890172256,0,0,0,TXN008233,2.9520686171319053
322.3378524763428,13,6,grocery,0,1,1017.9636587923122,0,0,0,TXN008375,0.31633890933694475
1392.002902014961,18,2,grocery,0,3,887.6580103304437,0,0,0,TXN002561,1.5664101215914887
1136.030435510944,22,6,transport,1,1,1098.970116871757,0,0,0,TXN003801,1.0327829984524854
917.1940945426741,12,2,grocery,0,3,3847.7022356621346,0,0,0,TXN002640,0.23831256313983953
28975.169384847457,1,3,food,1,15,625.4913983580361,1,0,1,TXN009663,46.24990775737406
650.3294434641632,11,2,shopping,0,1,3123.33154519598,0,0,0,TXN004490,0.20814994633463907
1409.444622055429,13,5,transport,0,4,2262.8141937869186,0,0,0,TXN002347,0.6225973076428607
627.1592075496035,15,6,shopping,0,4,294.4713727418239,0,0,0,TXN000649,2.1225718137425136
1030.6153209017505,20,4,transport,0,2,940.8705239210555,0,0,0,TXN002781,1.0942218646053874
443.0939719321891,11,4,food,0,1,1805.6795225388828,0,0,0,TXN005652,0.2452532208421336
843.1822758581826,17,1,shopping,0,5,639.7138687671559,1,0,0,TXN008543,1.3160044084586633
6161.022309512837,18,4,grocery,1,1,4313.6604550888305,0,0,0,TXN008677,1.427927498268457
816.08554669015,15,6,food,0,3,2686.650440602335,0,0,0,TXN006433,0.30364274102076133
934.7241901806556,21,0,food,0,2,1029.852470374346,0,0,0,TXN000615,0.9067487511973636
431.57469955946266,9,2,transport,0,5,449.77635012659425,0,0,0,TXN008448,0.9574031544429092
804.0036938622836,17,4,transport,0,2,1067.7298851358262,0,0,0,TXN002575,0.7522983169504068
345.7917154129063,21,5,food,0,2,2421.1008418118754,0,0,0,TXN000053,0.14276520178005203
305.01231463682063,21,3,transport,0,5,2514.7351879509965,0,0,0,TXN003340,0.12124182072010749
437.76571178855113,14,4,grocery,0,2,448.42645813045726,0,0,0,TXN007037,0.9740541614073791
199.38233359254596,9,1,transport,0,4,1208.3791440502669,0,0,0,TXN001705,0.16486338016778201
2580.491905686244,21,6,utility,1,2,3352.2391293039313,0,0,0,TXN009060,0.7695520081271106
1169.1693811348187,21,4,grocery,1,4,358.80696632830313,0,0,0,TXN009352,3.2494350875575293
178.8784505510319,9,3,transport,1,3,1001.5674255068102,0,0,0,TXN001493,0.17842036954333185
32369.300446002973,5,6,transport,1,16,364.72564953998176,1,1,1,TXN009963,88.50705573075838
1699.267004060126,10,2,grocery,0,5,422.90069207253504,0,0,0,TXN005632,4.008644090086456
1259.986181007329,17,0,grocery,0,5,645.7687887321622,0,0,0,TXN000803,1.9481245894336288
645.4882894515703,18,6,transport,0,4,2384.8896869384826,0,0,0,TXN004953,0.27054406286480315
1399.662182116045,9,2,grocery,0,1,1836.3206866760363,0,0,0,TXN006933,0.7617952555948329
129.9065794321381,11,4,transport,0,5,3539.620662071081,0,1,0,TXN007104,0.03669034099692268
3891.9330966767147,19,3,food,0,5,655.9497059931849,0,0,0,TXN000990,5.924248174817037
512.5505475807531,16,1,food,0,1,507.0784688668282,0,0,0,TXN002774,1.0088019449513361
1699.3882380831642,20,6,grocery,1,3,661.4154456539236,0,0,0,TXN007470,2.565441746916939
8260.16013153311,15,6,grocery,1,5,526.9735218865985,0,0,0,TXN006419,15.645027239277502
504.3678923994176,20,6,transport,0,4,654.7352080290907,0,0,0,TXN003513,0.7691639646975339
1853.4287396895609,19,6,utility,1,4,1352.9083795125441,0,0,0,TXN005478,1.3689469448123677
1919.4841593722422,15,2,grocery,0,1,4180.776840413519,0,0,0,TXN008400,0.4590116193724083
318.7149016536228,20,0,utility,1,1,1587.8620798996978,0,1,0,TXN000219,0.20059318281026806
916.71565802345,15,4,grocery,0,5,860.4853369604396,0,0,0,TXN006969,1.0641105758780276
2163.091700229112,8,1,shopping,0,1,6151.4950365174855,0,0,0,TXN001288,0.35157959289529034
197.3357618509855,15,2,transport,0,4,1149.4797920161404,0,0,0,TXN003163,0.1715247527339594
239.67371328492482,18,2,utility,0,4,333.74192366774895,0,0,0,TXN004678,0.7159955068036685
516.4005217744034,20,4,utility,0,5,1557.010538937868,0,0,0,TXN002618,0.3314486705118475
1133.2709473670716,13,2,transport,1,2,223.22211855406835,0,0,0,TXN003612,5.0542335193117784
4226.523663159648,21,6,grocery,0,1,681.7675235643796,0,0,0,TXN000043,6.1902822224102465
1312.2825460473719,15,1,grocery,0,5,727.4351470138406,0,0,0,TXN008094,1.8015090999205148
706.5428468916766,13,4,shopping,0,1,1933.3615661159074,0,0,0,TXN008372,0.3652589356964821
3558.9071180980472,16,1,utility,0,4,601.2199064458381,0,0,0,TXN003792,5.90964709071457
217.27795402363353,16,2,grocery,0,1,586.6047559307837,0,0,0,TXN003571,0.3697688826215484
29144.59549854909,2,4,shopping,1,19,934.1703652211338,1,0,1,TXN009980,31.16501183360045
157.19739506716226,13,0,food,0,5,276.6238561807035,0,0,0,TXN001503,0.5662243772193825
755.1688241031338,9,4,grocery,0,1,575.6343394436876,0,0,0,TXN005556,1.309614728862122
17102.777641723842,4,3,shopping,1,11,171.0078212521072,0,1,1,TXN009830,99.43023240005328
2121.438365936343,21,3,grocery,0,2,1486.9716266948776,0,1,0,TXN003439,1.4257250124107128
881.8256571864115,20,5,food,0,3,2081.6489172520214,0,0,0,TXN001892,0.4234154157628968
633.3008393249203,14,1,grocery,0,4,277.4668762274496,0,0,0,TXN009323,2.2742411876938826
735.7787489947367,15,1,grocery,0,1,4127.959099325384,0,0,0,TXN005255,0.17819957313574575
527.2635140673368,21,6,grocery,0,1,5149.520850547145,0,0,0,TXN001955,0.10237091148001567
793.155385859705,9,2,transport,0,4,737.4528659034933,0,0,0,TXN005167,1.0740771990765903
744.4295757611974,19,5,grocery,0,5,5241.544866382504,0,0,0,TXN004814,0.1419977500879022
1141.2811138784484,20,4,utility,0,5,1264.8508612837231,0,0,0,TXN006264,0.9015920822782029
345.25815931843243,13,3,grocery,0,5,8087.650633909803,0,0,0,TXN001505,0.042684271449556395
636.8789271403436,10,1,food,0,3,7363.748556484022,0,0,0,TXN000670,0.08647666953675248
1281.3356605566878,17,6,transport,0,2,571.3261302135259,0,0,0,TXN008907,2.2388208276959882
286.8696593563348,9,4,grocery,0,5,4482.743483400902,0,0,0,TXN007055,0.06397994453035598
1298.0927718244934,21,3,food,0,2,1364.3477645171977,0,0,0,TXN000897,0.9507414927972682
4489.2207981024,10,3,grocery,0,5,465.5948349068514,0,0,0,TXN006178,9.621239804333893
5010.727289413086,10,4,grocery,0,5,3022.130032826298,0,1,0,TXN002666,1.6574633690925298
1003.6804098857095,12,1,transport,1,3,714.3491266230485,1,0,0,TXN003193,1.4030637244554804
90.81628246643965,12,3,food,0,4,411.69315519039446,0,0,0,TXN002890,0.22005764167457997
2741.687685661008,12,3,transport,0,5,603.0421143479812,0,0,0,TXN007773,4.538901544340923
675.880077663346,21,0,shopping,1,4,1392.3162626823037,0,0,0,TXN002621,0.485087338578963
356.77268558550236,17,3,utility,0,5,1493.382376613039,0,1,0,TXN006008,0.23874256761118537
464.48194309038485,12,1,transport,0,2,560.9555615387783,0,0,0,TXN005956,0.8265456823997156
2329.5198990565914,18,5,grocery,0,5,662.734350921583,0,1,0,TXN000002,3.5097172473024725
1162.826452474205,17,4,utility,0,5,1663.5151255750702,0,0,0,TXN002370,0.6985977084903102
490.8210768395596,8,4,grocery,0,1,1182.4203746538208,0,0,0,TXN007914,0.41474786758098253
710.5288399557204,13,5,food,0,5,2014.0665210147893,0,0,0,TXN001769,0.3526081310694882
675.8562306046344,8,2,grocery,0,3,912.3652785325182,0,0,0,TXN008506,0.7399626923529611
2223.76060940424,11,4,transport,0,5,2125.112875692506,0,0,0,TXN006025,1.0459278220023613
4924.376591502329,22,1,food,0,2,4112.790059268204,0,0,0,TXN000531,1.1970412978192473
2139.330318885703,20,2,transport,0,5,685.6927641228987,0,0,0,TXN008724,3.11541118627955
360.99937736627203,11,2,food,0,2,6261.989651417932,0,0,0,TXN008649,0.057640104400386846
1253.4798446833738,21,5,grocery,0,1,2861.958271595784,0,1,0,TXN007873,0.4378267951438555
502.93227789340426,12,4,transport,0,1,610.2534850130212,0,0,0,TXN008890,0.8227884015789139
719.7254106698883,12,1,transport,0,1,1795.8865824343889,0,0,0,TXN003120,0.4005402554093412
1559.330109594088,15,3,transport,0,2,881.7071167117989,0,0,0,TXN009022,1.7665317069185977
172.73203619061883,20,3,food,1,2,1752.2256078798362,0,0,0,TXN000731,0.09852242370535673
475.88207857461896,20,2,utility,0,1,284.8122692298592,0,0,0,TXN003406,1.665016270494321
322.9945290045384,14,4,transport,1,2,1292.8610736265591,0,0,0,TXN002339,0.24963617469317478
1161.8329271667928,9,0,utility,0,2,598.1213297569416,0,0,0,TXN005967,1.939228115343746
534.5671175066486,21,6,grocery,1,1,781.5529820048035,0,0,0,TXN006580,0.6831066136086454
1040.5723152893017,12,5,transport,0,1,1217.3710205265,0,0,0,TXN002565,0.8540685043868121
1887.2267838321059,9,6,food,0,1,885.2545382063324,0,0,0,TXN007726,2.129441038069735
2071.930019487371,13,1,transport,0,3,280.036956674033,0,0,0,TXN007820,7.372446826950753
940.9777511961851,20,4,transport,0,1,835.7088796765097,0,0,0,TXN006713,1.1246178617824494
120.50870369061614,16,2,grocery,0,2,598.4333000033381,0,0,0,TXN006995,0.20103771960941286
3375.889587210595,18,5,grocery,0,3,4570.766370372574,0,0,0,TXN006942,0.7384212826552373
128.5133986279764,18,5,transport,0,4,1585.416414570653,0,0,0,TXN007794,0.0810086163050432
929.7514920861579,16,6,shopping,0,1,1759.8547480201225,0,0,0,TXN008975,0.5280114632575775
3902.0435103347127,14,2,transport,0,3,496.924728021901,0,0,0,TXN001255,7.836613228341379
2584.166734156816,19,3,grocery,0,3,407.57270271443576,0,0,0,TXN002104,6.32486389077973
1903.4751830007015,10,4,transport,0,1,1181.1917615137354,0,0,0,TXN006734,1.610123877503088
43107.307011858764,1,3,grocery,1,11,389.43198651106945,0,1,1,TXN009778,110.40926077053524
542.59520108556,9,4,utility,0,4,1177.8057349128385,0,0,0,TXN006224,0.4602922983961219
3388.025648712442,16,4,grocery,0,1,1077.5205830142133,0,0,0,TXN009150,3.1413639220901106
1219.8771078940508,9,0,transport,0,4,1721.0187153123927,0,0,0,TXN004994,0.7083994483025999
1412.1613153351348,9,5,grocery,0,1,456.7234983718657,0,0,0,TXN008969,3.0851842222613195
3626.960401512338,22,3,transport,0,5,3910.489685614833,0,0,0,TXN006839,0.9272580763413746
1088.2120948290396,12,4,utility,0,1,1556.7875349534731,0,0,0,TXN005057,0.6985625898345256
1080.3870413696368,11,1,transport,0,4,1019.9194835382089,0,0,0,TXN005846,1.05824901844887
753.0049146427872,9,3,food,1,5,3295.032679460831,0,0,0,TXN004434,0.22845796382272662
2819.2180556522812,16,5,transport,0,3,306.9282718997575,0,0,0,TXN003484,9.155437525301494
1529.5139655967002,10,2,food,0,2,1751.9137863731805,0,0,0,TXN009493,0.8725551578673474
354.8334989780162,10,2,food,0,3,525.618900659485,0,0,0,TXN005318,0.6737956015890393
2715.6436244220945,13,6,grocery,0,5,1781.7918779454403,0,1,0,TXN003816,1.5232533073640144
2049.75591728375,21,3,shopping,0,3,722.2561610531912,0,0,0,TXN005729,2.8340663068793446
5542.26579810995,19,1,utility,0,2,282.4401236201802,0,0,0,TXN008903,19.553568236291
3473.5561559790526,16,1,food,0,2,886.3241160037899,0,0,0,TXN007840,3.914641891649225
16640.545712021056,0,3,food,1,8,518.0488727909785,0,0,1,TXN009889,32.05968952893232
264.47996414191306,8,3,shopping,0,5,1651.347520044982,0,0,0,TXN001621,0.16006315919227032
3248.401835666369,14,0,utility,0,1,889.7153756971425,0,0,0,TXN009423,3.646958303738632
436.1328735733533,13,0,grocery,0,5,5027.998715351275,0,1,0,TXN006307,0.08672360011587107
1802.1537506894017,19,5,food,0,5,5249.686076407635,0,0,0,TXN009304,0.3432225283447877
2680.5085082428022,19,5,shopping,0,5,3023.741858746779,0,1,0,TXN008902,0.8861941393416625
708.9159468557959,11,3,transport,0,1,494.9793749925607,0,0,0,TXN001096,1.429325457064478
3483.2906397578636,11,4,utility,1,3,419.7565445911157,0,0,0,TXN008057,8.278636861472632
1398.1462634994175,12,2,utility,0,3,238.90600319704373,0,1,0,TXN009481,5.827891944625779
867.3932633231566,16,5,grocery,0,1,439.17900698649066,0,0,0,TXN002463,1.9705466402439709
346.1041797653784,15,6,shopping,0,4,735.0086768803152,0,0,0,TXN008289,0.47024470041901356
1118.922144108527,8,6,transport,0,3,1040.5224653895116,0,0,0,TXN001788,1.0743139790941227
1120.9018025630924,12,6,transport,0,1,489.4692684832804,0,0,0,TXN000250,2.2853660251321184
15866.960198199225,1,3,shopping,1,10,397.4264648354713,1,0,1,TXN009926,39.82406189998304
550.7880612687994,17,5,transport,0,2,637.3499193343362,0,0,0,TXN006191,0.8628309405022794
7920.975465591939,0,2,shopping,1,14,438.92625109797086,1,1,1,TXN009650,18.00523484521034
4880.500740997511,21,3,grocery,0,1,3689.5170079591526,0,0,0,TXN000192,1.3224436387833953
146.90459249691355,20,5,shopping,1,5,1522.4970558739253,0,0,0,TXN000820,0.09642591164224108
52661.218353774755,3,6,grocery,0,17,170.50879966349177,1,1,1,TXN009627,307.0467431239593
628.6245773490866,18,6,transport,0,4,891.2312916592688,0,0,0,TXN005714,0.7045533856810191
150.46182358587524,16,5,grocery,0,2,2236.7983818947564,0,0,0,TXN007195,0.06723654141642482
1839.4285213879755,12,6,utility,0,1,1665.1161092655773,0,0,0,TXN005715,1.1040218092596166
2064.375007219415,9,2,food,0,1,1670.094602171249,0,1,0,TXN004400,1.2353429928725623
1509.8688037897698,15,6,transport,1,2,640.8231737604509,0,0,0,TXN009290,2.3524685077097285
1237.4034430139548,16,0,utility,1,1,444.19958875710995,0,0,0,TXN005388,2.7794352786095047
2547.261221284105,11,5,shopping,0,1,3952.962252410598,0,0,0,TXN004166,0.6442300302010029
4487.477264657402,8,5,grocery,1,2,931.6014087000526,0,0,0,TXN004951,4.811784780501746
371.22618998288357,14,5,food,0,2,928.394160452959,0,1,0,TXN002687,0.39942814984113845
765.1630179109055,10,6,transport,1,3,1475.9899345858441,0,0,0,TXN004390,0.5180556752578421
920.8424541517543,14,6,grocery,0,3,475.39054469022557,0,0,0,TXN005860,1.932957033709674
587.0962615904027,8,3,food,0,2,568.9060509821546,0,0,0,TXN005981,1.0301632358151367
1193.9779903025374,11,5,transport,0,3,1816.4109823066124,0,1,0,TXN004927,0.6569664219741703
2266.1126376170005,16,1,food,0,1,1917.9124337375586,0,0,0,TXN006735,1.1809359290059855
984.9147785650158,12,6,food,0,5,285.15476215941027,0,0,0,TXN002607,3.4418954663992007
1116.5206644715881,20,1,food,1,4,3373.1171474627386,0,0,0,TXN007466,0.3309074983692214
1352.9035072804652,17,0,food,0,5,1457.439159528751,0,0,0,TXN000238,0.9276379466645792
5079.725695923459,11,6,transport,0,4,704.8711693591368,1,0,0,TXN004015,7.1963920846000295
856.8498674793037,18,1,shopping,0,3,1315.1692735165568,0,0,0,TXN009262,0.6510179843280811
3473.483487269906,8,0,utility,0,2,3776.5827538650497,0,0,0,TXN002977,0.9194989795302292
1249.0386296349725,14,2,transport,1,4,716.5257153604929,0,1,0,TXN005712,1.7407580005790337
15649.960043617468,4,4,shopping,1,12,641.3464146368938,1,1,1,TXN009856,24.363738454839968
1382.3511617268878,18,1,transport,0,4,1471.339878224358,0,0,0,TXN005473,0.9388804733007731
468.1644005939511,8,3,grocery,0,1,635.278104607195,0,0,0,TXN000945,0.7357858100161586
1268.7134561333266,22,6,grocery,0,4,1294.9075835278154,0,0,0,TXN008251,0.9790153806180694
154.59648368010372,15,0,utility,0,1,901.5525834919571,0,0,0,TXN007681,0.17128806288712084
2330.048313222649,11,0,transport,0,3,2173.1693599181754,0,0,0,TXN005097,1.0716958651787551
546.6905655443322,19,0,grocery,0,5,649.350341417035,0,0,0,TXN006805,0.8406093312001027
2504.52072990752,20,1,transport,0,4,1465.9959791235967,0,0,0,TXN005803,1.7072444407132967
1615.0938025767205,16,0,grocery,0,2,538.0625460358286,0,0,0,TXN003552,2.996115783694929
12929.929567347852,4,3,grocery,1,12,531.6589931678142,0,1,1,TXN009969,24.274310080547686
944.2245944982443,19,2,utility,0,3,3166.0087323395983,0,0,0,TXN003360,0.2981439820030768
626.8919530158413,19,0,grocery,1,5,1768.1228561105122,0,0,0,TXN008249,0.3543518477818372
1364.2208659008015,18,0,transport,0,5,2250.5973021901336,0,0,0,TXN002410,0.6058902560301618
1058.483562024582,8,1,food,0,4,1369.5125395676496,0,0,0,TXN004507,0.7723267985264095
227.38691784461514,12,5,utility,1,2,2340.780844005995,0,0,0,TXN008462,0.09709999909967366
753.9885488371125,11,1,food,0,3,320.92943362180495,0,0,0,TXN003982,2.342092614379834
168.50984393570332,17,4,grocery,0,5,3219.6913051717347,0,0,0,TXN000146,0.05232101681558642
2259.2242337411662,18,6,food,0,1,2104.934406721541,0,0,0,TXN006648,1.0727894594106862
607.3964159235251,8,3,utility,0,4,456.2128532926046,0,0,0,TXN002294,1.328476248096216
1535.4565545298965,20,0,utility,0,4,2843.435050720559,0,0,0,TXN002253,0.5398107276666173
2881.670171008965,10,2,grocery,0,5,920.270754300889,0,0,0,TXN003611,3.127929718333168
691.8948341109999,16,5,food,0,1,1421.355185399922,0,0,0,TXN005353,0.4864430778001914
1875.047401429909,14,4,grocery,0,1,1473.1152102709702,0,0,0,TXN001736,1.2719815848621763
3701.6288539243537,11,6,grocery,0,4,1667.205307699489,0,0,0,TXN007915,2.2189288313852833
1621.1157209438288,17,1,transport,0,3,5940.309878233675,0,0,0,TXN007659,0.27285493505108666
4939.710664899714,17,1,transport,0,5,2091.034594976356,0,0,0,TXN000114,2.3611993208723887
420.5446339578529,15,3,grocery,0,1,465.1587452156841,1,0,0,TXN008860,0.9021489745156958
693.7995114776679,16,3,utility,0,2,7839.756025697421,0,0,0,TXN005649,0.08848630274986215
5000.0,4,6,food,1,12,236.91409984465707,1,1,1,TXN009844,21.01598855748644
5726.8049350390975,22,5,food,1,4,273.0341940948279,0,0,0,TXN000498,20.898139934527187
15488.982032914919,14,4,food,1,4,5791.88757250583,0,0,0,TXN007822,2.6737929640527875
210.13650064880576,22,4,food,0,2,1134.7512016828232,0,0,0,TXN000720,0.18501983562724839
505.9106916841745,18,3,grocery,1,3,2169.22460081379,0,0,0,TXN007258,0.23311443962734008
2880.080599837807,21,3,grocery,0,5,534.4735687564163,1,0,0,TXN008843,5.378567249409724
220.3452620442404,20,5,grocery,0,3,1410.7392170123296,0,0,0,TXN005730,0.15608071192536405
757.465153361803,11,4,shopping,0,2,1553.9052671141683,0,0,0,TXN003089,0.4871455318738633
1594.342548272284,20,6,shopping,0,2,3939.089459921252,1,0,0,TXN007226,0.40464628138269454
1181.6038739997296,20,5,grocery,0,3,2096.4622904411704,0,0,0,TXN007306,0.5633492813599984
488.0574859095784,20,2,grocery,1,3,1265.124707271269,0,0,0,TXN006508,0.38547347122024955
3475.5320346687436,18,4,transport,0,3,371.8618224819237,0,0,0,TXN000596,9.321233296383507
2839.504895822654,15,2,transport,0,3,983.4431776047629,0,0,0,TXN009092,2.884376630788808
672.1845996489169,19,2,grocery,0,4,954.1485514791474,0,0,0,TXN006095,0.7037487505037502
2347.7022731147786,13,4,food,0,5,1021.7168586579024,0,0,0,TXN006053,2.29555448630781
760.0362437827151,10,6,grocery,0,3,2040.17329435885,0,0,0,TXN005164,0.3723526296778486
678.6000010186762,20,0,food,0,5,1273.9682238030477,0,1,0,TXN001647,0.5322485598852883
133.48562559759725,18,1,transport,0,5,3763.9514738854637,0,0,0,TXN008167,0.035454806396173516
1256.78392389927,22,3,food,0,4,551.5992586079911,0,0,0,TXN006920,2.274313445633522
1468.1123300847303,15,4,food,0,5,969.2289454360297,0,1,0,TXN002700,1.513160720457528
1179.8047697189654,13,2,utility,0,1,2108.1717893310715,0,0,0,TXN008203,0.5593687416486559
5791.763232040154,22,0,food,0,1,519.8098963480367,0,0,0,TXN001700,11.12068582538944
2245.5991526671705,21,5,transport,0,4,1683.658067415513,0,0,0,TXN008943,1.3329702899961267
215.23833569834923,13,1,food,0,4,1336.2526006484543,0,0,0,TXN005404,0.1609556306669188
1860.3858693509726,21,5,utility,0,3,1009.1847827598349,0,0,0,TXN007219,1.8416292752583145
1169.457071440739,9,6,food,0,4,84.21489626353004,0,1,0,TXN007502,13.723622543928848
1005.2431953897583,12,1,food,0,3,1430.0381347720197,0,0,0,TXN002942,0.7024573077152166
193.304383482504,14,5,grocery,1,1,2088.2067615599112,0,0,0,TXN006301,0.09252525266487881
387.91251446227585,18,5,grocery,1,4,140.92089027107713,0,0,0,TXN000086,2.7333010222902385
138.08437120815245,9,1,shopping,0,5,236.19903316997542,0,0,0,TXN002308,0.5821455904046708
1899.9337878825554,8,3,grocery,0,3,2810.804557871649,0,0,0,TXN002677,0.6756990924435659
2425.1272939152705,16,2,food,0,3,243.53621206316362,0,0,0,TXN008216,9.917252228021185
1017.4577857770378,16,1,shopping,0,3,1078.5724483603306,0,0,0,TXN007729,0.9424636459761145
978.8154905452514,10,5,transport,0,5,264.6191264063471,0,0,0,TXN002594,3.6850339197631743
226.0270851594767,15,6,food,1,2,945.6348010920696,0,0,0,TXN005884,0.23876904261149529
702.2170471433262,20,1,grocery,1,5,914.1295276633421,0,0,0,TXN001029,0.7673416996349591
365.91059138459184,15,3,transport,0,1,707.3525604125364,0,0,0,TXN000136,0.516565636709903
874.8202657232241,9,2,food,0,5,1191.2647808642446,0,0,0,TXN006831,0.7337466305840952
589.2442340628899,11,5,food,1,1,785.5355095609033,0,0,0,TXN007814,0.7491641850878995
2195.854143273715,9,0,grocery,0,5,1696.6873555996356,0,0,0,TXN002854,1.2934384744228264
1039.8040529168404,16,6,transport,1,2,1574.6371534140476,0,0,0,TXN004409,0.6599260817529096
5388.513829814209,19,5,grocery,0,1,452.55223016204377,0,0,0,TXN001200,11.880690847642878
1020.0965155084398,22,0,food,0,1,797.620309699957,0,0,0,TXN004717,1.277323532996164
51506.025916875966,3,1,grocery,1,15,413.18255333686466,1,0,1,TXN009517,124.35585589474329
992.7206614978691,19,0,grocery,0,5,1908.3892065264192,0,0,0,TXN006594,0.5199152996700117
3513.6537889198903,13,0,transport,1,1,4668.872350671738,0,0,0,TXN000566,0.7524089579053416
3298.488396111096,10,3,utility,1,3,5097.436651927405,0,0,0,TXN007328,0.6469607492061592
534.0703733954826,17,6,grocery,1,2,2596.8190974833446,0,0,0,TXN005430,0.2055841278220131
607.7587641209311,17,2,transport,0,5,413.38532433105905,0,0,0,TXN003927,1.466651274636799
722.1586669583477,15,3,transport,1,4,1505.302706815722,0,0,0,TXN006055,0.47942466257991995
126.84467098251302,9,5,grocery,0,4,246.46846115479738,0,0,0,TXN007589,0.5125690376486751
920.3523971071179,16,1,grocery,0,5,1877.942142981337,0,0,0,TXN007122,0.4898247668482145
424.03862082287463,9,6,transport,0,5,4034.7439964246087,0,0,0,TXN006572,0.1050707431389463
440.9052236427497,11,6,utility,0,4,3967.4581609991556,1,0,0,TXN006535,0.11110239940938199
188.804668373342,11,3,utility,1,1,878.9182374529796,0,0,0,TXN008913,0.21457069570447584
321.52790098931484,19,3,food,0,4,6068.528436281932,0,0,0,TXN008275,0.05297411559476541
395.9131236283737,11,5,transport,1,1,1363.8676087123688,0,0,0,TXN002330,0.2900743787171288
1183.8392791203503,22,4,grocery,0,4,903.7631932176829,0,0,0,TXN003515,1.308452076736418
238.98533478862942,19,1,utility,0,5,3174.637773275026,0,0,0,TXN002187,0.07525585468211776
4701.328838144807,13,2,transport,0,4,1433.9692976050571,0,0,0,TXN000195,3.2762574404840974
486.3736461899409,8,1,grocery,0,4,1175.3507899051028,0,0,0,TXN007257,0.4134597012759919
2099.8157150292946,18,1,grocery,0,1,2235.689801891369,0,0,0,TXN005666,0.9388050650804004
256.92411880757845,13,1,grocery,0,5,1028.9058786770493,0,0,0,TXN005059,0.2494636880193427
532.9517622153187,16,0,utility,0,3,1947.203483179107,0,0,0,TXN000802,0.27356062486123894
1104.5057801257399,14,5,grocery,1,5,129.9002587849019,0,0,0,TXN008848,8.437766207480822
30956.442432451255,1,0,shopping,1,10,1325.5984474177308,1,1,1,TXN009928,23.335201765620205
9474.408795298166,10,3,transport,0,4,439.0551126643055,0,0,0,TXN002068,21.53005049284744
692.6498247204155,12,0,transport,0,4,3970.434865058088,0,0,0,TXN009082,0.1744079528571809
701.0905496744847,15,0,utility,0,3,312.4247518140191,0,0,0,TXN008744,2.236870399088646
3243.7992514521598,9,1,grocery,0,3,5163.437175174227,0,0,0,TXN000644,0.6281031487894374
117.90388363597125,9,1,transport,0,1,865.1089992250064,0,0,0,TXN009374,0.13613053754374052
775.2115904885427,12,0,transport,0,2,643.3948948988391,0,0,0,TXN005103,1.2030070328385205
3263.228001814399,20,5,grocery,0,1,1292.6968419856987,0,0,0,TXN005460,2.522405478555286
3134.7965426236037,10,6,grocery,0,3,2940.193642139764,0,0,0,TXN001637,1.065824601858921
491.63086773351876,20,1,shopping,0,2,962.074446045488,0,0,0,TXN000120,0.5104806484609997
857.6119140673334,11,3,shopping,0,5,1583.0570183448015,0,0,0,TXN002981,0.5414021743759334
683.5554109337861,8,1,transport,0,3,586.0216671473191,0,0,0,TXN005069,1.1644466451393196
360.29959684570224,16,4,transport,0,5,1174.9182305461536,0,0,0,TXN003074,0.30639851265709317
289.38425679016296,10,6,food,0,1,2157.4033173916155,0,0,0,TXN008927,0.13407330060068556
1619.6180023191578,13,6,food,0,1,5963.696681902508,0,0,0,TXN003278,0.2715340089686777
268.6153867488586,21,6,utility,0,5,993.850731962253,0,0,0,TXN002135,0.2700057185654767
4169.089983920614,13,1,transport,0,4,6155.786047770721,0,0,0,TXN008941,0.6771536239155458
4810.295898529744,15,0,grocery,0,2,1459.5587093850356,0,0,0,TXN004970,3.2934628834982647
1474.686115909295,10,2,grocery,1,3,400.299598528718,0,1,0,TXN006195,3.674775956208097
6988.631558973028,22,6,grocery,0,2,1807.0054005344323,0,0,0,TXN000134,3.865382015400642
808.3690506930459,10,3,food,1,3,1926.432024552622,0,0,0,TXN007731,0.41940210621989493
635.4833202769215,8,4,food,0,2,1089.0266783148695,0,0,0,TXN005324,0.5829979512605592
22957.16510638247,3,4,shopping,1,18,437.1478535645506,1,1,1,TXN009640,52.395931920274215
4651.059338002608,10,5,grocery,0,1,1671.986190979432,0,0,0,TXN006160,2.7800942787696856
259.9246728422616,15,2,transport,0,3,7661.50447520189,0,0,0,TXN002559,0.03392163406670156
2899.9361483389357,20,1,food,1,3,1275.6910830111397,0,0,0,TXN000062,2.2714470140257355
220.695330064601,12,4,grocery,0,2,220.32634327167662,0,0,0,TXN001358,0.997148946674183
6008.746996877551,9,1,transport,0,3,536.9954756988764,0,0,0,TXN006725,11.168768638940621
1085.4982743719493,8,3,food,0,3,540.8948861701963,0,0,0,TXN002467,2.0031528292204994
851.8199099573712,20,2,food,0,4,476.10260958476164,0,1,0,TXN000679,1.7854019090332343
456.0690688610999,12,4,transport,1,2,1027.2617108694162,0,0,0,TXN006797,0.443534038115145
1085.3390548327936,12,3,food,0,3,386.8049644422017,0,0,0,TXN000741,2.7986724109988854
795.460005463312,13,6,grocery,1,2,2142.130114786233,0,0,0,TXN005307,0.3711673873532663
1431.562308023387,14,5,grocery,0,2,565.7292401453687,0,0,0,TXN007627,2.526007494612744
4772.673889455329,21,2,grocery,0,4,413.2779919964188,1,0,0,TXN003641,11.520462060887333
1655.0156089630186,20,4,shopping,1,3,2529.6763368694474,0,0,0,TXN000444,0.6539815403696951
1336.8596757503012,9,5,food,0,4,1882.6575383943368,0,0,0,TXN008140,0.709714822626338
1649.2832169996432,13,2,grocery,0,2,1675.003501135426,0,0,0,TXN003258,0.9840571430085433
1160.385636868906,20,5,grocery,0,1,2063.2587036165137,0,0,0,TXN004663,0.5621318853281075
1526.9673188827614,20,3,food,0,4,435.33079259638293,0,0,0,TXN001873,3.499563507302692
2249.560847629193,13,6,food,0,5,811.2522227602187,0,0,0,TXN006366,2.769534861948018
2149.807736486294,12,3,grocery,1,3,1958.7898532051302,0,0,0,TXN002596,1.0969582952837518
1435.1902431290443,18,2,utility,0,2,744.5052598017486,0,0,0,TXN001717,1.92512423522096
375.90318689869787,18,4,food,0,4,236.90552766428493,0,0,0,TXN002912,1.580052345102066
416.49372778246135,22,4,transport,0,5,2489.835882498199,0,0,0,TXN002843,0.16721042550773613
1626.1825808914407,10,2,food,0,1,517.4541269421568,0,0,0,TXN004027,3.1365987777600846
690.468755967028,17,5,utility,0,1,259.3558548533437,0,0,0,TXN005488,2.652019315470986
371.0490138082068,12,1,food,0,5,2572.1151083468676,0,0,0,TXN008634,0.1442022599784089
235.685144726881,20,6,food,1,4,261.4366184455186,0,0,0,TXN008037,0.8980650113650539
283.9861704987198,21,5,grocery,0,1,1324.8303981015092,0,0,0,TXN009232,0.21419494597903843
1959.7411693212985,21,4,food,0,2,2865.9021674053324,0,0,0,TXN000489,0.6835744838460767
2719.008749494293,10,5,grocery,0,2,1720.7757294419507,0,0,0,TXN000493,1.579188684681691
2006.3082985463811,12,2,grocery,0,5,772.9321703274344,0,0,0,TXN000690,2.5923567664819442
2187.9075060202704,13,5,utility,0,5,2149.1483190140234,0,0,0,TXN003821,1.0175612010912634
678.1887128832058,10,4,shopping,0,5,561.3060425057963,0,0,0,TXN000602,1.2060846969756953
442.6031039694577,21,4,utility,1,4,4183.829376389548,0,1,0,TXN001911,0.10576371559294313
711.7301339342499,18,4,shopping,0,2,2934.3127752023984,0,0,0,TXN001014,0.24247165070344984
8559.609240663738,19,0,utility,0,5,1195.8631661364075,0,0,0,TXN006156,7.151702452582781
1623.6890301208753,10,4,shopping,0,5,3787.694908699097,0,0,0,TXN001993,0.4285615678350813
1134.412925038565,21,1,transport,0,1,620.7498618664903,0,0,0,TXN005769,1.8245487367428799
1102.3563035330671,13,3,food,0,5,1607.4360856642054,0,0,0,TXN003757,0.6853590971741025
1512.598845812261,9,2,utility,0,5,603.8252178779313,0,0,0,TXN002366,2.5008858776082663
555.1473385732555,21,4,food,0,3,2021.5471950471238,0,0,0,TXN005283,0.2744793001284309
5858.426281419586,11,0,transport,0,4,1282.95294030431,0,0,0,TXN004370,4.562804521504565
1881.3101092326363,14,6,grocery,1,4,724.8343933801881,0,0,0,TXN006883,2.591927478761972
826.9034641782489,20,3,grocery,0,3,1861.8114394670588,0,0,0,TXN007011,0.44390078708923
1255.6753505056706,11,5,transport,1,3,392.88469464177643,0,0,0,TXN001361,3.18792623218747
1961.320126319497,21,4,utility,0,1,2178.652934702809,0,0,0,TXN008461,0.8998313883338123
708.737442260807,12,1,utility,0,3,1430.4584113313178,0,0,0,TXN001526,0.49511563636812245
1534.3272106972242,19,6,transport,0,2,2728.1622358697527,0,0,0,TXN001327,0.5621971425997883
2452.314235281261,16,4,food,1,3,1725.3974086736596,0,0,0,TXN008507,1.42048072069646
3952.005151470638,18,2,grocery,0,2,509.39900647343984,0,0,0,TXN009031,7.742971873665456
354.73303256451516,17,4,grocery,0,2,1005.9781140793816,0,0,0,TXN001551,0.3522748186923862
441.3337066764434,18,5,grocery,0,3,998.1595603737186,0,0,0,TXN007769,0.441704933005265
17431.859118805492,4,5,food,0,12,493.16437333069786,1,0,1,TXN009908,35.27542667900906
284.3910790382779,18,0,grocery,1,2,295.8707875773632,0,0,0,TXN001337,0.9579624905470594
535.7168230721394,13,6,grocery,0,1,848.7259756874234,0,0,0,TXN003901,0.6304583340985281
418.99490997177026,16,3,transport,0,5,1008.9644070328987,0,0,0,TXN003010,0.4148610654534896
531.374864120414,16,6,transport,0,3,651.1443590831486,0,0,0,TXN005041,0.8148117157180893
2372.8581685361764,12,5,transport,0,4,1552.4599723747801,0,0,0,TXN008825,1.5274665654299282
675.4447990443708,9,3,utility,0,5,1578.130654436541,0,0,0,TXN002250,0.42773205443559725
197.05885153014015,8,6,utility,0,4,1484.221213465879,0,0,0,TXN006533,0.13267979863436508
526.6881507508858,21,1,shopping,1,4,1583.7494289744293,0,0,0,TXN005039,0.3323479037892647
1434.272848089382,18,1,food,0,1,621.0170618420044,0,0,0,TXN002346,2.305841649812646
4443.054988363384,18,6,utility,0,2,389.1518506494978,0,0,0,TXN009282,11.388014643444324
163.59171213576133,22,4,transport,0,2,459.37740828050954,0,0,0,TXN005485,0.3553426149792397
1238.2799757463486,20,1,grocery,0,4,2130.7556498392223,0,0,0,TXN002784,0.5808733171832992
1397.2917611465389,12,2,food,0,5,1246.4258968419692,0,0,0,TXN005119,1.1201400938396227
971.3543440089442,22,0,grocery,0,1,4677.932921763203,0,0,0,TXN007550,0.20760168189008793
1075.2615848143857,18,4,transport,0,5,2179.9191641591788,0,0,0,TXN005555,0.49303137983517925
1140.6525101802433,18,0,transport,0,4,1365.292300148238,0,0,0,TXN005599,0.8348524763379597
686.8227668656525,15,6,shopping,0,4,1005.665009070323,0,0,0,TXN007630,0.682275395168397
3306.746365276763,21,5,grocery,0,4,1008.9775436194499,0,0,0,TXN000150,3.274079098260341
1392.3356299365576,15,1,transport,0,3,856.9239281571544,0,0,0,TXN002804,1.6229126898550728
1069.7386934188846,14,4,transport,0,5,164.5839670965798,0,0,0,TXN005874,6.460400195599496
1648.6132135127946,9,1,transport,0,4,782.5479004873073,0,0,0,TXN002086,2.1040362848110274
988.7209176032349,21,4,grocery,0,1,3454.292335201145,0,0,0,TXN003751,0.2861468210751777
2623.0425340391635,20,1,utility,0,1,1327.2338798289454,0,0,0,TXN005612,1.9748348343418014
631.9964392035399,14,2,grocery,0,3,585.4930652394853,0,0,0,TXN002259,1.0775855277086253
2404.5705123768234,21,6,transport,1,3,395.21874887463775,0,0,0,TXN004017,6.06879537933633
533.639983511305,16,2,grocery,0,1,946.0937448509046,0,0,0,TXN006113,0.5634500136998717
2084.0014359188067,20,6,shopping,0,2,1604.672950347586,0,0,0,TXN006058,1.2978990743212526
1148.9886119925093,12,6,food,0,1,730.1487382167037,0,1,0,TXN002424,1.571484093366462
771.4915793958033,19,2,food,0,3,3483.9491720289425,0,0,0,TXN008034,0.22137814393047225
1156.7669403714133,13,4,transport,1,3,1295.8216180566062,0,0,0,TXN003856,0.8920015862358337
606.2528704739611,8,1,food,0,3,3006.545226739273,0,0,0,TXN000859,0.20157730799322002
677.1384219019512,20,3,grocery,0,4,430.15062295628655,0,0,0,TXN008170,1.5705379648044828
620.1272263731335,20,2,utility,0,2,2631.7091500691167,0,0,0,TXN007591,0.2355471839176968
98.24350896768216,10,6,transport,0,1,249.82899325520123,0,0,0,TXN008097,0.391675251304486
247.02934475888642,11,6,shopping,1,3,4165.1642023612185,0,0,0,TXN007320,0.05929419311386716
145.48512185015568,21,0,shopping,0,4,3293.1291262673303,0,0,0,TXN008563,0.044164972371623125
740.4062211775456,17,3,utility,0,3,1282.3962002299995,0,0,0,TXN004739,0.5769116513239296
2286.862281536248,19,5,transport,0,2,2093.416451869007,0,0,0,TXN008594,1.0918851785639418
329.4183396857053,22,4,grocery,0,3,639.2337321162365,0,0,0,TXN004462,0.5145282467339574
609.7377910269496,14,4,transport,0,4,1235.2794344061974,0,0,0,TXN005528,0.4932038615685744
1757.0495034307248,18,5,transport,0,1,795.3271864235471,0,1,0,TXN001364,2.2064416905342132
806.6998444133751,20,1,food,0,2,606.7798854996596,0,0,0,TXN001779,1.3272894738037968
219.1661684187204,16,6,grocery,0,4,2719.607704408893,0,0,0,TXN009221,0.08055779892983089
2011.8199216652695,13,5,transport,0,1,660.2111564938117,1,0,0,TXN004785,3.042628518752312
327.7414966142064,11,1,transport,0,3,2918.2168364849717,0,0,0,TXN006334,0.11227035022476778
689.6233441444068,17,2,grocery,0,1,684.4864921889346,0,0,0,TXN001818,1.006034913893434
1299.6193236215079,11,1,grocery,0,1,771.7523420392008,0,0,0,TXN007799,1.6818057389408465
886.4990758728278,16,0,transport,0,2,481.61734543210605,0,0,0,TXN004937,1.8368570551046208
1095.966079510965,19,6,grocery,0,1,926.1916053127775,0,0,0,TXN002704,1.1820276124493745
2824.0885677511096,18,1,food,1,5,5581.2729617228715,0,0,0,TXN005285,0.5059029873880448
521.9194273485167,10,2,transport,0,2,1364.2117378806079,0,0,0,TXN000175,0.3822992528314756
797.1094282289041,10,4,transport,0,5,2107.913208070237,0,0,0,TXN007481,0.3779716610330777
3416.785836701755,15,1,grocery,0,5,699.9591462511321,0,1,0,TXN002093,4.874443617684997
1108.993529941569,17,1,food,0,3,870.8420363102799,0,0,0,TXN008750,1.272011997305082
2389.344424623205,17,1,utility,0,3,1141.7293223259892,0,0,0,TXN003491,2.0909102251439307
1468.7233633239607,18,4,transport,0,5,724.9691517449129,0,0,0,TXN001920,2.0231208995503334
1066.1210152836975,12,0,food,0,2,553.5974536967151,0,0,0,TXN000082,1.9223330510758387
908.9344473223421,16,4,grocery,0,1,624.5890602512779,0,0,0,TXN000816,1.4529257384348344
2223.630036234101,18,6,transport,0,2,1062.0969135575324,0,0,0,TXN008601,2.0916531765603357
1697.2553937481255,10,4,transport,0,2,3118.4669201514102,0,0,0,TXN007354,0.5440850751723135
787.4191439833827,12,6,transport,1,2,550.4398600473711,0,0,0,TXN004396,1.4279329461525323
915.4810905425096,14,3,food,0,3,474.7924862462757,0,0,0,TXN009181,1.9241184276891796
406.4012550806153,20,4,transport,0,1,361.2985815764131,0,0,0,TXN005568,1.1217301853965453
14866.403734296366,9,0,grocery,0,5,894.8997191033766,0,0,0,TXN000283,16.59382564510097
800.7559425584432,12,6,utility,0,2,2479.042314876117,0,0,0,TXN004120,0.3228799515860045
332.2345993452094,13,4,shopping,1,2,5515.758111492923,0,0,0,TXN007480,0.06022279618406206
1660.3512611683,18,4,utility,0,3,2055.058018804337,0,0,0,TXN000609,0.8075410547674365
902.651285006823,17,4,grocery,0,2,3954.461277351181,0,0,0,TXN002915,0.2282037976646035
1006.0458256845628,8,6,transport,0,5,1316.3894765425487,0,0,0,TXN001813,0.7636662077527001
5263.3289484046645,20,2,food,0,3,1636.573795028969,0,0,0,TXN001271,3.2141018404068658
3055.730015483693,11,0,transport,1,4,368.3593272842133,0,0,0,TXN005924,8.273054962362927
26831.495553753804,4,0,transport,0,8,457.820496674878,1,1,1,TXN009595,58.4792871029184
541.4465952098112,9,2,shopping,0,2,2506.7879672054614,0,0,0,TXN002994,0.2159060503879716
4972.477143743972,14,5,shopping,0,2,1195.26659207474,0,0,0,TXN007109,4.156663052104445
982.7405524574682,9,0,transport,1,2,1036.9935371583915,0,0,0,TXN008613,0.9467694328307826
928.1193480283323,22,4,utility,0,1,4912.881279353449,0,0,0,TXN007356,0.1888770394042672
592.9178742897341,19,5,shopping,0,3,805.2660534155328,0,0,0,TXN002642,0.7353873721682742
428.7812389274021,8,6,food,1,2,589.5159325501783,0,0,0,TXN006553,0.7261129044828388
758.9544161785489,16,0,transport,1,4,1238.4254850825132,0,0,0,TXN004508,0.6123437232114219
295.43712343842213,13,4,grocery,0,3,1074.2062770379212,0,0,0,TXN002305,0.27477250621370997
10254.043911960154,15,3,food,0,2,973.8813452614588,0,0,0,TXN006502,10.518248155841022
7338.074922466982,9,4,shopping,0,4,973.012478784806,0,1,0,TXN006260,7.533861302908649
397.97697730562584,10,5,transport,0,1,432.3929318082639,0,0,0,TXN004195,0.9182821132895026
1744.9260747927995,11,3,utility,0,1,5254.777595617377,0,0,0,TXN005562,0.33200150559031205
747.3862038555483,22,2,grocery,0,3,551.8700794961401,0,1,0,TXN004840,1.351829718361104
424.04834499562435,10,0,grocery,0,5,408.4295706480438,0,0,0,TXN004655,1.0357052235490514
677.3144796735851,21,2,shopping,0,4,685.4559998666493,0,0,0,TXN008147,0.9866830209149019
994.665112192912,12,0,food,0,4,715.0993714860775,0,0,0,TXN004168,1.3890043083388608
1410.9718199051974,9,2,grocery,0,1,1892.3022271769364,0,0,0,TXN003849,0.7452438388608819
9559.287796775205,3,3,utility,1,9,473.1133317453539,1,0,1,TXN009847,20.16245306071565
1264.7394260978263,21,3,transport,0,5,519.783956555977,0,0,0,TXN008401,2.4285299310327053
1366.6656054005098,9,6,food,0,4,3168.3361074707927,0,0,0,TXN005253,0.43121510595830814
2665.527682642356,9,4,grocery,1,1,2696.0335049233395,0,0,0,TXN007884,0.9883183422736608
3775.1861746668915,19,6,utility,0,4,3539.607212715035,0,0,0,TXN005533,1.0662538790265794
2109.8837582183232,15,3,transport,0,5,358.0223313140653,0,0,0,TXN002414,5.876747974132675
2506.0249984839725,10,0,grocery,1,2,2101.326108277838,0,0,0,TXN003554,1.1920248664641435
3207.0860356836847,13,6,transport,0,3,2420.2833436232286,0,0,0,TXN004691,1.3245397504302716
991.5844587965936,11,1,transport,0,3,341.4261624956441,0,0,0,TXN004498,2.8957613856657556
494.23609651572895,14,5,transport,0,5,1341.1870552986807,0,0,0,TXN002195,0.36823190520619736
513.801076835648,17,3,grocery,0,1,647.7874628235077,0,0,0,TXN005045,0.7919405140777503
4472.253044872692,17,4,food,1,3,288.31646837291663,0,0,0,TXN002600,15.457996808906667
902.806744114386,11,3,utility,1,4,2130.6811533326495,0,0,0,TXN001518,0.4235186592999365
243.00395060982297,16,0,grocery,0,1,1023.3715690415278,0,0,0,TXN004764,0.23722246688005416
2091.419035580811,22,6,grocery,0,3,746.9378113990608,0,0,0,TXN004314,2.7962472330001487
1309.8894794319035,12,4,transport,0,2,1663.391399693449,0,0,0,TXN003366,0.787008079754054
567.3295259835971,19,4,utility,0,4,2278.2010984405415,0,0,0,TXN006065,0.24891595847850864
1548.0865641694238,19,4,grocery,0,3,1230.376224154571,0,0,0,TXN006582,1.2572003046691091
834.1159234205719,10,1,grocery,0,1,1313.1108025283756,0,0,0,TXN002633,0.6347378941073432
708.896693800809,12,0,grocery,0,4,1369.9564706590772,0,0,0,TXN007337,0.517081839556884
1094.973561326666,10,6,utility,0,5,564.0720470408493,0,0,0,TXN005633,1.9377592062123539
1194.4931717587333,12,2,grocery,0,4,1274.51326248543,0,0,0,TXN009168,0.9364804011768383
6025.32774685278,18,5,utility,0,4,1181.0016916176544,0,0,0,TXN008789,5.097562710427838
1164.3401073754221,22,2,transport,0,2,3891.694392517427,0,0,0,TXN002434,0.2991090463236794
964.3448565170805,14,6,food,0,2,1886.4237687857842,0,0,0,TXN008277,0.5109318174675007
3032.2662128205247,22,2,transport,0,5,429.68285149999383,0,0,0,TXN006758,7.04060122723639
685.427085751773,19,1,transport,0,2,802.8063298504345,0,0,0,TXN006611,0.8527266585214768
604.0610753235535,20,5,transport,0,4,1399.240236980497,0,0,0,TXN004520,0.431398169664201
681.7592449963569,15,0,utility,0,4,790.5720796154802,0,0,0,TXN005587,0.8612724760675404
2590.0028491721687,10,4,grocery,0,1,1676.7395151880348,0,0,0,TXN003545,1.54374551336826
4095.0770798057124,21,2,transport,0,4,1040.7783942863737,0,0,0,TXN005965,3.9308523792249237
876.6085799415772,14,5,transport,0,5,382.07197286333746,0,0,0,TXN005992,2.288365221264337
991.6863666282596,20,4,utility,0,1,5558.410804053788,0,1,0,TXN008805,0.17837976029854566
618.5722203014561,10,3,utility,0,2,1665.4436848225184,0,0,0,TXN005531,0.37119299375984377
335.0057415927837,9,4,grocery,0,3,552.4450936651032,0,0,0,TXN005444,0.6053098047617711
523.0974352860768,20,6,food,0,1,2366.5972832222656,0,0,0,TXN000517,0.22094020760749852
1174.976587369851,22,2,shopping,0,2,471.0479389383637,0,0,0,TXN006110,2.4891043693832757
307.9929560278037,15,5,transport,0,4,642.7366679409532,0,0,0,TXN006864,0.47844556845417163
233.1631286998591,21,2,grocery,0,2,1239.3152388461847,0,0,0,TXN007960,0.18798699024028873
1691.8239058475992,22,5,utility,0,4,5460.978607965198,0,0,0,TXN001415,0.3097456118521618
5210.077240878249,20,3,grocery,1,3,759.1608040445725,0,0,0,TXN004664,6.85391461011551
4380.293865912839,18,4,transport,0,3,694.1784498835924,0,0,0,TXN004456,6.300963251444745
2683.641880257842,8,1,grocery,0,1,1596.3120702539354,0,0,0,TXN002761,1.6800986671510003
1933.7529074854165,10,5,grocery,0,4,623.7091092403417,0,0,0,TXN004855,3.0954453502957517
1793.6240963144235,20,0,transport,0,2,1084.6253190204004,1,0,0,TXN000127,1.6521575767345555
416.40741198830966,20,2,shopping,0,4,583.5192632144154,0,0,0,TXN003474,0.7123929666549956
455.0130894619335,21,2,food,0,3,1603.0431498518813,0,0,0,TXN007969,0.2836663649004391
487.9751744889188,12,2,food,0,3,1631.0526004440408,0,0,0,TXN004310,0.2989947593332182
310.14411083887035,16,2,transport,0,5,622.0822345775608,1,0,0,TXN002438,0.49775790999584957
4299.331331149635,12,6,food,0,4,3535.7093309176703,0,0,0,TXN003765,1.2156303865757854
613.7851799543663,10,0,utility,0,4,903.1723847074802,0,1,0,TXN006876,0.678836458993314
1454.5469609201298,21,2,grocery,0,3,841.1174011759597,0,0,0,TXN005896,1.7272496196954887
140.7826999961661,14,0,transport,0,5,379.5936717351182,0,0,0,TXN005840,0.3699028923795313
701.7670428670945,11,1,grocery,0,5,5542.0660511049755,0,0,0,TXN008842,0.12660268457872725
5691.653138716148,3,3,shopping,0,13,236.74035492702563,1,1,1,TXN009770,23.940626909820168
4140.808806158107,14,0,grocery,0,3,2199.5944550787613,0,0,0,TXN001473,1.881677378856207
2498.2776401295496,12,4,shopping,0,4,1606.701398958012,0,0,0,TXN004821,1.5539438117978501
470.6134080920697,10,6,food,0,5,877.2938461438771,0,0,0,TXN006915,0.5358268308018823
336.56753484451684,12,6,transport,0,1,1793.0836753884078,0,0,0,TXN003560,0.187598571606005
466.1336110678756,20,2,food,0,2,1759.1087905473987,0,0,0,TXN003951,0.26483227262498177
5882.560364289439,10,3,grocery,0,1,2119.2834023809864,0,0,0,TXN000049,2.774421738944699
2255.1892058065023,20,6,transport,0,3,2691.869878602386,0,0,0,TXN005437,0.8374668318459404
5000.0,5,3,food,0,15,236.82699248311212,0,1,1,TXN009897,21.023685948326683
1588.1740948710087,11,5,transport,0,1,1503.6224774685354,0,0,0,TXN000887,1.0555299542932826
1710.5872217399083,13,1,shopping,0,4,5615.5436439675805,0,0,0,TXN002616,0.30456225931354697
526.9332930576974,13,2,grocery,0,2,656.3662620795569,0,0,0,TXN000516,0.801582501953722
1171.2006397889074,19,1,transport,0,2,1435.5352581825452,0,0,0,TXN003168,0.8152954360971759
875.0467980278846,21,0,transport,0,4,1632.7630739961282,0,0,0,TXN002949,0.5356020171808329
358.33794292525454,22,4,grocery,0,1,488.46177599855173,0,0,0,TXN001424,0.7321060816122132
176.19549033429098,22,0,food,0,5,672.1613027290998,0,0,0,TXN000139,0.26174334386122206
2614.42204900104,19,6,food,0,4,2487.671788912226,0,0,0,TXN001924,1.0505290656040176
361.60210308464633,14,0,food,1,5,2259.968776334095,0,0,0,TXN002378,0.15993237362213522
9402.268735123198,21,3,grocery,0,3,4214.475320839098,0,0,0,TXN003197,2.2304172173997356
989.5324298797645,15,6,transport,0,2,505.313439845258,0,0,0,TXN005131,1.9543870496153337
488.99361995024054,21,3,food,0,5,564.0599554459438,0,0,0,TXN000112,0.8653836026379326
1456.698550802463,22,0,grocery,0,5,1074.9465969396329,0,0,0,TXN004559,1.353876256447877
1377.7228257992488,17,5,grocery,0,2,928.4662452120089,0,0,0,TXN004595,1.4822731141624124
1583.1398565692318,14,5,utility,0,1,243.76008312842845,0,0,0,TXN007997,6.468129264928138
1518.5103681086352,15,4,shopping,0,1,453.20991840480656,0,0,0,TXN003250,3.3431906846985444
1725.0988920934553,13,6,food,1,1,1832.507183148816,0,0,0,TXN004690,0.9408738116481316
2097.230151685079,12,1,grocery,1,4,984.6529465371939,0,0,0,TXN008115,2.127757197960083
4543.728844127808,13,0,utility,0,4,794.278162387562,0,1,0,TXN007767,5.7133831394121914
2111.3398345610494,8,2,shopping,0,2,883.2370643248511,0,0,0,TXN004546,2.3877531487250407
410.1611931762824,17,4,grocery,0,5,496.7936241253277,0,0,0,TXN007084,0.8239583098256348
806.3671017023624,15,0,transport,0,2,1420.347725362604,0,0,0,TXN003277,0.5673257059574551
201.53452744148964,16,6,grocery,0,3,1481.2804388888185,0,0,0,TXN007542,0.13596248196634683
735.2255452347047,20,6,utility,0,4,2838.1428915389565,0,0,0,TXN006593,0.25896038816002526
1938.9005720581106,18,5,food,0,3,798.2010650051491,0,0,0,TXN004068,2.4260485339138262
550.2344692437209,13,3,utility,0,3,228.41651436275714,0,0,0,TXN004408,2.3984082870934094
4199.736080928884,16,0,transport,0,3,2891.558051387794,0,0,0,TXN008644,1.4519107331014258
200.45113080256954,15,0,food,0,1,258.73139416675536,0,0,0,TXN008588,0.7717631957647518
1997.4839463260105,18,3,transport,0,2,1044.5775325534676,0,0,0,TXN007384,1.910412077665666
1125.7279242635886,9,4,transport,0,3,591.0876268169485,0,0,0,TXN003222,1.9012860145642292
5384.1530130730835,10,1,utility,0,1,2153.1535725197805,0,0,0,TXN008210,2.4994285838103325
2915.720599591245,16,4,utility,0,1,802.9271142936292,0,0,0,TXN000451,3.626846946384118
608.4042902243364,22,2,shopping,0,2,1703.5725274130414,0,1,0,TXN003731,0.3569248479838439
549.3784576504676,16,5,shopping,0,4,509.6099913595516,0,0,0,TXN008953,1.075925788658563
1470.2051462720656,18,2,grocery,0,2,747.0735694436886,0,0,0,TXN004986,1.9653216024800828
11609.909261333401,8,4,grocery,0,4,3399.8633262359663,0,0,0,TXN003663,3.413812361046307
937.8506562146686,14,4,transport,0,3,869.9796972267737,0,0,0,TXN002763,1.0767767138554596
1695.8640089171129,17,0,food,0,5,762.1814539687597,0,0,0,TXN000658,2.2220980346130528
734.4593607812477,9,5,transport,0,3,876.6637244145363,0,0,0,TXN007678,0.8368345874966907
1243.7966813167527,19,1,food,0,4,1127.2132962543726,0,0,0,TXN007676,1.10244816777653
2822.8359218623236,20,2,transport,0,3,670.7101539277585,0,0,0,TXN004620,4.202461292800281
3178.5191853713227,14,1,grocery,0,1,2981.50538950306,0,0,0,TXN000999,1.0657211874815495
838.7065307876398,20,3,utility,1,1,2704.418886307976,0,0,0,TXN000389,0.3100098602224972
1535.484779710055,22,6,grocery,0,4,4146.452788585993,0,0,0,TXN003407,0.37022357046131765
1490.7568712531966,20,5,grocery,0,1,1476.5734353764462,0,0,0,TXN001476,1.0089223557767817
485.8241578967575,19,3,food,0,3,613.9627280164096,0,0,0,TXN002240,0.7900058585075644
953.1043695026764,13,5,food,0,1,326.4266202646044,0,0,0,TXN002386,2.9108945654218363
1900.1152353280645,17,1,food,0,5,919.6265747701092,0,0,0,TXN009139,2.063936983138407
979.3034028943637,12,2,grocery,0,5,1166.3375919162334,0,0,0,TXN000992,0.838920471400905
2311.9729227227476,12,5,food,0,5,1953.204187353595,0,0,0,TXN004997,1.183076434737174
869.6853620098414,19,2,transport,1,4,1084.589661725728,0,1,0,TXN003922,0.8011179478508754
667.119579417905,19,1,utility,0,4,569.3881424964236,0,0,0,TXN002972,1.16958879351544
474.4598214123403,11,3,shopping,0,4,1570.0714584911286,0,0,0,TXN003386,0.3019976073322698
2633.4387395731633,20,6,utility,0,2,1253.8123902402235,0,0,0,TXN007885,2.0986712914661396
148.85200590424336,20,5,food,1,3,1909.634175034238,0,1,0,TXN008812,0.07790711997579336
506.4183520239074,13,3,transport,1,2,1238.156262098379,0,0,0,TXN004769,0.40867997645941917
832.2726072534346,18,4,food,0,2,890.5988187707326,0,0,0,TXN001293,0.9334608679730056
258.39304405509205,17,2,grocery,0,3,4139.860457838993,0,0,0,TXN001824,0.062400809369447
623.0645017260676,14,4,utility,0,1,673.9830654715192,0,0,0,TXN002873,0.9230816795245328
9000.96109845889,15,6,transport,1,2,5343.009359596746,0,0,0,TXN004173,1.68430863286102
668.3318970348846,20,4,grocery,0,4,557.2373547615697,0,0,0,TXN002535,1.1972181569976408
3324.9435735555776,15,4,grocery,1,1,460.74904776757376,0,0,0,TXN009132,7.200758917924662
715.8200060574551,13,5,transport,1,1,1210.7567740599297,0,0,0,TXN001907,0.5907291144402984
2428.242719129406,8,2,transport,0,4,598.3807180304073,0,0,0,TXN000042,4.0512526447442685
3912.447058653794,8,6,transport,0,4,1753.5640112674187,0,0,0,TXN009491,2.229868522053873
345.34648112499275,10,1,utility,0,3,367.68459978773643,0,0,0,TXN000368,0.9366989598258778
1922.6748178859154,20,4,food,0,5,749.4233817269499,0,0,0,TXN001151,2.562120084080086
1774.272734249798,9,0,grocery,0,5,3535.3551907382007,0,0,0,TXN007752,0.5017235652393348
1227.379492613349,22,1,shopping,0,4,997.915816755116,0,0,0,TXN006358,1.2287116411875183
1933.9706053059226,18,0,grocery,0,3,168.10426298604494,0,0,0,TXN005912,11.436557370913354
289.4186439007341,21,1,food,0,4,1977.251062752524,0,0,0,TXN006507,0.14630025953229572
314.7243568533086,17,4,shopping,0,3,4189.2732070374195,0,0,0,TXN007525,0.07510831425615397
454.03827516318006,15,1,grocery,0,3,2695.79045833993,0,0,0,TXN004160,0.16836245981182887
3333.011318331644,16,6,grocery,0,2,844.2895294388832,0,0,0,TXN004287,3.9430410554643336
58.19497764311159,8,1,transport,0,4,2317.3945405446675,0,1,0,TXN007775,0.025101412475479548
2243.088675287624,20,4,food,1,4,718.3718204571711,0,0,0,TXN006714,3.118121410235543
474.13845756864777,17,3,grocery,0,1,671.2014854813829,0,0,0,TXN000174,0.7053516955992793
891.3025249273126,8,5,shopping,0,4,1973.8326474568305,0,0,0,TXN001903,0.4513306613981306
1549.0764314461949,13,0,grocery,1,5,2346.516515576538,0,0,0,TXN001099,0.6598788213704003
506.0244930661221,14,1,grocery,1,2,923.120477255537,0,0,0,TXN008114,0.5475741589115297
637.1327633861183,11,3,utility,1,3,2145.741181665295,0,0,0,TXN003408,0.2967906745478625
2378.0183031091706,10,3,transport,0,1,1340.432705486205,0,0,0,TXN001538,1.772745135394066
1313.3088237592744,11,0,grocery,1,1,715.1671046867617,0,0,0,TXN002292,1.8338022162211591
9329.813425087556,11,4,utility,0,4,371.19303221917284,1,0,0,TXN009300,25.06713618323064
209.1091605440158,17,0,transport,0,4,1992.5851622244215,0,0,0,TXN001363,0.10489100967760713
3652.666699036721,15,2,grocery,0,5,2057.6436777066097,0,0,0,TXN007188,1.7743073940342609
280.59067069615526,18,4,transport,0,1,829.1485111259436,0,1,0,TXN006627,0.3380005709045791
3498.475259439478,11,3,food,0,3,2353.5654885808917,0,0,0,TXN005260,1.4858262708793997
945.3645298026066,9,0,grocery,0,4,2505.5787728315427,0,0,0,TXN006815,0.37715332949009256
1723.3155654241252,8,5,transport,0,3,934.7327171960318,0,0,0,TXN009461,1.8416750144080922
42.88345875059524,20,6,shopping,0,2,1146.0104308584132,0,0,0,TXN000680,0.03738715673099992
697.8916503540414,9,3,grocery,1,5,1184.4209786221595,0,0,0,TXN009315,0.5887289519417954
2232.876855020301,22,2,transport,0,5,1489.0506138499359,0,0,0,TXN009298,1.4985241670758276
10604.053489367605,16,4,shopping,0,1,461.25011878071825,0,0,0,TXN003664,22.940077370532695
990.2859302596789,15,5,utility,0,1,404.9846101432334,0,0,0,TXN001661,2.4392203682555875
802.044046313215,22,3,grocery,0,5,648.6106818744174,0,0,0,TXN000508,1.2346534142556878
391.62461272010785,12,3,transport,0,4,1000.2864233202664,0,0,0,TXN000166,0.3911214649465439
647.187895231047,21,0,transport,0,1,534.1161192519984,0,0,0,TXN005497,1.2094344983210485
4798.769810484212,20,3,grocery,0,2,1263.0759849831886,0,0,0,TXN008299,3.7962668917786875
3128.1716255876745,18,3,grocery,0,5,1703.813194047746,0,0,0,TXN001006,1.834905804641529
5000.0,5,4,utility,1,10,240.12230510872135,0,1,1,TXN009739,20.73636446759048
322.3418816805449,14,2,transport,0,2,329.3837838275287,0,0,0,TXN001914,0.9756589077895482
295.1581486068911,17,6,shopping,0,1,2766.2782254357567,0,0,0,TXN003494,0.1066600914551746
35566.37416145166,1,2,shopping,1,8,505.2644750003229,1,0,1,TXN009633,70.2525575420416
12660.622253122065,4,1,utility,1,19,496.0863657911697,1,0,1,TXN009750,25.469663069457233
461.0144768156944,16,1,food,0,5,478.5157514506513,0,0,0,TXN006444,0.9614167530910381
2209.663227773607,22,6,grocery,0,4,1213.8370657294954,0,0,0,TXN004990,1.818896780570924
808.883683779679,19,6,utility,0,4,1802.9747753247975,0,0,0,TXN002536,0.44838968639904797
2024.8796479456119,22,1,transport,0,5,2640.077828794896,0,0,0,TXN001104,0.7666868525678961
204.10266116885884,14,2,food,1,3,1783.5228355893732,0,0,0,TXN003875,0.11437380183563187
350.2279428446804,18,3,utility,1,4,1105.939208026469,0,0,0,TXN007523,0.31639311382699326
709.7134180748818,8,3,grocery,0,3,248.59332981935268,0,0,0,TXN001752,2.843479104944626
4580.299456682691,13,4,grocery,0,5,605.0024503205232,0,0,0,TXN005310,7.55821936736412
2986.5388288401173,10,0,grocery,0,3,1984.1731815893675,0,0,0,TXN007296,1.5044223126412766
3914.4432263381505,19,2,transport,0,2,829.5647856024996,0,0,0,TXN002916,4.712989635719477
417.94189308566484,14,6,utility,0,1,889.4020971397193,0,0,0,TXN008974,0.4693855668447315
881.8739163080276,21,5,transport,1,1,796.5694452096087,0,0,0,TXN005754,1.105701731184377
1029.2752038777305,10,0,food,0,1,431.1387612386256,0,0,0,TXN000152,2.3818164353680094
380.36905970143283,9,3,shopping,0,3,294.4576471073864,0,0,0,TXN007690,1.287389456408907
1386.05992341105,10,5,food,0,2,747.394716418466,0,0,0,TXN005679,1.8520439722559887
5017.264260039448,12,4,utility,0,1,1072.3008215911007,0,0,0,TXN003907,4.674611403540781
477.76421471891337,16,6,transport,0,4,475.62718489550133,0,0,0,TXN009135,1.0023855748464312
560.587395390909,20,0,grocery,0,2,493.5401878201766,0,0,0,TXN002552,1.133552761125145
2806.618008410406,14,4,transport,0,5,3060.0165573967274,0,0,0,TXN002773,0.9168908288419462
4301.618975255164,10,6,utility,0,4,765.2075339555254,0,0,0,TXN006098,5.614169509725614
205.94218502655684,10,5,transport,0,1,4235.567634940702,0,0,0,TXN003551,0.0486106213265823
1016.0947160585944,22,5,utility,0,2,2596.118759693907,0,0,0,TXN003722,0.3912392193333315
57152.38843000384,0,3,food,1,8,411.48674970574257,0,0,1,TXN009870,138.55569535451716
100.97634700109414,16,4,shopping,0,2,536.642464342048,0,0,0,TXN000520,0.18781319128998897
250.73265541373237,9,5,grocery,0,4,3355.240775907223,0,0,0,TXN008033,0.07470639687522329
6215.259725172843,9,0,grocery,0,4,333.71281542604214,0,0,0,TXN004538,18.56893264532371
2292.797721858155,22,6,food,0,1,664.9606169303196,0,0,0,TXN006778,3.442842810174845
1208.0405169318644,17,5,grocery,0,5,1032.2135904231475,0,0,0,TXN001822,1.1692069559761766
598.250734128942,9,6,transport,1,4,1068.3694613117527,0,0,0,TXN004086,0.5594425086677637
293.5089005037698,17,2,food,0,1,2248.5054865591073,0,0,0,TXN006148,0.1304770769653589
954.7336266523735,14,3,grocery,0,4,231.03976040516307,0,0,0,TXN008742,4.1145259975502455
1516.013189447077,21,3,shopping,0,4,694.5341685403537,0,1,0,TXN009472,2.1796386978781768
2951.6652656406827,10,1,grocery,0,5,523.1419386702318,0,0,0,TXN007741,5.631423566542244
160.32904391288065,12,2,transport,0,2,305.5372029961615,0,0,0,TXN000309,0.5230329054541817
1312.1594856423458,16,3,grocery,0,4,923.5579856838315,0,0,0,TXN007720,1.419228978560855
383.87841860720886,9,3,food,0,3,550.0487611826215,0,0,0,TXN008222,0.6966323956220433
557.7712386312784,16,2,utility,0,1,2403.1340006480923,0,0,0,TXN008656,0.2320050539948762
899.0430017316387,17,4,utility,0,2,805.2338472355268,1,0,0,TXN003599,1.1151144358604426
2116.0810488832585,11,0,shopping,0,3,593.15430416079,0,0,0,TXN003622,3.561500832468268
374.9934921815849,14,1,food,0,4,7579.690015130817,0,0,0,TXN003811,0.04946693393782225
548.4208657998412,14,3,transport,0,1,410.75603612225797,0,0,0,TXN003450,1.3319072889972277
295.7025988705793,11,3,food,0,1,323.1644705595319,0,0,0,TXN004591,0.9121992868625446
812.6527880334326,8,6,grocery,0,3,693.6381746492714,0,0,0,TXN000205,1.169893647788286
77771.81536305949,1,3,shopping,0,19,301.8221699887951,1,1,1,TXN009840,256.82338702591414
341.12281853701677,9,0,food,0,2,1414.818375347596,0,0,0,TXN001135,0.2409368492998038
1303.6087834573295,16,0,shopping,0,2,2336.101592300872,0,0,0,TXN009384,0.5577886677035417
1103.3777662692255,17,5,food,0,5,3443.616104915792,0,0,0,TXN002749,0.3203195167945134
747.8643402996703,19,2,shopping,0,2,1726.4182425820616,0,0,0,TXN003613,0.4329376186173643
629.366587783482,22,5,utility,0,2,217.92138485127717,1,0,0,TXN000305,2.874852030609244
786.9267256529547,17,2,grocery,0,4,2127.387225515188,0,0,0,TXN001849,0.3697291151813198
165.32530433952525,13,3,utility,0,5,985.9540258354556,0,0,0,TXN007669,0.16751064387176245
678.4328905721969,14,6,food,0,2,2683.724269056121,0,0,0,TXN001988,0.25270114268036775
2898.4469656476576,14,0,transport,0,3,1156.9349394054352,0,0,0,TXN003240,2.5031172883823016
3250.2270125194905,22,2,utility,1,2,1181.6479604288606,0,0,0,TXN002798,2.7482624764692183
651.1533617204204,14,3,food,0,1,4573.094369860579,0,0,0,TXN004515,0.14235678345662728
1071.0363612105248,19,6,food,0,2,470.91211518750316,1,0,0,TXN005630,2.2695674188931845
136.66436416256428,8,5,grocery,0,4,986.8850509677825,0,0,0,TXN009372,0.13834035045745546
560.0817132123274,17,4,grocery,0,5,196.97722086716058,0,0,0,TXN003109,2.829020989178007
2149.4563013146476,20,6,food,1,5,1258.6753403068628,0,1,0,TXN004939,1.7063573704562875
359.2202908831071,22,6,food,0,2,947.4662009172753,0,0,0,TXN004059,0.37873810425263443
3623.4337737583087,15,4,utility,0,3,1457.1564716900584,0,0,0,TXN001987,2.4849416671714333
435.0043284730639,14,6,grocery,0,1,3255.215375649309,0,0,0,TXN007157,0.13359200123128262
523.6709037660029,21,2,shopping,0,3,2612.2320482913374,0,0,0,TXN008874,0.20039204100087676
671.8640268322716,8,3,grocery,0,5,1461.1517021612626,0,0,0,TXN006613,0.4595036382607657
1035.809689518304,21,3,grocery,0,4,771.7574652889349,0,0,0,TXN000383,1.340407224834785
941.3076777133872,10,2,utility,0,1,348.31891818738353,0,0,0,TXN005634,2.6946942427219067
1359.7171007577713,17,2,food,0,4,2249.1527151831065,0,0,0,TXN004307,0.6042776970571636
4088.0437750807823,8,0,utility,0,1,1245.2220457734463,0,0,0,TXN003388,3.2803494280536563
4600.871420295222,22,1,grocery,1,1,1172.9681915027822,0,0,0,TXN003156,3.9190767293325925
6716.325866470402,3,2,shopping,1,11,462.7466379763121,1,1,1,TXN009995,14.482748372643657
1196.0276768989092,11,4,transport,0,2,991.044784087074,0,0,0,TXN002727,1.2056186334365437
3063.136862216663,15,5,grocery,0,4,2175.9200752368356,0,0,0,TXN006333,1.407096611887973
82943.32546246056,1,4,utility,1,10,303.47429069879433,1,1,1,TXN009899,272.4148737553459
111.80089236340935,10,3,transport,0,1,2385.4565645056837,0,0,0,TXN008751,0.046848073426623255
2084.159642605246,18,4,grocery,0,4,849.4857352602767,0,0,0,TXN008302,2.450552144731063
2383.4244826265185,21,4,food,0,2,2172.1962335231506,0,0,0,TXN006037,1.0967368918924314
1821.8574251933924,20,4,food,0,5,1369.0687381012601,0,0,0,TXN003832,1.3297562191793775
896.2555852565121,20,0,grocery,0,4,2331.3108523228807,0,0,0,TXN008917,0.38427792948949335
883.9778949223529,8,3,food,0,3,6273.8697143832405,0,0,0,TXN004776,0.14087589625902527
262.141873006781,14,2,grocery,0,4,1500.3176964727934,0,0,0,TXN004276,0.17460786189535965
531.2001689416658,12,5,transport,0,4,2020.8185480137954,0,0,0,TXN000253,0.2627338489220553
573.3396912660016,20,2,grocery,0,5,536.9772841610359,0,0,0,TXN007895,1.0657321566283466
13815.373790058613,3,2,shopping,1,9,122.73049444005984,0,1,1,TXN009590,111.6569836124865
773.0171654701965,22,1,transport,0,2,2469.8435019215144,0,0,0,TXN007288,0.3128555753810551
873.2562325729057,18,0,utility,0,1,1510.3492047895597,0,0,0,TXN000278,0.5777991147284177
115.75819221069897,17,6,shopping,1,4,1364.5219812890448,0,0,0,TXN003252,0.084772119231229
702.1904659012861,12,1,grocery,0,2,302.20509546049294,0,0,0,TXN002480,2.3158926957834725
3387.298659500201,16,1,transport,0,5,673.1224575007435,0,0,0,TXN000289,5.024752731214959
597.4537975436673,19,5,transport,0,5,4286.730581519159,0,0,0,TXN006086,0.13934033078449326
1690.9807190619933,20,4,grocery,0,4,355.11060395461567,0,0,0,TXN003075,4.748470560223754
1129.5360891904263,17,1,grocery,0,5,677.1462578253793,0,0,0,TXN008123,1.6656231250357776
2172.993771485924,22,0,grocery,0,4,419.24883189474235,0,0,0,TXN007598,5.1707312586419825
492.8757490186043,21,1,grocery,0,4,1086.0220834913425,0,0,0,TXN006403,0.4534183403483079
1817.8122775489473,9,5,grocery,0,5,588.6163321146148,0,0,0,TXN005089,3.0830426135407407
1820.399747912049,17,5,utility,0,1,1651.0185046305514,0,0,0,TXN007283,1.1019245503664339
36426.95150827033,3,3,shopping,1,9,863.2868839397865,0,1,1,TXN009717,42.14682900453241
3251.133478145433,16,2,grocery,0,1,1321.9856993121693,0,0,0,TXN008402,2.457421482209311
1531.9174515928569,9,1,transport,0,4,1000.7455559316686,0,0,0,TXN006121,1.5292480635645092
597.7512265096394,11,5,food,0,3,953.223594148418,0,0,0,TXN007754,0.6264267936521662
2674.0351471355248,20,0,transport,0,3,1868.4590251434672,0,0,0,TXN000270,1.4303791156536914
5812.685323524828,11,4,food,1,4,559.2815874663164,0,0,0,TXN006009,10.374578521865635
2218.9501163453924,15,0,transport,1,4,498.7945088442932,0,1,0,TXN004570,4.439724881084453
1445.175215245051,17,3,grocery,0,3,817.166473434768,0,0,0,TXN009116,1.766358390582811
6884.543049188562,1,2,utility,1,18,799.4638798229826,0,0,1,TXN009803,8.60069170230521
1203.203745066869,10,2,transport,0,2,1422.3482704695205,0,0,0,TXN002971,0.8453333383192069
633.1136252490971,22,5,food,0,1,572.3098497721784,0,0,0,TXN006193,1.1043131833522197
815.1166756698697,13,3,food,0,2,5299.843119496826,0,0,0,TXN008768,0.15377113740110898
2043.4178845603624,16,5,food,0,5,423.7910123793946,0,0,0,TXN004207,4.810407529845099
4886.061786055151,18,2,grocery,0,4,796.0598190584077,0,0,0,TXN003218,6.130106761406204
1864.7218186785906,9,3,utility,1,2,905.170476901122,0,0,0,TXN001391,2.0578046473721767
4554.627086268862,21,1,food,1,5,2534.543778497151,0,0,0,TXN003975,1.7963117517018172
2670.0619457630833,18,1,utility,0,4,289.9263204460195,0,0,0,TXN004316,9.177794369617738
1877.060159074375,8,6,transport,0,5,2158.442128711075,0,1,0,TXN007959,0.8692338331820693
1340.5352985086733,15,6,shopping,1,3,1908.382171103175,0,0,0,TXN007344,0.7020780432521575
2331.077311234434,17,5,grocery,0,1,2659.4936466356457,0,1,0,TXN007448,0.8761822506820197
4291.219529653988,8,6,utility,1,5,421.3044325670687,0,0,0,TXN000083,10.161436155355705
95.51621132979936,14,0,shopping,0,3,1884.0695482966908,0,0,0,TXN000873,0.05066986065108622
30033.607999045737,3,6,shopping,1,9,1281.7126877604333,0,1,1,TXN009605,23.41413497007132
6505.822025984085,8,0,utility,0,5,1314.6640530698799,0,0,0,TXN007635,4.9448960855955955
5404.137852426249,18,6,food,0,2,636.8805985874659,1,0,0,TXN004557,8.472021040290718
3550.394693602266,16,6,utility,0,5,756.2798474917512,0,0,0,TXN004500,4.6883522720983795
2476.705273867668,11,5,transport,0,5,2546.2221556080335,0,0,0,TXN004647,0.9723161634782763
302.02202049892696,11,4,food,0,5,415.796250409459,0,1,0,TXN002038,0.7246274893361486
9414.11915982671,3,4,shopping,1,18,384.60207305039256,1,1,1,TXN009694,24.41407818519799
3423.030144300934,15,1,grocery,0,3,761.0297119777271,0,0,0,TXN006909,4.491990391578043
2611.8275331038067,12,3,grocery,0,2,1394.8736919757207,0,0,0,TXN002450,1.8711059232064355
12597.527521921686,11,5,utility,0,4,419.675079713934,0,0,0,TXN003954,29.945979995982203
570.6993907937104,8,2,transport,0,5,2596.3783992323592,0,0,0,TXN002329,0.21972131244426207
2506.5229614720924,13,5,shopping,0,4,75.0992703916872,0,0,0,TXN009124,32.93754261467789
3579.20124607028,21,1,food,0,5,479.1097712694961,0,1,0,TXN007044,7.454964385761681
793.3918580746443,10,5,food,1,2,1974.7013744883743,0,0,0,TXN005042,0.4015747867159835
594.7177643382715,12,0,grocery,0,5,1673.2610904418727,0,0,0,TXN009364,0.3552120799637726
1408.829087193163,10,4,transport,0,4,2346.941368003154,0,0,0,TXN004746,0.6000273713782408
779.988540935913,20,0,grocery,0,2,771.103356832399,0,0,0,TXN009367,1.0102126017634006
1089.414951645959,16,6,grocery,0,1,1743.4343839077821,0,0,0,TXN009402,0.6245089879537423
340.13325585105883,12,0,grocery,0,1,1585.4259708597565,0,0,0,TXN006491,0.21440222367686348
461.60092766518534,16,3,food,0,1,563.9720517336648,0,0,0,TXN006637,0.8170332076581905
10982.84494047393,22,0,shopping,0,2,1034.136008968653,0,0,0,TXN007225,10.610050124153805
1587.5156881296177,9,4,transport,1,5,1751.6908218879894,0,0,0,TXN002401,0.9057591152440418
935.2354244154484,20,3,transport,0,1,1550.3139512447012,0,0,0,TXN005520,0.6028666368049224
2088.7279015567174,9,0,utility,0,5,1165.5565350450236,0,0,0,TXN001216,1.7905072225891756
467.97186074578417,17,4,utility,0,5,811.2134293062932,0,0,0,TXN008695,0.5761685831093389
709.6746799676037,14,6,transport,0,3,1267.6386967615267,0,0,0,TXN006020,0.5593985756379661
3626.9005410740588,12,5,grocery,0,2,289.64173852694967,0,0,0,TXN006865,12.47893905209955
104.11718850403199,14,6,utility,1,1,1464.950180996459,0,0,0,TXN001064,0.07102368815375416
649.5603290110494,16,5,shopping,0,1,5714.181880114955,0,0,0,TXN003786,0.11365523313808941
1413.3012435971248,9,5,grocery,0,5,2699.6022636287953,0,0,0,TXN004410,0.5233281711384163
432.1767893872067,17,1,transport,1,4,963.5813016456256,0,0,0,TXN006859,0.4480459953452247
545.4036931206281,12,4,food,0,2,1418.234917416666,0,0,0,TXN006760,0.38429416189490906
11430.651780543036,14,5,utility,0,5,2318.3061380526474,0,0,0,TXN005523,4.928479079583915
262.6109157623581,15,4,transport,0,5,1382.2162715854524,0,0,0,TXN005996,0.1898552823278688
1546.8874687104105,15,6,grocery,0,4,752.8154698087675,0,0,0,TXN008833,2.0520771072830786
2772.89043036277,20,5,utility,1,1,1827.0359895495496,0,0,0,TXN005888,1.5168686208667281
1452.9457807463657,17,0,utility,0,4,680.2460289553615,0,0,0,TXN002161,2.132776880878626
1793.6430501183295,18,0,grocery,0,3,1602.4972528690064,0,0,0,TXN003008,1.118581928911391
3421.3030992855565,10,4,food,0,4,4142.998469760633,0,0,0,TXN001105,0.8256043346181976
1952.6064707176506,11,3,transport,1,5,950.834075874937,0,0,0,TXN006654,2.0514147583157203
1021.6386656003679,15,6,grocery,0,5,4531.791060942956,0,1,0,TXN000692,0.225388431071393
39017.549770336125,4,4,food,0,13,286.4051400136593,0,0,1,TXN009957,135.75800964618017
2630.00130555454,13,0,utility,0,5,421.5609515539207,0,0,0,TXN004956,6.223957267899469
2750.1436585080246,11,2,transport,1,5,1742.2233048838043,0,0,0,TXN006597,1.5776198326417723
147.97622014147817,8,2,grocery,0,4,1271.0958890508573,0,0,0,TXN008480,0.11632473732140346
1723.779215295243,10,1,food,0,2,571.860539315025,0,0,0,TXN004369,3.009073058787367
1637.1910102795941,22,2,utility,0,1,2528.6111758854167,0,0,0,TXN002765,0.6472105380806372
1926.911332784095,9,2,utility,0,3,1029.0067565216682,0,0,0,TXN003929,1.870775429950841
1990.81580398237,15,3,utility,0,2,1608.763604902179,0,0,0,TXN007134,1.236713140935589
247.1998044775563,22,6,grocery,0,5,3062.077794334688,0,1,0,TXN008735,0.08070307745195517
420.00544066889285,9,6,transport,0,3,4061.61403949587,0,0,0,TXN007530,0.10338305253358779
884.9201661295825,17,6,grocery,0,3,3406.4592227129187,0,0,0,TXN007528,0.25970088217960685
914.0080840805145,8,4,grocery,0,5,1387.3540228392728,0,0,0,TXN000628,0.6583393493622827
1376.6455786415872,22,3,utility,0,2,2857.4274294140746,0,0,0,TXN002451,0.48160942078693053
169.19060576936957,21,6,transport,0,2,3848.9899760047792,0,0,0,TXN006239,0.04394572630678443
426.7910582676134,12,3,utility,0,3,1181.1837009473413,0,0,0,TXN007012,0.36101923747181164
1736.5181393839196,11,2,grocery,0,4,679.8661473859731,0,0,0,TXN003824,2.550454514519302
1013.2089764729756,18,3,food,0,4,296.35127588167666,0,0,0,TXN008977,3.4074478862372737
694.3722265196334,13,4,grocery,0,5,1391.8477565389976,0,0,0,TXN002652,0.4985270093301773
1965.3656121444405,20,2,utility,0,2,3488.124047973817,0,0,0,TXN009107,0.5632833872116859
1376.5365909404197,8,4,grocery,1,3,3402.5586150795025,0,0,0,TXN003743,0.4044403950740439
392.93585417169186,12,6,grocery,0,5,790.5302701064892,0,1,0,TXN002176,0.4964255556756255
12026.800350702239,3,4,food,1,10,252.74520936126007,1,1,1,TXN009906,47.39715236782871
727.1006571315561,17,6,food,0,3,728.3998708790069,0,0,0,TXN009263,0.9968478007205018
1092.0348662645686,20,4,food,1,5,901.6650809891835,0,0,0,TXN003318,1.2097896432061652
1116.6835747749437,20,4,transport,0,4,1031.5182501695463,0,0,0,TXN006343,1.0815146120580212
1106.7986110584018,10,0,grocery,0,5,1131.6216635773337,0,0,0,TXN002787,0.9772006369387541
373.2528474046065,17,1,food,0,1,1022.4264388190918,0,0,0,TXN004105,0.364709014001333
1417.5498902009122,22,6,utility,0,4,1059.4558346902916,0,0,0,TXN006355,1.3367363767816984
3856.8771733547655,9,6,grocery,1,1,1368.7445261836388,0,0,0,TXN001676,2.8157638885411265
2503.7805156143895,17,2,transport,0,5,3921.542755012648,0,1,0,TXN003947,0.638305474787952
8248.410657343478,14,5,shopping,0,3,224.2650596453675,0,0,0,TXN004444,36.61646715353401
240.64852192380684,19,5,transport,0,1,7418.623217203251,0,0,0,TXN002936,0.0324340623343023
3699.2063003384524,13,0,grocery,0,4,3118.956554664663,0,0,0,TXN009005,1.1856595550369924
1661.2265220732988,12,1,shopping,0,3,4510.2428538650865,0,0,0,TXN007766,0.36824143055167463
2692.551599095075,19,1,grocery,1,1,3379.7032951007286,0,0,0,TXN005722,0.7964471780168008
1227.5172813675574,9,1,transport,0,3,1594.3015161304672,0,0,0,TXN007441,0.7694578541773093
1224.659404217889,22,2,grocery,0,5,867.785217661775,0,0,0,TXN002503,1.4096227460152972
3668.087724131106,21,4,food,0,2,1920.2060249230415,0,0,0,TXN008482,1.909263075665214
803.1430199316062,18,5,grocery,0,3,510.2408781574312,0,0,0,TXN002369,1.5709679218653694
1672.086097703811,18,1,utility,1,2,803.9298970346408,0,0,0,TXN004967,2.077306488259128
2774.9518623694153,22,2,utility,0,4,740.5410763772477,0,0,0,TXN005883,3.7421418054496294
377.73666093803706,12,6,food,0,2,725.6255254545689,1,0,0,TXN002217,0.5198505250716718
613.1176936399092,19,5,grocery,0,3,382.85370781510363,0,0,0,TXN005847,1.597269170929146
1987.940333422697,21,1,utility,0,4,1665.3610929215592,0,0,0,TXN002218,1.1929829266100582
755.9200938809636,20,4,transport,1,5,3000.615603838323,0,0,0,TXN003326,0.25183774128650216
1488.7635031432346,13,3,transport,1,5,322.72247714383855,0,0,0,TXN006733,4.598888270837422
713.3759719942801,20,1,transport,0,1,3813.7680801367014,0,0,0,TXN003583,0.18700375933960223
5000.0,1,1,shopping,1,9,994.3688976579929,0,1,1,TXN009824,5.02326324618392
2894.1960164338902,10,4,transport,0,1,646.683989383836,1,0,0,TXN003619,4.468531048895061
1724.6209873539449,19,0,grocery,0,2,1405.8385048005052,0,0,0,TXN007707,1.2258841234932665
516.3635580285454,21,0,utility,0,1,1308.4105168109886,0,0,0,TXN006432,0.3943481065709828
1472.061351876288,21,5,utility,0,2,786.1716022839408,0,0,0,TXN003115,1.8700640973393503
481.61454670060505,12,4,food,1,2,1484.459365622774,0,0,0,TXN000085,0.32421926701353404
2995.388293774846,20,1,food,0,1,2339.474165741926,0,0,0,TXN005973,1.2798211309567322
412.66489960696464,21,0,utility,0,2,1783.2119354684673,0,0,0,TXN002801,0.23128692920587052
1532.0695491281056,8,0,transport,0,2,785.472610395908,0,0,0,TXN003671,1.9480265795357659
2873.3289052551304,10,1,utility,0,4,431.0975053858553,0,1,0,TXN003667,6.649723429181336
108626.99079506008,4,1,grocery,1,11,345.18466593138334,1,0,1,TXN009794,313.783369066355
1760.2604601631062,15,1,grocery,0,3,433.2433993031144,0,0,0,TXN005158,4.053626291126175
33823.4787537933,17,2,grocery,0,4,1929.2457322449884,0,0,0,TXN005725,17.522887469076085
1974.6332252255472,16,3,grocery,0,3,401.94847858781606,0,0,0,TXN004590,4.900460803688599
731.6513795992516,17,1,transport,0,4,1005.9645096586501,0,0,0,TXN002019,0.7265910293574035
489.12591133136453,14,6,grocery,0,2,419.977442874364,0,0,0,TXN007831,1.1618815202821655
4806.480042473884,12,3,grocery,0,4,2527.417796783015,0,0,0,TXN002525,1.9009833139876324
260.69423517369376,14,4,transport,0,2,1481.5274651203795,0,1,0,TXN008286,0.175844455706273
3137.3122711640926,15,5,transport,1,4,1344.602140593285,0,0,0,TXN009206,2.3315303807266767
262.1224253008846,10,1,grocery,0,1,1100.405718868649,0,0,0,TXN003212,0.2379889815445426
2915.6485601488607,10,6,shopping,0,4,685.1174882082275,0,0,0,TXN000519,4.249488768699043
1520.926880890282,17,4,grocery,0,2,1144.5039822877764,0,0,0,TXN005366,1.327736004769463
1734.718539029246,10,5,transport,0,4,4338.650524927898,0,0,0,TXN006762,0.3997369209950536
464.33245299118346,21,2,food,1,5,1904.6928524799457,0,0,0,TXN002895,0.24365545181477233
1612.7738126216277,8,3,food,0,4,1403.496844368246,0,0,0,TXN000244,1.1482929414106775
567.9886927684818,9,6,transport,0,2,903.7527660501601,0,0,0,TXN005930,0.6277833172570728
3717.159928102111,15,5,utility,0,2,719.8816094560487,0,0,0,TXN004714,5.156408319123227
54052.074064695786,5,6,food,1,10,731.1014782970492,1,1,1,TXN009567,73.83139587482738
369.9208961586662,17,2,transport,0,2,134.587496183222,0,0,0,TXN003425,2.7282817853556716
511.51508853792774,9,5,shopping,0,5,1985.7222676456552,0,0,0,TXN006931,0.2574668321124187
2437.3050183268565,19,4,utility,0,1,504.6523232681863,0,1,0,TXN006720,4.82012028061852
766.324352631291,14,0,utility,0,5,932.3739106147624,0,0,0,TXN007410,0.8210261117396725
1194.3289706303985,10,2,transport,1,4,561.503869970117,0,0,0,TXN006177,2.123236895585887
3508.355094405502,20,2,utility,0,2,1451.928139653657,0,0,0,TXN007250,2.41467901863461
778.4324539239808,14,6,transport,0,5,755.5548246529871,0,0,0,TXN005509,1.0289174406904726
4116.272171410519,11,6,utility,0,4,3101.6805594708185,0,0,0,TXN002001,1.3266825548140138
255.13348688735533,10,5,food,1,4,637.041915511287,0,0,0,TXN000885,0.39986947673007855
1388.5885295242929,22,3,grocery,0,1,1095.7822734127192,0,0,0,TXN000869,1.2660566852558595
40971.519663577405,3,5,shopping,1,17,351.3068737014129,1,0,1,TXN009688,116.29497668643725
3154.957899331051,9,3,food,0,1,760.6968347209623,0,0,0,TXN005720,4.142012616458921
328.31635108805887,8,1,utility,0,2,990.4592624742191,0,0,0,TXN000356,0.3311445699430299
5894.281700329832,2,6,shopping,1,12,184.24377128357227,1,1,1,TXN009907,31.819054748711796
238.1448744521056,11,5,grocery,0,2,503.0549231274011,0,0,0,TXN005451,0.4724581856567125
1911.9108373090232,11,3,grocery,0,2,456.42928817412246,0,0,0,TXN008193,4.179686099551295
3671.3814457116396,9,6,grocery,0,4,227.23140822125512,0,0,0,TXN006438,16.086223514655266
1597.7089209634742,8,4,transport,0,3,1859.0854273915777,0,0,0,TXN007704,0.8589438406621799
276.63653892132436,9,4,grocery,0,4,364.66795335351236,0,0,0,TXN001275,0.7565238801604357
972.9581768255262,9,4,grocery,0,5,312.5876163887167,0,0,0,TXN001890,3.1026677265835247
907.7951573220531,12,1,utility,0,3,3533.197305769663,1,0,0,TXN008686,0.25686035011119934
407.6221785841054,13,5,utility,0,5,2398.783561101484,0,0,0,TXN006568,0.1698578926830425
5000.0,4,4,shopping,1,17,345.56990190647844,0,1,1,TXN009623,14.42710394784728
3002.251611823132,14,0,food,0,4,2391.8639971199327,0,0,0,TXN003563,1.2546687214303287
1417.598005360128,20,1,grocery,0,1,2254.0721362625773,0,0,0,TXN005787,0.6286264561405874
182.5175800721853,10,2,transport,0,5,816.8161052439299,0,0,0,TXN004958,0.22317679842920898
3937.419929096189,20,2,utility,0,1,384.4095921743479,0,0,0,TXN001546,10.216195987449677
1148.2116638369812,20,6,food,0,2,1342.846719094908,0,0,0,TXN002380,0.8544215999651443
5451.8040730911325,12,5,transport,0,4,137.83678219405564,0,0,0,TXN003823,39.267721326694314
653.1886228161816,11,2,transport,0,3,2086.2299566586557,0,0,0,TXN003232,0.3129452127363289
386.09328828158374,22,4,food,0,5,481.8055400290972,0,0,0,TXN008399,0.7996869469607062
616.96577376966,13,6,grocery,0,3,1020.9050874418779,0,0,0,TXN003306,0.6037407792088624
5647.456397276042,12,2,transport,0,1,9057.560064311678,0,0,0,TXN000492,0.6234386433585092
824.8523852474619,19,6,transport,0,4,1315.3902339926174,0,0,0,TXN003499,0.6266017203315776
386.53597524520023,21,3,shopping,0,5,3817.866905742907,0,1,0,TXN006664,0.10121745135027299
245.370080996855,9,5,grocery,1,3,2766.5747389303206,0,0,0,TXN001116,0.08865888156346288
467.51311941440605,20,0,grocery,0,5,608.7861541846353,0,0,0,TXN005637,0.7666837238040161
1715.3738024690508,22,0,transport,0,1,762.2220576163766,0,0,0,TXN008774,2.247542226211786
1121.1023271563643,15,6,food,0,1,1556.3957131866996,0,0,0,TXN006146,0.7198570778536407
34829.01058248611,2,6,utility,1,6,619.2369026722189,1,1,1,TXN009867,56.154366875671776
730.4371193955602,9,6,grocery,0,2,1813.0215228446132,0,0,0,TXN008775,0.40266177120663005
965.8535197016568,16,2,utility,0,1,1406.8813716474351,0,1,0,TXN006707,0.6860333115789872
88489.46835847369,3,3,shopping,0,18,639.0037160731029,1,1,1,TXN009948,138.26399149902156
5079.55149114987,8,4,transport,0,5,3048.7422654604725,1,0,0,TXN007965,1.665567464069926
2692.7077092342984,10,1,grocery,0,5,382.2395476281589,0,1,0,TXN003645,7.026173905848878
556.4099092737254,20,2,grocery,0,4,1180.9465509485044,0,0,0,TXN002500,0.4707572511017609
8013.513946076263,10,4,food,0,1,1397.706306528094,0,0,0,TXN005677,5.729232726466802
4935.517949593718,14,6,transport,0,2,799.4114822610883,1,0,0,TXN005241,6.166225821312979
723.1992287640247,22,5,transport,0,4,4636.489027731963,0,0,0,TXN006518,0.15594629430696824
1384.7640472171074,19,4,transport,0,2,90.00161689603125,0,0,0,TXN002783,15.216916956532666
1299.4353342996799,10,0,food,0,5,1254.6483959776128,0,0,0,TXN006158,1.0348719740831396
353.8993715318424,8,1,shopping,0,2,518.8234669501913,0,0,0,TXN003809,0.6808068393067612
649.572508519519,14,1,shopping,0,3,1420.6259499367802,0,0,0,TXN009428,0.4569222365056051
10796.974927357438,4,0,grocery,1,11,401.04751050471157,1,1,1,TXN009524,26.854972721515978
1859.8850038616324,17,4,transport,0,1,1163.0253822959924,0,0,0,TXN008599,1.5978045085177486
5102.04506097387,8,6,food,0,2,101.90599479379021,0,0,0,TXN001696,49.57966803778228
12593.347350591877,19,1,transport,0,1,645.3624862043592,0,0,0,TXN005685,19.483413130214153
1198.9821732173607,19,2,transport,0,1,204.85349470250574,0,1,0,TXN008367,5.824444102589074
711.6589634343738,12,4,shopping,0,1,629.6577438354084,0,0,0,TXN005939,1.1284392689866114
1911.8488317149668,10,2,grocery,0,5,1362.795599831727,0,0,0,TXN002052,1.4018587770417075
717.2337753547347,18,1,shopping,0,2,2641.657902891007,0,0,0,TXN001776,0.2714062136344237
3240.7126014672854,11,2,food,0,5,1247.714160566121,0,0,0,TXN006560,2.595239730442446
1359.5730080676078,8,4,grocery,0,1,974.4312636842982,0,0,0,TXN003313,1.3938173387352473
684.8159868769721,10,6,food,1,1,851.9670048320227,0,0,0,TXN004781,0.8028633968225242
543.0314227610926,15,0,transport,0,1,767.4013272004196,0,0,0,TXN008538,0.706702869371093
4556.378572431628,15,2,utility,0,4,1603.026316239734,0,0,0,TXN006781,2.8405884157268666
344.9656279482924,9,4,shopping,0,1,2956.6687087719965,0,0,0,TXN001592,0.11663430286332499
237.51384580236888,9,3,grocery,0,2,7600.066535631997,0,0,0,TXN001723,0.031247436749692995
2137.833218527839,11,6,transport,0,2,1116.466315057346,0,0,0,TXN000215,1.9131075270202933
3474.3743494133023,22,0,shopping,1,1,1392.984003746072,0,0,0,TXN006326,2.492406182622304
1010.1593164406456,11,5,grocery,0,1,2478.0070590825057,0,0,0,TXN008256,0.4074854537987928
3674.714226857115,14,2,food,0,4,300.25651708630727,0,0,0,TXN000490,12.197957615649997
595.7250930968369,12,1,transport,0,5,1062.6242168746069,0,0,0,TXN009133,0.560089817104144
1876.5303919775522,21,0,transport,0,5,1656.5787357844576,0,0,0,TXN003483,1.1320912554355824
759.9725630843932,16,2,transport,0,3,2011.1589110096138,0,0,0,TXN005102,0.37769013119499195
953.197450145816,13,3,grocery,0,5,2181.4761522222875,0,0,0,TXN005187,0.4367504539168645
6979.839089676389,22,0,utility,0,3,2596.426705391905,0,0,0,TXN003431,2.6872131079530335
3191.22787297134,18,2,transport,0,5,1398.5437377342423,0,0,0,TXN009198,2.28019159882613
2797.0970229764953,8,4,transport,0,1,377.39405168816916,0,0,0,TXN007710,7.392021651760942
7527.704339510308,18,0,grocery,0,1,3367.959596851887,1,0,0,TXN005513,2.2344299844214652
497.31771175135486,19,4,grocery,0,5,1555.7509697171618,0,0,0,TXN000025,0.31945874544193154
959.4615774243671,22,3,transport,0,4,3092.4824282625,0,0,0,TXN003512,0.3101558194281591
4509.894932048224,14,3,grocery,0,1,2289.5391744021827,0,0,0,TXN002409,1.968922855565341
3779.9444462014735,11,5,grocery,0,3,1911.7261952661895,0,0,0,TXN003270,1.976207810378959
2400.1925375290725,10,1,transport,0,1,790.6747471282072,0,0,0,TXN005209,3.031791207482301
1340.8347735007526,12,0,food,1,2,1668.7896357101197,0,0,0,TXN008711,0.8029962246894228
1021.5686708221868,20,4,food,0,1,584.9561376678905,0,0,0,TXN001552,1.743421742944851
1079.715485819869,22,0,transport,1,4,1071.509398786258,0,0,0,TXN009197,1.006718903388414
326.43530840852173,10,3,grocery,0,4,374.60370624300845,0,0,0,TXN008621,0.8690950141938277
182.00192526791403,10,3,grocery,0,2,1111.3926867222003,0,0,0,TXN003871,0.16361301853233567
241.1902250251001,22,2,food,0,3,257.9490700111781,0,0,0,TXN003402,0.9314195452205664
2833.4863954715706,10,5,shopping,0,3,1699.1156157656014,0,0,0,TXN004529,1.6666433560141063
284.94345859464653,16,4,transport,0,1,1852.0222228182722,0,0,0,TXN000979,0.15377228350843758
3151.690482195654,14,6,transport,0,5,2323.853607337023,0,0,0,TXN002655,1.3556511568079859
2321.0306889633184,10,3,food,0,2,3910.048126765441,0,0,0,TXN001847,0.5934549035792315
1259.1916374774619,16,3,food,0,1,2615.571774117093,0,0,0,TXN007964,0.4812371859749002
271.9016681212694,18,2,shopping,1,4,1041.2281898844778,0,0,0,TXN008240,0.26088496814829715
6942.378243984658,18,2,transport,0,3,409.6935861586121,0,0,0,TXN007145,16.904033756454805
766.2847298751578,17,2,transport,0,4,6202.21417267838,0,0,0,TXN007299,0.12353027133098272
4610.489654984705,14,4,grocery,1,5,844.2621423414605,0,0,0,TXN005721,5.454508635880922
4208.468278673116,8,2,food,0,2,956.5637640193721,0,0,0,TXN000515,4.394974451631376
2570.9095734594043,15,4,transport,1,4,1364.4281199255329,0,0,0,TXN008745,1.88285969502343
1382.529317083585,17,2,utility,0,5,2527.628906184493,0,0,0,TXN008297,0.5467505784269925
14559.153417880609,21,1,grocery,0,3,844.3763392740365,0,0,0,TXN001102,17.2220971199445
227.6409156124781,20,2,grocery,0,2,1287.8376950154643,0,0,0,TXN003276,0.17662496720329607
822.4577486280429,18,2,transport,1,5,328.81226508655647,0,0,0,TXN007217,2.49371486658386
645.6268775418089,14,6,grocery,1,3,8281.658889375178,0,0,0,TXN007389,0.07794922936763768
12758.317271464422,19,6,food,0,5,4046.8798811473857,0,0,0,TXN009077,3.1518517461165456
7560.240335333168,15,3,food,0,5,1550.83199821997,0,0,0,TXN008337,4.871816242998692
681.6492700748597,13,2,utility,0,2,1257.852174688695,0,0,0,TXN003996,0.5414847618970247
2035.222780352823,13,4,grocery,0,2,353.63022037619083,0,0,0,TXN000194,5.738999846639872
1089.7088827823134,14,5,food,0,4,1413.7960236269605,0,0,0,TXN004711,0.7702233145868927
688.78147200135,12,1,grocery,0,2,1441.1776809154462,0,0,0,TXN000643,0.4775982052115344
6739.0716368544445,17,4,food,1,1,752.9923388378504,0,0,0,TXN009089,8.937851606345982
2742.3420958616316,9,6,transport,0,5,174.9219979605644,0,0,0,TXN003285,15.58839785617015
1593.4446615164566,19,5,shopping,1,1,391.6389588095324,0,0,0,TXN003116,4.058294842538613
2645.159011418941,15,4,transport,0,1,2091.472603354477,0,0,0,TXN006476,1.2641307738884817
1332.7072864306651,13,4,food,0,5,2256.946157947743,0,0,0,TXN003575,0.5902298784847769
885.6508774255608,12,5,food,0,3,662.0892637911371,0,0,0,TXN009023,1.3356435185844409
635.1326633806998,16,4,food,0,5,576.042428664554,0,0,0,TXN004320,1.1006689141569428
98595.35855001536,3,6,food,1,18,193.99663577947658,1,1,1,TXN009992,505.62594660103633
2959.0634729446742,20,0,grocery,0,2,918.8404876228127,0,0,0,TXN002207,3.216931101382504
3237.436230538733,10,2,grocery,1,4,2920.8299732466144,0,0,0,TXN004552,1.1080166403185434
170.45760918685008,8,3,grocery,1,3,974.8634797362265,0,0,0,TXN007316,0.17467362261873387
2083.6554570161957,14,0,food,1,1,486.38432336122725,0,0,0,TXN003718,4.275179477760684
567.7137225437568,18,2,shopping,0,2,458.29386496582896,0,0,0,TXN000972,1.2360577091226643
2266.5995669218796,17,1,transport,0,1,645.271526954478,0,0,0,TXN004579,3.507193915231135
289.2587334284604,18,1,transport,0,5,726.2524482011133,0,0,0,TXN000719,0.39774184898786236
1925.573610672377,20,2,grocery,0,5,370.14888070779597,0,0,0,TXN009017,5.188143386018651
799.0284539598291,8,4,utility,1,5,1140.026633413192,0,0,0,TXN006155,0.7002715191403271
1551.1975966745802,20,6,food,0,3,1279.8370821581877,0,0,0,TXN009430,1.2110811111596174
1234.4122207124376,10,6,grocery,0,1,1744.8505302801925,0,0,0,TXN003896,0.7070549278432937
417.70937819971704,22,0,grocery,0,5,894.8300554461142,0,0,0,TXN002803,0.4662819422727473
831.8604554636048,11,3,transport,0,1,3508.3226395129846,0,0,0,TXN002566,0.237043025368294
1534.9651423334485,20,3,food,0,3,851.9397536629302,0,0,0,TXN004025,1.7996173067811365
419.15365841707563,11,4,grocery,0,3,841.7675680118765,0,0,0,TXN006198,0.4973538070596101
1197.4787060576352,8,4,grocery,0,4,601.8501522912367,0,0,0,TXN000032,1.9863621191873462
597.8477119629847,13,6,utility,0,1,636.2319894499409,0,0,0,TXN008307,0.9381947577350084
1178.9274811987864,14,5,transport,0,1,379.0685236396008,0,0,0,TXN008831,3.101881392095237
12996.119733994574,0,3,shopping,1,7,117.95288992833491,0,0,1,TXN009818,109.2543421334639
5458.528362622974,11,3,food,0,4,1154.4795257813798,0,0,0,TXN004063,4.724037285672982
1132.4236698925133,11,6,food,0,1,881.5260919618203,0,0,0,TXN008948,1.2831616880303003
447.49558288940955,9,3,shopping,0,4,906.803555066401,0,0,0,TXN005540,0.49294319282179677
4510.2613986513725,10,1,food,0,2,306.65650999728547,0,0,0,TXN001697,14.66005513321063
454.99327499704344,16,2,transport,0,5,909.1157953069882,0,0,0,TXN002792,0.49992899512701144
1215.7035254975463,9,6,transport,1,5,2519.522530962955,0,0,0,TXN002222,0.48232202274069413
952.1838909795392,21,5,shopping,0,3,1279.2169939152448,0,0,0,TXN005818,0.7437675765164679
5690.197880845516,1,1,shopping,1,17,276.48408240670244,0,0,1,TXN009662,20.506393849667802
1504.5870892837956,15,2,grocery,0,2,2642.519320891561,0,0,0,TXN003764,0.5691606175877519
696.9686798185445,14,0,grocery,0,1,2490.7123373191657,0,0,0,TXN003866,0.2797147445071502
1515.6997197097594,14,3,shopping,0,4,4601.777487994076,0,0,0,TXN006421,0.32930110648696864
4822.233127040154,8,4,grocery,0,2,288.71006172072714,0,0,0,TXN009399,16.64503158226054
894.3672911552192,13,6,grocery,0,2,2119.0943445164785,0,0,0,TXN008938,0.4218525904134676
4716.797670266956,20,6,grocery,0,4,417.5611125717926,0,0,0,TXN006671,11.269077629513228
5482.647455562944,18,5,grocery,0,5,161.2299806431129,0,0,0,TXN007978,33.795525548536745
692.5598783414589,14,3,grocery,0,5,484.1147160438281,0,0,0,TXN003758,1.4276208398487111
66050.55447489585,1,0,utility,1,17,860.644199891644,0,1,1,TXN009774,76.65641396205305
250.13424273772043,13,6,transport,0,3,1475.6325481717333,0,0,0,TXN003227,0.16939504892223847
1848.0591035581433,22,3,grocery,0,2,2800.4178324606783,0,0,0,TXN007802,0.6596870635091466
778.9778831987352,11,2,transport,0,4,938.9524524199194,0,0,0,TXN003923,0.8287417956017316
1603.6979184934796,20,6,shopping,0,3,2243.9354444351975,0,0,0,TXN003904,0.714362598919611
1294.4731104166472,15,4,transport,0,2,578.0799518230938,0,0,0,TXN002277,2.2353961768859554
1126.8452212734308,19,0,grocery,0,1,1702.9658824994003,0,0,0,TXN006810,0.6613073846411519
1358.544168630482,10,1,transport,1,3,546.0334390988078,0,0,0,TXN001401,2.4834755456057147
417.84339107182,13,2,transport,0,4,1381.0293677515328,0,0,0,TXN000739,0.30234045731721504
908.9575506443736,17,0,transport,0,4,1255.217522660287,0,0,0,TXN004266,0.7235670051150678
5000.0,5,2,grocery,0,11,357.7568550135509,1,0,1,TXN009861,13.937015920744264
2288.566146995665,15,2,utility,0,2,719.3454831287692,0,0,0,TXN007352,3.177039629728004
407.51783026550237,19,5,grocery,0,1,1063.5536162968058,0,0,0,TXN007518,0.3828062993042177
1879.0153274893762,9,4,food,0,4,500.8716444684931,0,0,0,TXN003851,3.7440157223453943
344.1945099842401,11,6,shopping,0,3,834.8878987529387,1,0,0,TXN008631,0.41177113641403823
926.3158457235157,21,5,grocery,0,1,590.0037387545449,0,0,0,TXN002661,1.5673603819759123
13103.713175177518,9,5,transport,1,4,1727.340216876635,0,0,0,TXN006504,7.581674630506403
59849.998790153084,3,5,food,1,13,571.0594233158279,1,0,1,TXN009799,104.62199616124589
684.8808632513679,14,0,transport,0,2,1250.8812525286564,0,0,0,TXN000674,0.547081332089595
8953.076972511368,9,5,grocery,0,5,721.5468945694131,0,0,0,TXN007105,12.390997788242892
3945.5830649968134,8,4,utility,0,2,927.9547301858369,0,0,0,TXN006360,4.247336212182806
654.9315503658364,8,2,food,0,4,632.2289878251063,0,0,0,TXN003841,1.0342728506717134
235.91446658746614,22,6,grocery,0,2,736.9377978093715,0,0,0,TXN001815,0.31969424426800935
298.64779311437246,13,6,grocery,0,1,363.04286704173586,0,0,0,TXN009489,0.8203643585746562
18250.82588194371,0,5,shopping,1,5,271.21854419561015,1,1,1,TXN009838,67.0447560281899
189.38268674650317,14,2,utility,0,3,286.90240486765094,0,0,0,TXN009201,0.6578016839892762
356.32171451940525,20,6,food,0,4,1548.1914602574902,0,0,0,TXN004653,0.23000495655984393
282.07607186166337,11,0,grocery,0,5,2942.1130177762047,0,0,0,TXN008692,0.09584275906427747
121.81445114371374,21,2,utility,1,2,1296.2876458638113,0,0,0,TXN002100,0.09389933800117431
684.7201329470578,13,5,transport,0,3,1209.3688908591898,0,1,0,TXN007711,0.5657119396558546
346.8087039522111,20,5,grocery,0,2,1984.1330303299876,0,0,0,TXN001673,0.17470300410777068
3899.9300442168687,15,1,utility,0,5,2136.343656323586,0,0,0,TXN002101,1.8246621373584266
1469.9869574620934,11,0,food,0,1,1543.7689932280477,0,0,0,TXN004213,0.951590149663941
1713.6386336589696,18,0,grocery,0,1,1845.0075764310452,0,0,0,TXN006958,0.9282944748103421
903.8460528048442,8,1,grocery,0,1,2719.441969974736,0,1,0,TXN001548,0.33224235722743173
19628.518157169132,0,5,food,1,6,594.4014063848402,1,0,1,TXN009550,32.96686562490609
1590.9418505370709,16,3,transport,1,3,4407.299063756211,0,0,0,TXN003323,0.360896987143487
39825.909325908164,4,0,food,1,16,172.87105915919048,0,1,1,TXN009583,229.0542745785249
466.33512386717075,17,5,food,0,4,728.2033812557827,0,0,0,TXN000355,0.6395131123282524
448.7289506271945,19,0,utility,0,3,1142.7539149184734,0,0,0,TXN005184,0.3923299800544769
953.8037686696096,17,3,grocery,0,1,1219.6609600175454,0,1,0,TXN001461,0.7813830374782362
1034.2097879792595,15,3,utility,0,1,412.6665433538601,1,0,0,TXN007624,2.500104986964276
7299.599577454638,21,3,food,0,1,648.6320815670916,0,0,0,TXN009385,11.236513381306526
904.0139350488555,15,4,food,0,1,2139.681534708343,0,0,0,TXN003220,0.42230192599480837
1827.3108613203206,16,2,shopping,1,1,593.4090640929206,0,0,0,TXN000939,3.07416385735778
694.7168764111108,21,2,grocery,1,1,861.752219137818,0,0,0,TXN005147,0.8052333694433942
831.3417034065359,17,5,food,0,3,564.200414748091,0,0,0,TXN005923,1.4708794999328931
357.3516848564154,21,1,transport,0,2,1102.3624552133797,0,0,0,TXN007883,0.32387515377918763
5867.597297105288,11,3,transport,0,4,1188.1085449678735,0,0,0,TXN001751,4.934450536022188
537.0263100635632,15,6,transport,0,2,952.1042462801425,1,0,0,TXN009468,0.5634497088429894
2331.31545691783,8,1,shopping,1,2,1061.7160137337041,0,0,0,TXN007597,2.193733252148031
403.02171969418333,21,6,utility,0,1,362.04792011762027,0,1,0,TXN001772,1.1101061247330997
11448.61638447056,22,4,food,0,2,271.3450076480454,0,0,0,TXN001196,42.03718101293687
735.2639045345412,12,0,transport,0,1,4871.199954467952,0,0,0,TXN001878,0.15091004297971852
391.0728839997588,19,1,food,0,1,7521.888656319371,0,0,0,TXN002668,0.05198440411200956
1032.6106649020658,11,0,food,0,1,802.7998079642739,0,1,0,TXN003171,1.2846614973911037
6959.528422897176,13,4,utility,1,3,2988.258617487252,0,0,0,TXN002016,2.3281787605072797
2953.395624790443,19,6,food,0,5,252.47198256136332,0,0,0,TXN002005,11.651763618787541
490.8785868390564,9,0,grocery,0,2,1523.7398453757476,0,0,0,TXN008272,0.3219425191305913
100.63182278576932,14,5,transport,0,4,799.1266760975075,0,0,0,TXN003893,0.1257698634378562
20660.41332641525,1,0,shopping,1,7,390.6761933131755,0,1,1,TXN009991,52.74870844625384
403.3196715759305,22,5,food,0,4,1763.2508357469067,0,0,0,TXN003237,0.22860676237411706
667.2226996069539,12,5,grocery,0,5,1373.918188936074,0,0,0,TXN004424,0.4852817461984831
5230.515460707442,11,4,grocery,0,4,2623.592400433746,0,0,0,TXN004744,1.9928867659005012
371.66102470986647,22,3,grocery,1,3,653.4098352809658,0,0,0,TXN002078,0.5679331279461848
427.71884680162503,8,5,transport,0,2,556.6405293582242,0,0,0,TXN005219,0.7670153517963928
4148.210620169025,20,3,utility,0,4,1171.0852693752163,0,0,0,TXN000396,3.5391713628311714
609.9063441735894,22,0,shopping,0,2,393.9337504734056,0,0,0,TXN002788,1.544325708913196
900.7149860727571,12,0,food,0,2,962.4670302988312,0,0,0,TXN008877,0.9348685089861241
1794.9194395853924,17,0,transport,1,2,364.93270537891505,0,1,0,TXN008638,4.9050533423264095
720.6495832047411,16,2,utility,0,3,963.9982164123446,0,0,0,TXN004072,0.7467885131269578
1104.3198634467547,17,2,utility,0,2,913.4009972995586,0,0,0,TXN005574,1.2076975710963473
1851.3765850221116,9,2,transport,0,2,171.48306802170083,0,0,0,TXN008369,10.733671462692106
5000.0,2,2,shopping,1,14,343.94097918570975,0,1,1,TXN009507,14.49523339269033
179.17449311493397,14,0,utility,0,5,252.10210561222934,0,0,0,TXN005355,0.7079138780040107
3950.0969395545753,16,4,grocery,1,2,972.9689331563561,0,1,0,TXN007233,4.055670365946309
376.49158968411103,20,5,grocery,0,2,2739.39304913875,0,0,0,TXN009483,0.1373859818402454
358.0272569570889,15,3,transport,0,4,429.8699668278247,0,0,0,TXN006820,0.8309403869408153
2134.2654687073004,21,1,shopping,0,2,3920.8937422542426,0,0,0,TXN001519,0.5441925786292615
955.4802931374496,18,0,transport,0,2,1314.901649764792,0,0,0,TXN008196,0.7261031197188901
1932.4443575943733,13,6,food,0,4,275.0516465146801,0,0,0,TXN001378,7.000300059762941
610.3601735025776,17,4,food,0,1,1113.994200356994,0,0,0,TXN005672,0.5474110747007968
397.027111319158,22,2,transport,0,5,419.5363834069548,0,0,0,TXN001023,0.9440969366375922
275.40171440827027,18,0,grocery,1,1,2128.9752632082987,0,0,0,TXN002587,0.12929808113989238
1140.1265183464284,17,3,grocery,0,3,1184.954431120051,0,0,0,TXN007042,0.9613577793791442
383.2464235310784,21,2,shopping,1,5,1192.6647755510805,0,1,0,TXN005621,0.3210670461094444
2379.452350309028,17,6,shopping,0,4,417.06557937871196,0,0,0,TXN007637,5.69157679482998
238.50375870050456,10,1,shopping,1,1,223.03334956979364,0,0,0,TXN005008,1.0645904244100182
149.733919817362,8,6,grocery,0,5,1242.012639217498,0,0,0,TXN002857,0.12046049661379354
971.1810367809657,14,4,food,0,3,1671.8049392057885,0,0,0,TXN008254,0.580570402453535
914.4793263725551,18,3,shopping,0,5,1314.4262437506222,0,0,0,TXN005771,0.6951962002560758
626.1856195120887,9,6,transport,1,1,266.8825632298161,0,0,0,TXN005842,2.3375378074715703
652.6064587636703,11,5,transport,0,3,615.7919265929391,0,0,0,TXN008027,1.0580658251617607
1787.9873661788322,20,0,food,1,3,992.3498390181037,0,0,0,TXN005832,1.799957372466284
2964.354343049302,14,1,food,0,3,1087.6770037286753,0,0,0,TXN001629,2.7228960774375746
634.889967127335,8,4,grocery,0,2,592.4844357703938,0,0,0,TXN004888,1.0697668360977206
355.1034121162566,19,4,transport,0,5,323.602326635938,0,0,0,TXN004526,1.0939644696833226
2758.6071353810626,9,5,utility,0,5,3834.8518163677477,0,0,0,TXN003523,0.719164156344613
452.58308870774323,9,6,food,0,3,620.5156777405916,0,0,0,TXN005904,0.7281925539722949
420.3432890414306,8,2,utility,1,1,526.9927595715413,1,0,0,TXN007781,0.7961156311736798
637.018373925793,12,4,transport,0,5,618.332150862517,1,0,0,TXN003607,1.0285569270683674
663.7411075447126,15,3,utility,0,1,4473.546012954037,0,0,0,TXN009418,0.14833708394620337
281.45608270103236,12,4,grocery,1,4,432.88650298630466,0,0,0,TXN005220,0.648685959954639
1233.6190168947533,10,2,food,0,2,895.7806726651431,0,0,0,TXN000234,1.3756083895391724
844.7126502500143,19,1,grocery,0,3,949.3139919904277,0,0,0,TXN007755,0.8888774209046088
490.9176226647857,15,6,transport,0,1,823.8744087413247,0,0,0,TXN003796,0.5951422634312011
1363.04096056147,10,6,food,1,2,838.9032620690476,0,0,0,TXN004118,1.6228547049617432
1706.0037431601647,17,1,grocery,0,4,380.10775377582127,0,0,0,TXN006318,4.476434095758876
396.2520718672353,15,5,grocery,0,3,986.9241798161326,0,0,0,TXN005001,0.4010956305786379
1365.5450243063528,12,4,grocery,0,3,343.9772293690157,0,0,0,TXN003800,3.9583627789115754
701.1877201850351,8,5,food,0,2,440.66344711809984,0,1,0,TXN007809,1.5876064110814656
888.4381732596933,20,1,grocery,0,3,305.6573299171147,0,0,0,TXN003899,2.8971692067488686
506.6655069666886,21,0,transport,0,2,447.66336425179037,0,0,0,TXN005024,1.1292776440787071
748.7228621657072,12,5,food,0,1,837.3438468980684,0,0,0,TXN001948,0.8930975815425076
5122.803848660352,14,1,utility,0,1,2318.528330583178,0,0,0,TXN006361,2.208554119005898
5417.540955431495,8,5,shopping,0,5,744.8303961632713,0,0,0,TXN000470,7.263770668640769
58413.99881172222,5,3,shopping,1,5,182.28688539571,0,1,1,TXN009944,318.70255575355776
605.0596285965228,21,4,food,0,2,119.94694137277929,0,0,0,TXN003492,5.00268648160043
4995.478341471937,19,4,grocery,0,3,629.0035375997049,0,0,0,TXN006091,7.929286175923017
2724.2884149297997,13,5,transport,0,1,464.3801769012074,0,0,0,TXN002671,5.853898705075531
26248.691896892244,0,0,utility,1,10,652.9183608740617,1,0,1,TXN009800,40.140625294275054
517.6882245894583,8,3,grocery,0,2,7019.793116169122,0,0,0,TXN002224,0.07373643063163404
264.71401503120353,13,4,grocery,0,3,598.9571579232722,0,1,0,TXN001106,0.441221529796395
1076.9257750022127,19,1,grocery,0,3,579.5579822006689,0,0,0,TXN002188,1.854984011967258
480.4427329824717,8,1,utility,0,3,467.3476512222259,0,0,0,TXN000818,1.0258250078305757
1731.0752656451157,8,2,utility,0,1,917.3903700541298,0,0,0,TXN005571,1.8849013688406666
3489.52047418749,16,0,food,0,1,1089.2954850523008,0,0,0,TXN004523,3.2005273084480397
2265.5892882298285,21,3,transport,0,4,2449.225347978297,0,0,0,TXN005793,0.9246452739945681
608.1872840456003,12,5,grocery,0,5,3395.0427565876234,0,0,0,TXN009381,0.17908705150011503
318.1892431308079,10,1,shopping,0,4,1156.6079163142026,0,0,0,TXN008780,0.2748678880357999
1454.4057311565762,11,6,transport,0,2,620.2443897488472,0,0,0,TXN007459,2.341116885972289
829.1385581698054,13,3,grocery,0,3,2484.1851946939014,0,0,0,TXN002624,0.3336325035011847
167.42458918270276,13,3,grocery,0,1,3629.434910931391,1,0,0,TXN007094,0.04611695107894107
1548.5684244646375,11,3,grocery,0,3,1396.553143971868,0,0,0,TXN009392,1.108056914432307
13976.467263506309,5,4,grocery,0,8,641.1041951395399,1,1,1,TXN009916,21.766665549458043
318.8325427820648,20,0,shopping,1,3,1602.1516364945946,0,0,0,TXN009119,0.19887859359281504
608.3475027110222,9,6,grocery,0,3,1998.0233852135793,0,0,0,TXN000888,0.3043223542109915
2587.042033906727,13,2,grocery,1,3,183.88645885427792,0,0,0,TXN002437,13.992598754599749
186.59550472011813,15,4,transport,0,4,1291.183905933264,0,0,0,TXN006056,0.1444032106137027
347.7266507477071,9,5,grocery,0,4,521.4130402442445,0,0,0,TXN007064,0.6656163302989795
2541.7464761916995,13,0,transport,0,3,202.66604927976414,0,1,0,TXN000817,12.479971429603621
239.02256025866967,17,2,food,0,2,5452.728057408101,0,0,0,TXN008934,0.04382737051474212
492.6045480520626,19,1,food,0,2,1351.6010876607204,0,0,0,TXN003414,0.3641905603550905
4838.858082180518,8,2,grocery,0,5,100.50126604105688,0,0,0,TXN006352,47.67288400346867
4165.1440229292175,9,1,grocery,0,1,3172.607490007392,0,0,0,TXN002341,1.3124319992449716
647.9636693352171,14,3,transport,0,5,488.34628655710605,0,0,0,TXN009029,1.3241413844050915
2737.684579348811,9,1,food,0,3,677.1668040433336,0,0,0,TXN003167,4.036889690008888
3079.0900626888065,9,3,shopping,1,5,1249.20703794148,0,0,0,TXN001809,2.4628641250961616
7687.141131083696,9,5,food,0,3,661.2319389018306,0,0,0,TXN008035,11.607928702187284
1028.3001237926112,8,0,food,0,3,370.24742920801447,0,0,0,TXN001264,2.769851163646556
4536.197964275095,19,1,food,0,4,1190.5858862808063,0,0,0,TXN005086,3.806857748570299
5000.0,4,3,utility,1,12,315.81488066470126,0,1,1,TXN009675,15.782086969872207
3887.5053061730814,16,0,grocery,0,5,1106.6284457264003,0,0,0,TXN005835,3.509755749928934
553.6977517892946,11,3,utility,0,5,622.3693282351743,0,0,0,TXN005194,0.8882338714945641
330.02915537032,18,5,shopping,0,4,1311.7183655372878,0,0,0,TXN004449,0.25140895719489764
7801.477063758609,22,0,grocery,0,1,887.1680191565222,0,0,0,TXN004945,8.783785157190795
4008.83802806802,14,1,grocery,0,2,932.0320426127763,0,0,0,TXN004045,4.296570583837659
2463.432308747147,8,0,transport,1,1,419.2651625947156,0,0,0,TXN006503,5.861614352086489
564.1381085567141,12,5,grocery,1,2,1221.1235471716159,0,0,0,TXN003702,0.46160481062844244
2230.3922551301825,18,0,utility,0,2,1177.5656440496589,0,0,0,TXN001035,1.8924633230155528
3254.2813645875312,11,4,shopping,0,1,1153.8836921393167,0,0,0,TXN009256,2.8178433782879657
698.2832124180486,12,0,transport,0,4,551.3832259071693,1,0,0,TXN005590,1.2641281988084818
1657.6355126162593,22,4,grocery,1,1,945.575394599343,0,0,0,TXN001228,1.7511922685438985
14338.188016792827,1,5,transport,1,6,394.6744728899934,1,0,1,TXN009999,36.23733396816623
589.1426099364942,8,2,shopping,0,1,575.5938801144869,0,1,0,TXN006811,1.0217635501429805
896.915117385339,9,4,food,0,5,983.0175661199596,0,0,0,TXN005141,0.9114828314721344
238.5140675289678,22,0,transport,0,2,456.61318616097884,0,0,0,TXN000052,0.521213275189722
2407.3894675388487,15,6,grocery,0,3,2885.471979048123,0,0,0,TXN009067,0.8340248874796761
599.0378701283935,18,0,transport,1,3,1868.6598087760433,0,0,0,TXN008395,0.3203993942195016
473.6517949762387,18,4,utility,0,3,714.0710275302313,0,0,0,TXN000159,0.6623842621790658
419.9558966484063,17,3,food,0,3,1970.381078626432,1,0,0,TXN007552,0.21302623891521383
8039.276796936751,14,2,grocery,0,2,804.1819913048943,0,0,0,TXN001587,9.984422011113459
615.518951756054,18,5,grocery,0,1,899.3003431676342,0,0,0,TXN001589,0.6836817917789525
20863.62731199037,2,4,utility,0,15,363.8187743021942,1,1,1,TXN009841,57.1890176208645
3756.730324685181,13,5,transport,0,2,760.0200798491674,0,0,0,TXN009328,4.936440475302252
210.1659944644122,12,6,grocery,0,3,1129.9296417430683,0,0,0,TXN006930,0.18583472101809057
2179.3359276821843,9,6,grocery,0,1,2318.350917264849,0,0,0,TXN006596,0.9396318217565021
884.9038983388939,15,4,grocery,0,4,402.340069343528,0,0,0,TXN006174,2.19393996678573
3152.785435919204,14,4,food,1,4,1238.4305488742589,0,0,0,TXN008098,2.543737072466701
555.1422757935354,14,4,transport,0,4,1820.2305273376328,0,0,0,TXN003858,0.3048171373478296
10909.383861692286,2,4,shopping,1,12,818.1487512385277,0,0,1,TXN009814,13.31795213652909
1322.222005659691,11,3,shopping,0,5,1564.025721457924,0,1,0,TXN006691,0.8448564055726538
1837.50329250799,14,5,shopping,0,3,1777.0332420734208,0,0,0,TXN002828,1.033447097066205
119.27479516286463,9,4,food,0,2,3889.4627745002103,0,0,0,TXN000436,0.030658253805856635
4049.2237526914682,15,1,shopping,0,3,761.9100635560012,0,0,0,TXN008274,5.307603013935386
3619.706224280895,14,0,utility,0,5,863.2553918618923,0,0,0,TXN008168,4.188236785521059
1968.3550896841887,16,2,grocery,0,5,2838.4077206987836,0,0,0,TXN003878,0.6932273499628904
961.8789982594907,14,3,food,0,4,3647.528225262712,0,0,0,TXN001588,0.2636347970667626
1549.3958266248956,8,2,utility,0,4,4174.30653121329,0,0,0,TXN002780,0.3710855275036923
1495.8939649913868,17,2,transport,0,4,510.66770219066433,0,0,0,TXN008981,2.9235653502983214
4513.553944415324,21,3,transport,1,1,249.71907210037776,1,0,0,TXN008561,18.002435581000714
474.0801150000714,15,1,shopping,0,3,5810.391199975018,0,0,0,TXN005686,0.08157773219639892
952.2716375545548,19,3,food,0,2,2728.040043152805,0,0,0,TXN003965,0.34894014836602194
1000.0789133098782,20,0,transport,0,3,774.9245081079683,0,0,0,TXN004727,1.288886873477541
605.1620685459301,11,0,food,0,1,3136.3584652982936,0,0,0,TXN000973,0.19288904192476217
4808.40749471171,22,2,utility,0,3,3427.06580240641,0,0,0,TXN001238,1.4026590421153342
496.10063673779445,18,0,transport,0,5,679.5902794430965,0,0,0,TXN002951,0.7289270089836376
634.4815515227716,9,4,utility,0,5,1101.2079458430862,0,0,0,TXN002342,0.5756459603795112
797.0656766416803,11,2,grocery,0,3,309.2247115485682,0,1,0,TXN006520,2.5693171658147973
538.7803681003313,22,0,food,0,1,2459.0397099248025,0,0,0,TXN007310,0.21901287443721815
371.0747242233346,9,3,grocery,0,4,737.2942393870708,0,0,0,TXN006046,0.5026108892999077
4043.3739692370395,14,0,transport,0,4,707.5792294593912,0,0,0,TXN002158,5.7063117307600475
731.3916191834828,14,1,utility,0,4,885.3519283379276,0,1,0,TXN009288,0.8251706752135985
625.3674788265803,19,6,grocery,0,3,828.6560097071166,0,0,0,TXN006589,0.753767189666168
5369.26966918651,14,1,grocery,0,2,1247.0470880580194,0,0,0,TXN001497,4.302137091270472
1410.2096636500846,20,2,grocery,0,4,1110.282273839773,0,0,0,TXN004545,1.2689932133781263
921.6680715110607,8,5,grocery,0,2,498.72443332647913,0,0,0,TXN006465,1.8443526272587076
6175.402740891256,14,1,utility,0,1,1929.4580813939428,0,0,0,TXN004257,3.1989312797883334
196.5800223919709,19,1,transport,0,2,567.2632627924428,0,0,0,TXN002422,0.34593125275418596
3265.0420125955825,15,1,shopping,0,3,3717.1118532596324,0,0,0,TXN008564,0.8781451826773721
5360.967047136252,22,5,transport,0,3,513.9132928621415,0,0,0,TXN005185,10.411397649762272
2699.3738880617825,19,0,transport,1,3,1508.3277276042836,0,0,0,TXN005647,1.7884610735578468
452.15691022315326,16,1,transport,0,5,1990.2797693365308,0,0,0,TXN000357,0.2270684999596045
3616.4287153361574,15,6,transport,1,3,1221.2900561999088,0,0,0,TXN005242,2.9587320104522563
5918.688417426108,14,6,grocery,0,4,828.7341773641517,0,0,0,TXN008011,7.133234448927042
1410.3494749865642,13,4,utility,0,5,2574.480262742214,0,0,0,TXN009240,0.5476064000136853
3836.6173629400214,11,5,transport,0,1,521.6448914262841,0,0,0,TXN002092,7.340772723272956
1143.973565926277,15,1,grocery,0,3,1616.2169545041222,0,1,0,TXN005409,0.7073717368224395
285.20674487278535,14,4,grocery,0,5,653.7232279358167,0,0,0,TXN002015,0.435614214836967
366.27153449277415,11,5,food,0,5,549.7720653079022,0,0,0,TXN009059,0.6650147267146068
1320.9322560402122,14,0,transport,0,2,2224.9050113723347,0,0,0,TXN004044,0.5934360403033638
1887.544919573716,16,0,food,0,5,3474.2170412661058,0,0,0,TXN000187,0.5431444704489702
573.0217456013871,21,0,utility,0,1,2536.95384427234,0,0,0,TXN006858,0.2257809955427613
3336.902283597664,11,4,grocery,0,5,902.3215535448903,1,1,0,TXN003655,3.694035939364794
507.11133914724985,16,3,utility,0,5,1086.43954857265,0,0,0,TXN003426,0.466335199793748
1920.38486158904,20,2,transport,0,2,790.0891251482117,0,0,0,TXN007194,2.4275202382907906
756.530333308674,13,2,grocery,0,4,3257.0463568443374,0,0,0,TXN001381,0.23220367375049583
1497.6227533355902,17,0,shopping,0,1,2605.886649101247,0,0,0,TXN007468,0.5744871008687364
1885.9802795508087,16,3,grocery,0,2,3184.344143121205,0,0,0,TXN000413,0.5920805397506607
1516.8118959192961,22,1,utility,0,1,2215.9156170327237,0,0,0,TXN005037,0.6841992019297082
929.4341385737935,12,2,utility,0,2,912.0165016605118,0,0,0,TXN004897,1.0179817526664883
550.4429825399907,21,0,grocery,0,1,1401.5000841922943,0,0,0,TXN003336,0.39247269126332573
1848.2982596824465,20,6,transport,1,5,3897.7245827220627,0,0,0,TXN003606,0.47407766834147014
658.3316557506047,10,0,grocery,0,4,1605.6187946832488,0,0,0,TXN003175,0.40976220241491534
341.99564396420175,8,3,grocery,0,3,511.79265951950146,0,0,0,TXN002241,0.6669277292008421
38306.48644511421,2,0,shopping,1,16,806.3597370798029,1,1,1,TXN009708,47.44661479363298
584.1353098049615,22,5,grocery,1,2,271.0177354108363,0,1,0,TXN007796,2.1474162665266108
421.5512873937118,22,5,grocery,0,5,1951.41673252491,0,0,0,TXN000256,0.21591255615216534
2833.2112658418487,22,5,shopping,0,5,1039.0882869298548,0,1,0,TXN008620,2.7240103570485887
2675.4236541166138,17,5,transport,0,4,3657.4080291374366,0,0,0,TXN000200,0.731308162678457
949.9586062604528,16,4,food,0,3,496.06912385923295,0,0,0,TXN002235,1.9111197229169992
2753.1736369737932,22,4,transport,0,4,1392.5219029537705,0,0,0,TXN004743,1.9756945557425722
159.81584467146385,15,3,transport,0,4,3542.5534937013335,0,0,0,TXN001767,0.045100446474291
780.5636427639887,8,1,transport,1,3,518.8220558905113,0,0,0,TXN004236,1.5015977754672203
2023.1513579193618,20,5,grocery,1,2,1035.4589124592994,0,0,0,TXN006729,1.9519841390710302
1421.5154830558135,18,1,transport,0,2,1068.4181272199946,0,0,0,TXN008450,1.329241993261432
390.47240535463004,9,5,transport,0,5,288.7007137723405,0,0,0,TXN007277,1.3478475778333094
221.93405114650807,19,5,grocery,1,4,1245.200038989095,0,0,0,TXN001572,0.17808862478173146
1019.3217131730212,14,4,utility,0,4,3088.242031533659,0,1,0,TXN000024,0.3299585149911279
789.720477822925,11,0,food,1,5,2299.330177561801,0,0,0,TXN003363,0.3433074458293534
544.7893418889348,22,4,transport,0,4,1929.400301290637,0,0,0,TXN001088,0.2822157360443307
158.79719937885193,14,1,shopping,0,1,1773.5732588588726,0,0,0,TXN004674,0.0894847246154072
784.7742881903162,22,3,utility,0,4,2427.9263430528417,0,0,0,TXN002694,0.3230951364313328
1136.6067868552886,8,2,utility,1,4,1692.5293685633553,0,0,0,TXN007582,0.6711467825441304
557.2359858645866,11,3,grocery,1,2,916.4693354370928,0,0,0,TXN003398,0.6073619731378957
2478.2902022398575,14,5,food,0,5,1459.4923928507535,0,0,0,TXN003559,1.6968867584462057
596.78860702923,21,5,grocery,1,5,1190.583217805058,0,0,0,TXN009156,0.5008367003762755
148.16018184822818,19,3,utility,0,3,516.179290774091,0,0,0,TXN002841,0.2864774063680481
543.5070629064458,21,1,grocery,0,2,1465.339332478589,0,0,0,TXN002311,0.37065572127001634
337.4992496562337,14,3,utility,0,5,450.4992923019719,0,0,0,TXN008333,0.7475078154286615
409.7662822317927,13,5,grocery,0,3,1001.4413370330785,0,0,0,TXN003234,0.4087683409430982
1432.2125755656818,18,2,transport,0,2,684.9413539866678,0,0,0,TXN004152,2.087951932394382
2362.102432347329,20,4,grocery,0,1,1573.1927382285248,0,0,0,TXN001309,1.5005166616417358
2975.6496264426846,17,6,food,0,1,238.78258050283705,1,0,0,TXN000695,12.409782312804317
74147.03575539545,2,5,shopping,1,8,197.91844693765438,1,0,1,TXN009859,372.7509283170446
464.30435586300365,12,6,transport,0,4,3724.62255312087,0,0,0,TXN003752,0.1246246363507936
1021.8459446874758,10,6,food,1,4,1874.2900169304032,0,0,0,TXN006337,0.5449002210122676
2715.6517883569386,12,1,grocery,0,5,3271.4379794384313,0,0,0,TXN001227,0.8298558461367569
5797.269921583756,12,2,grocery,1,4,3433.75268348024,0,0,0,TXN001999,1.6878274670156777
3102.792808266112,19,6,shopping,1,3,786.6436940694726,0,1,0,TXN000276,3.9393355544244804
769.0448333474739,11,5,shopping,0,4,183.88321619183426,0,0,0,TXN008176,4.15962491992521
1901.8016121962678,13,3,food,1,5,1793.6370960059855,0,0,0,TXN007664,1.0597137529524938
1067.6910501947475,21,4,utility,1,2,935.4357351219594,0,0,0,TXN005929,1.1401647867012399
3591.82457493892,14,6,grocery,0,4,1838.8510676989697,0,0,0,TXN002953,1.9522365902317709
336.3002890015305,8,4,food,1,1,626.183901940845,0,1,0,TXN003637,0.5362068253997531
507.4418128575126,15,3,food,0,1,661.5991485405772,0,0,0,TXN003906,0.7658352926881813
1441.3151142660874,11,3,food,1,2,2479.3022221862225,0,0,0,TXN004778,0.5811046336908344
1575.6936525536819,11,5,grocery,0,4,791.2280507792711,0,0,0,TXN005845,1.9889394865578904
38960.99332619583,2,0,grocery,1,7,681.1263437233733,0,1,1,TXN009698,57.116975007192956
2705.5436932420994,14,0,transport,0,3,1349.0751327328176,0,0,0,TXN004117,2.003994909354079
797.5808001120264,18,2,food,1,5,1482.5582978754944,0,0,0,TXN007030,0.5376133861771317
352.2580822799474,15,3,food,0,5,1725.8766584183036,0,0,0,TXN001137,0.20398566427007636
968.0481635415214,11,6,grocery,0,1,912.8364074214838,0,0,0,TXN002767,1.0593232614500483
9561.706097518958,9,6,shopping,0,2,1277.783444353416,0,0,0,TXN002334,7.477189464517653
1794.7293090862768,16,0,food,1,2,1785.5246846912332,0,0,0,TXN007706,1.004592505474651
865.634372394007,17,4,food,0,1,1864.3159483069333,0,0,0,TXN000942,0.464068499054922
28.927704596008116,19,5,shopping,0,3,2843.3782628301733,0,0,0,TXN007662,0.010170132775246594
4599.141891829253,12,2,grocery,0,5,6212.486571383621,0,0,0,TXN002490,0.7401869850352175
109859.02106566954,4,3,food,1,16,845.4129288791177,1,1,1,TXN009679,129.7936471872576
482.5869159062748,10,2,food,0,3,3045.9806874656547,0,0,0,TXN006290,0.1583820067818249
855.5537209327225,13,6,transport,1,4,746.0782699009526,0,0,0,TXN004935,1.1451995800201116
327.56826769865154,16,6,grocery,0,2,663.4289115602144,0,0,0,TXN003935,0.49300724577058896
1756.1318545267386,16,6,transport,0,5,774.800109863191,0,0,0,TXN006956,2.263639605357139
1890.2414846113197,12,2,food,0,1,2821.0773277051558,0,0,0,TXN002384,0.6698049929582964
372.41074248538865,21,4,food,0,4,1072.2584525741092,0,0,0,TXN000115,0.346990737964557
1260.5704438783762,16,1,transport,0,5,1034.1390802464966,0,0,0,TXN001863,1.217778816328911
30169.926755948643,5,5,shopping,0,17,152.58101260619705,1,1,1,TXN009976,196.4430774610694
165.71948613112542,11,6,utility,0,5,1066.0914657909748,0,0,0,TXN003119,0.15530017008269006
1658.6415499934005,13,6,grocery,0,4,343.143216353612,0,1,0,TXN004258,4.819625874273004
827.9699013715028,20,2,shopping,1,1,978.4016421384177,0,1,0,TXN006705,0.8453834114099706
2049.4327653638916,10,2,grocery,0,1,6563.8794260033865,0,0,0,TXN000902,0.3121813261712195
8607.788383900479,13,5,grocery,0,5,1697.75872768542,0,0,0,TXN002819,5.0671047298333525
1264.824191183637,20,0,grocery,0,1,155.18182123387035,0,0,0,TXN003822,8.098408516376942
567.5721733877778,9,2,food,1,2,117.71177438779459,0,0,0,TXN008161,4.781094178018899
362.3239102235946,14,3,transport,0,5,654.3191820063184,1,0,0,TXN006890,0.5528968480890601
269.63546782155873,14,4,transport,0,2,588.1656179832862,0,0,0,TXN009090,0.45765648841580553
1115.9138593034415,22,1,utility,0,3,741.5754334228899,1,0,0,TXN004699,1.5027616173075562
255.39906982994026,14,4,grocery,0,3,101.43210703007074,0,0,0,TXN008918,2.4933497634190362
532.2776250497625,20,5,utility,1,3,364.7342867266842,0,0,0,TXN003802,1.455367036581772
599.0344744945509,9,1,grocery,0,2,1745.5141028470443,0,0,0,TXN006068,0.3429886271848862
608.903587696733,10,4,food,0,3,1328.2132740114105,0,0,0,TXN005810,0.4580932192011091
978.6511320481609,11,6,food,0,4,1451.1524119034368,0,0,0,TXN003536,0.6739314165827642
2734.235681734608,9,2,shopping,0,3,833.372196483384,0,0,0,TXN003825,3.2769975956276474
446.531306512066,12,0,food,0,3,271.12266437065426,0,0,0,TXN008642,1.640919206581971
607.6257986817257,17,4,grocery,0,1,554.3677866810049,0,0,0,TXN008608,1.0940962246172499
5625.174032647898,10,5,grocery,0,2,685.8811782773613,0,0,0,TXN004810,8.189442672974893
492.6393006605296,14,6,grocery,0,1,823.9005762720884,0,0,0,TXN001946,0.5972105182504268
794.1365686510535,14,3,transport,0,5,763.575852055352,0,0,0,TXN008600,1.0386628959261996
2054.3245659869567,21,2,utility,0,5,642.5060713109032,0,0,0,TXN007136,3.1923934482887444
372.607683932548,22,0,grocery,0,1,205.23424366466753,0,0,0,TXN005335,1.8067207332376873
2048.407258447549,8,0,grocery,0,3,869.9910772697558,0,1,0,TXN003488,2.3518119897032355
6961.213587200383,21,6,grocery,0,1,542.8859653769516,0,0,0,TXN001610,12.799031470458642
965.6845264550235,13,3,grocery,0,5,1132.349750911973,1,0,0,TXN007461,0.852062239108418
17133.354803725033,10,6,grocery,0,2,691.9459948878322,0,0,0,TXN008473,24.72538254081175
458.7060215450813,22,3,grocery,0,5,650.7886504630861,0,0,0,TXN004677,0.7037649723099313
1044.9040283329844,19,2,grocery,0,4,289.23667734082204,0,0,0,TXN004959,3.6001791293454066
115.29182067076887,11,4,food,0,5,840.016532787022,0,0,0,TXN005867,0.13708627140623075
1009.1052639083058,21,5,grocery,0,3,1241.1432716729844,0,0,0,TXN008763,0.812390395633822
1002.9130903722826,22,1,food,0,4,2772.13354039074,0,1,0,TXN004761,0.36165337001079656
870.6271794933211,9,2,transport,0,1,3145.525698262335,0,0,0,TXN002194,0.27669476209081145
4028.2877690971736,21,6,transport,1,4,680.7646891485628,0,0,0,TXN008003,5.908618960785417
4725.2716584601585,13,3,shopping,0,5,3034.2401706499154,0,0,0,TXN005701,1.5568032158220837
5204.019737479093,18,1,grocery,1,1,855.3298078220066,0,0,0,TXN005113,6.077120859210801
822.0851425929029,8,6,transport,0,1,350.2677232481045,0,0,0,TXN000557,2.34033783403508
1459.7431982683563,8,1,grocery,0,2,1583.0190263718837,0,0,0,TXN008065,0.9215439801956326
766.2109108965853,21,4,shopping,0,2,928.8104757199673,0,1,0,TXN005139,0.8240506327951359
1651.0073946075947,14,3,utility,0,3,310.69246140635056,0,0,0,TXN001207,5.296911536321027
2738.517927634819,16,1,grocery,0,5,1535.440413937859,0,0,0,TXN007033,1.7823782183755925
728.9317818120101,8,1,transport,0,2,1813.720790989934,0,0,0,TXN007309,0.4016770984446463
1543.4167717405285,20,4,transport,0,4,1253.1337164218958,0,0,0,TXN001510,1.2306636457745281
475.23664760783765,12,1,food,0,3,1304.2323638201112,0,0,0,TXN006769,0.36410118288588145
693.3962581021551,11,4,utility,0,3,1230.627666021196,0,0,0,TXN003829,0.5629917849622436
1329.5810180821545,14,5,utility,0,5,824.7900244854467,0,0,0,TXN003732,1.610071541988682
929.2901614313469,20,0,shopping,1,2,1674.7508715377894,0,0,0,TXN007957,0.5545515011897701
9099.839516782204,18,4,utility,0,3,830.2075165626825,0,0,0,TXN003211,10.947734874214136
226.71438359993593,19,0,food,0,2,600.6524597470416,0,0,0,TXN003630,0.3768195075530076
1404.2680035780677,17,5,grocery,0,1,527.2302748085285,0,0,0,TXN001708,2.658439075812311
932.8390881594573,11,1,transport,0,4,815.9723804120499,0,0,0,TXN001845,1.141824510259415
14747.412167062004,18,3,utility,0,2,561.727948013326,0,0,0,TXN000266,26.207001481136263
2438.7635730958123,8,1,shopping,1,5,1267.4225769075479,0,0,0,TXN005985,1.922674365385068
5525.035349812987,20,1,shopping,0,3,1760.2667977336666,0,0,0,TXN001140,3.136966731515293
2834.5585751287117,12,0,grocery,1,4,221.05193212898652,0,0,0,TXN003162,12.765295703358982
1559.251339087319,13,3,transport,0,1,482.6761234782029,0,0,0,TXN006207,3.2237509014802286
2145.8051810461648,9,4,utility,0,5,1115.6955634854278,1,0,0,TXN002046,1.9215668542182458
1484.7057353497685,10,1,transport,0,4,227.42501862246553,0,0,0,TXN003730,6.499750965561476
4254.809799045409,10,2,utility,0,5,453.62359380740975,0,0,0,TXN001909,9.358972690818717
585.7912461376379,12,5,transport,1,4,6802.893848053434,0,0,0,TXN007307,0.08609647052404122
246.36401741843352,15,0,grocery,0,5,980.2179362867173,0,0,0,TXN002660,0.2510798144913289
1315.665954655852,12,5,transport,0,4,1806.8366127231777,0,0,0,TXN000656,0.7277571133345064
3159.3958846706823,16,0,grocery,0,2,3455.057478031995,0,0,0,TXN006660,0.9141618461941083
1064.5539985370658,20,1,shopping,0,4,1258.0291875079176,0,0,0,TXN001307,0.8455355992534297
2279.410934762259,20,5,transport,0,3,997.3831348650077,0,0,0,TXN009429,2.283102403437995
184.95728227466114,22,6,grocery,0,2,1073.2190909433118,0,0,0,TXN000998,0.17217836085210816
1006.8492376562792,10,3,utility,0,1,2536.9722442967077,0,0,0,TXN007432,0.39671404599433874
1339.4760209245396,13,3,transport,0,4,1499.421930325622,0,1,0,TXN002834,0.8927328998942625
806.8745917298238,16,2,utility,0,5,1437.4335283591147,0,0,0,TXN009178,0.5609397833282305
2507.260648249381,11,0,food,0,2,1493.3005725016565,0,0,0,TXN005880,1.6778824116033735
863.2694376548328,15,1,food,0,5,4038.7704735334896,0,0,0,TXN001237,0.21369269450097048
2158.122904959732,10,4,transport,0,1,959.9533993861305,0,0,0,TXN002151,2.2458143197561595
769.7367800587917,14,2,shopping,0,4,1547.2256176046958,0,0,0,TXN007919,0.4971735200000589
17064.456079779702,5,2,food,1,13,383.88967263227494,1,1,1,TXN009695,44.33596766334426
632.9842903985594,17,5,transport,1,1,3263.6883837419728,0,0,0,TXN007189,0.19388811916959603
513.037139464193,11,6,grocery,0,1,764.2102789882845,0,0,0,TXN008303,0.6704524933231428
627.1487217394824,13,3,utility,0,1,636.4724312398283,0,0,0,TXN006578,0.9838052455378076
4477.443560564203,8,0,utility,0,4,2506.0561731639586,0,0,0,TXN005091,1.785936672856266
166.8368774517023,21,0,grocery,0,4,1518.739223554666,0,0,0,TXN002186,0.10977993781161434
360.5651026621262,18,0,transport,0,5,1026.7069634616937,0,0,0,TXN001134,0.3508442732037261
954.797215420921,21,1,food,0,2,1064.0838275496517,0,0,0,TXN005004,0.896452646002092
455.31237918740857,15,6,utility,0,2,538.6658062788257,0,0,0,TXN007974,0.8436932151157364
2069.5780224674427,16,0,utility,1,5,150.3950640639946,0,0,0,TXN001303,13.67004951754988
655.7571719048303,12,6,utility,0,4,5368.304144527192,0,0,0,TXN008468,0.12213075554180117
485.7029286123161,16,1,shopping,0,4,1880.6563507115084,0,0,0,TXN001627,0.2581252035891983
1269.0145258163175,22,6,food,0,2,782.2654032120314,0,0,0,TXN009281,1.620159042659507
389.3177872657007,13,6,grocery,0,1,1979.3458713032182,0,0,0,TXN001522,0.19659080411519225
59360.91404501162,2,5,shopping,1,11,494.03987664936346,1,1,1,TXN009810,119.91137854750421
63.43209037244163,22,5,grocery,0,5,1129.4342137450237,0,0,0,TXN000358,0.056113031259286635
4608.100413044658,13,6,food,0,4,277.99384587902705,0,0,0,TXN000138,16.516853260780348
175.26414437715405,9,3,transport,0,3,2014.3118563516368,0,0,0,TXN000299,0.08696626471222105
912.7478618379729,17,1,transport,0,4,392.1258243907971,0,0,0,TXN001556,2.321770296450003
1706.7329388623723,8,5,transport,0,5,880.9020172179618,0,1,0,TXN005099,1.9352863532917328
3966.273367089013,17,3,shopping,0,1,519.3475836381364,0,0,0,TXN000382,7.622353772372402
645.4767823850295,8,4,food,0,3,938.5297441104011,0,0,0,TXN008312,0.6870211256549443
1293.305826313879,21,0,transport,1,1,1686.247318164896,0,0,0,TXN006948,0.7665182290646754
1149.3321326251437,22,4,transport,0,2,701.2082665960047,0,0,0,TXN004857,1.6367396786662707
477.00328529551825,9,3,transport,0,2,551.0242079616528,0,0,0,TXN003180,0.8640984913629983
940.8083444215224,18,4,shopping,0,1,1608.5833153207436,0,1,0,TXN001439,0.5845042847216929
485.2619679473187,13,0,utility,1,4,1155.160995091293,0,0,0,TXN007269,0.41971833508273765
1824.4706055724985,12,2,food,0,1,5140.223298908918,0,0,0,TXN005673,0.35487091291282596
2133.10626025475,10,2,grocery,0,2,401.639185819731,0,0,0,TXN000946,5.297810882246769
3835.087211621379,13,4,utility,0,1,1230.531266232382,1,0,0,TXN002390,3.1140802647699264
5130.139370523332,16,6,food,0,3,686.1688561252685,0,0,0,TXN005498,7.465616820079119
334.577876699672,9,2,food,0,5,967.5667476747404,1,1,0,TXN007073,0.3454360553910203
774.2483244825314,15,1,shopping,0,1,404.6070151046892,0,0,0,TXN009230,1.9088632485379822
899.1328628209321,19,1,grocery,0,1,2719.728850686532,0,0,0,TXN002721,0.3304749984894858
827.2898775556422,16,4,shopping,0,2,772.8715030980202,0,0,0,TXN001932,1.069027447378245
2492.3146583027533,14,0,transport,0,3,1142.33791746402,0,0,0,TXN007423,2.1798583080589427
4955.784448416289,11,0,transport,0,5,1099.9413666681778,0,1,0,TXN003236,4.501406340479488
1441.7523769721959,13,3,utility,0,2,915.3086328669756,0,0,0,TXN003140,1.5734353309115894
584.9680970834295,13,5,utility,0,2,697.7266179671084,0,0,0,TXN004163,0.8371916598588292
1840.4360674590341,12,0,transport,1,1,286.1020178765953,0,0,0,TXN008888,6.410390568031836
354.3668020570891,13,3,shopping,0,5,5948.9553738213435,0,0,0,TXN003807,0.0595578924198717
1281.3575587915752,9,1,grocery,0,5,1351.7188745140168,0,0,0,TXN009479,0.9472460116681087
1559.3722461746192,20,4,grocery,0,1,2530.3378413727896,0,0,0,TXN006983,0.616026916947974
2946.950260687779,17,5,food,0,3,1052.6088171243384,0,0,0,TXN008904,2.7970060735928746
17177.872861006497,3,2,utility,1,9,372.0221843074839,1,1,1,TXN009722,46.050539575540895
131.10164313267785,11,5,utility,0,3,3891.0047360388917,0,0,0,TXN004154,0.033684862178792525
291.4425332371959,14,2,food,0,2,1226.7727678205936,0,1,0,TXN004172,0.23737497758199383
7895.74027823554,21,3,grocery,0,5,529.6295471031468,0,0,0,TXN000796,14.879948395901748
4088.8025034275643,13,4,grocery,0,2,1386.0932415126956,0,0,0,TXN002416,2.9477488470555286
1665.8510742198944,15,0,utility,1,5,1449.601756779168,0,0,0,TXN007170,1.1483862241547629
1220.829550513086,20,3,utility,0,2,659.9941070985819,0,0,0,TXN006139,1.8469598100834643
2819.6984422318565,21,6,transport,0,3,1274.4289208224031,0,0,0,TXN000785,2.210784463326816
1704.146706259031,15,4,grocery,0,5,2656.1926253045385,0,0,0,TXN007067,0.6413335224666749
2148.997615808125,20,1,grocery,0,5,896.7421342896698,0,0,0,TXN003158,2.393780500798817
527.496743348431,9,3,grocery,0,5,1345.8717419349898,0,0,0,TXN000123,0.39164586123887357
1789.714259975943,21,5,utility,0,2,1223.056479613614,0,0,0,TXN009457,1.46211738574423
3607.349780809751,15,1,utility,1,1,420.36608903077735,0,0,0,TXN009246,8.561082333671763
392.58305207999365,10,5,utility,0,5,675.4319340299847,0,0,0,TXN002172,0.5803733270561282
1434.7928884178136,12,5,grocery,0,1,2131.3386174047237,0,0,0,TXN002169,0.6728729089773297
986.8075752721454,19,2,transport,0,2,211.5702173193596,0,0,0,TXN006880,4.642266389508333
3170.070661052849,8,4,food,0,5,511.8271294355362,1,1,0,TXN004009,6.181558032123056
268.1580688527869,21,1,utility,0,5,1241.4045716625683,0,1,0,TXN009296,0.21583796049135714
1994.546829393976,14,0,food,0,4,664.3778227729874,0,0,0,TXN004340,2.997615431607904
947.2085865415137,16,2,transport,0,4,584.5553773591506,0,0,0,TXN000910,1.6176242643580796
435.7301377588234,12,5,grocery,1,4,740.7324683236263,1,0,0,TXN006268,0.5874491900612194
1135.4161086644706,18,2,grocery,1,2,1889.6245652643618,0,0,0,TXN007771,0.6005508071380147
893.4295870751023,13,3,food,0,2,5829.953290134524,0,0,0,TXN002309,0.15322187344335428
5000.0,4,4,food,1,12,677.5606294526518,0,1,1,TXN009658,7.368538319167081
1313.3530033265224,9,4,transport,0,2,706.9634243187008,0,0,0,TXN003634,1.8551142025315928
1471.5654407077193,15,6,transport,0,1,3188.734567274619,0,0,0,TXN001257,0.4613441681967468
836.2188050372329,12,4,utility,0,1,2008.1570365121866,0,1,0,TXN006591,0.4162038057955261
476.68623046207415,14,1,grocery,1,5,1344.6595247343453,0,0,0,TXN004458,0.35423985168624256
1069.8402092960914,9,0,transport,0,2,3501.5819002762028,1,0,0,TXN006133,0.30544331003701214
1674.8985479253279,19,6,transport,1,5,516.5144217430698,0,1,0,TXN001178,3.2364287400610148
3562.035280760887,15,6,food,1,5,602.246012931095,0,0,0,TXN004652,5.904780478288475
1102.634774485789,13,1,grocery,0,4,994.5970555205843,0,1,0,TXN006218,1.1075110843003007
1018.4276715469254,19,3,transport,0,2,755.2702512428974,0,0,0,TXN003650,1.346645157433052
258.80488885568576,13,2,shopping,0,5,1769.555521689759,0,0,0,TXN000442,0.14617157478839807
1077.1479410574955,16,5,utility,0,5,183.01009261375822,0,0,0,TXN003415,5.853743812403029
2045.3870164615919,18,5,food,0,4,690.3696658084424,0,0,0,TXN001399,2.9584564056189104
767.0752850989609,18,4,transport,0,4,806.6480897912028,0,0,0,TXN001457,0.9497642535095564
1808.4734139904754,13,3,utility,0,2,719.375503364021,0,1,0,TXN007524,2.5104593445296755
1093.4409618539714,10,3,transport,0,4,3271.497008039822,0,0,0,TXN005744,0.33413046953675496
2815.622407093627,22,4,grocery,0,1,905.6287115287705,0,0,0,TXN001054,3.105595897515625
1874.8614879182062,9,4,transport,0,5,924.7958793361254,0,0,0,TXN008998,2.0251348377815654
1361.7892490799325,20,3,food,0,1,1296.1359641524189,0,0,0,TXN003275,1.0498431056683866
872.643801693444,17,4,transport,0,3,758.104602370016,0,0,0,TXN001463,1.1495698998121535
1051.1794561885933,11,2,shopping,1,1,629.3142985169602,0,0,0,TXN003699,1.6677068228689542
378.6988557827689,20,5,grocery,0,4,813.2453782849404,0,0,0,TXN003759,0.4650918087867186
643.5475507037374,11,0,utility,0,4,727.8128888997556,1,0,0,TXN000929,0.8830079167168159
404.33438341452575,21,4,grocery,0,2,1114.8394041399345,0,0,0,TXN005511,0.3623589397492
410.3033863871582,22,3,grocery,0,1,1760.7762009200974,0,0,0,TXN006468,0.23289188840947844
416.5265497404478,13,1,grocery,0,5,1798.8524471909238,0,0,0,TXN008412,0.23142260933141023
2011.7537844677563,12,0,utility,0,4,2036.9588368975083,0,0,0,TXN001829,0.9871415202528598
3315.825100723244,19,2,transport,0,1,1769.4124768498111,0,0,0,TXN002928,1.8729110555203878
882.1348000581942,20,1,food,0,1,1396.447961425033,0,0,0,TXN008295,0.6312469762084352
2553.975788678924,14,2,transport,0,2,599.1775725957632,0,1,0,TXN006538,4.255366920214961
402.098936495671,17,3,shopping,1,3,1625.3228762960737,0,0,0,TXN004221,0.24724422336814533
4700.392701536682,9,0,utility,0,2,250.0230571792377,0,0,0,TXN003546,18.72494405237231
1210.9080267386137,17,5,grocery,1,3,1869.4316343414978,0,0,0,TXN005598,0.6473949672931643
257.72038669695735,21,6,grocery,0,2,456.45691025231895,0,0,0,TXN008937,0.5633763113443992
1397.5318168162862,14,2,grocery,0,3,370.4830235360493,0,0,0,TXN007318,3.76203413957803
6857.609210580352,20,3,grocery,0,5,1073.8293790612952,0,0,0,TXN008350,6.380184003315448
395.5189366364703,8,6,grocery,1,1,1551.5156058885075,0,0,0,TXN002011,0.25476003921397883
1423.3475666360675,14,4,grocery,0,4,381.37293958779196,0,0,0,TXN000913,3.7224066330909125
2950.1146989867334,21,0,utility,0,4,1055.3603561212228,0,0,0,TXN008248,2.7927162183736782
1701.8749396987248,9,1,shopping,0,5,409.12004676776576,0,0,0,TXN007265,4.149699467537677
1341.299982304546,18,1,transport,1,3,4027.473829313529,1,0,0,TXN003219,0.33295487053793515
1925.4416717699705,8,2,transport,0,5,3185.136779940969,0,0,0,TXN002606,0.6043185854078882
5200.011081223495,19,1,grocery,0,3,2784.734882050228,0,0,0,TXN003264,1.8666568433089452
863.1123829921279,19,6,utility,0,3,532.3366766327077,1,0,0,TXN004928,1.6183255733348456
1021.9628780663305,14,6,transport,0,5,539.2675365044324,0,0,0,TXN008661,1.8915866844017681
1040.5995332854664,10,5,food,0,4,1830.197910258896,1,0,0,TXN006564,0.5682616430784074
1689.1767572912577,11,6,utility,1,4,1416.4011239229415,0,0,0,TXN008129,1.191742216639509
1346.7582495096112,8,6,utility,0,2,566.8108704894335,0,0,0,TXN000006,2.3718430193996674
3315.809786562598,14,1,transport,0,1,630.3977023006715,0,0,0,TXN002980,5.251539203390401
589.9141695175962,9,5,grocery,0,4,759.5455215903161,0,0,0,TXN006583,0.7756461023977549
288.01773032211685,12,1,food,0,5,1789.487644454188,0,0,0,TXN003361,0.16085993735517573
1331.1502722224652,13,5,shopping,0,2,1525.402436819783,0,0,0,TXN004774,0.872083429711944
1187.4691380452632,18,1,utility,0,4,882.4062093101423,0,0,0,TXN001943,1.3441937871056686
2209.4459531698253,12,3,grocery,0,1,1106.9769638734942,0,0,0,TXN007452,1.9941262546159704
320.2242409003452,17,1,grocery,0,2,891.3871357998376,0,0,0,TXN005499,0.3588400460449617
644.5733331145764,11,1,food,0,1,460.4470483102614,0,0,0,TXN001635,1.396852218417891
507.53983521099707,13,1,shopping,0,2,1192.5853866820612,0,0,0,TXN001141,0.42522289638771515
617.80945587538,16,3,grocery,0,5,1499.5717492387018,0,0,0,TXN002041,0.41171603836258985
1294.1574247215913,12,4,transport,0,2,1331.621610100233,0,0,0,TXN006703,0.9711364538237162
707.396346424194,21,5,transport,0,4,863.8709600170547,0,0,0,TXN007818,0.8179212612367568
752.9632491115856,19,4,food,0,2,1243.7934344495952,0,0,0,TXN002070,0.6048901193349562
1495.9842612349435,11,3,transport,0,1,2905.288924491467,0,0,0,TXN003134,0.5147403785728929
735.0529710836166,17,1,food,0,3,441.15123339479584,0,0,0,TXN005160,1.6624469538170201
4592.035201971431,17,3,shopping,0,4,1188.653896584749,0,1,0,TXN008331,3.8599757586254433
1508.4336048041584,11,4,transport,0,5,1813.9110260140378,0,1,0,TXN005275,0.8311336386098362
254.60098751065323,16,2,food,0,2,863.9908178232893,0,0,0,TXN002242,0.29433952622912835
2483.6067733021177,12,4,utility,0,4,991.7140058701907,1,0,0,TXN001474,2.501835129368447
1266.6315877479435,20,5,transport,0,2,1167.0818455243548,0,0,0,TXN008590,1.0843688673025729
2461.089826354207,22,1,grocery,0,2,5249.89630881735,0,0,0,TXN001889,0.4686989956784186
376.0339573255941,13,1,transport,0,3,1263.4814663346037,0,0,0,TXN003435,0.29738194456548006
1334.9348147642008,21,0,food,0,2,1490.1952742214028,0,0,0,TXN007593,0.8952112696717134
364.27731618584454,16,6,transport,0,4,1009.6163572235973,0,0,0,TXN007745,0.3604506433940973
1046.8107278889988,21,6,utility,0,3,2673.8158613805385,0,0,0,TXN003705,0.3913580530918169
7962.278249760103,16,3,transport,0,4,3086.915140729538,0,0,0,TXN002021,2.5785288412682768
4090.1823709599207,14,6,grocery,0,4,1314.3690630419014,0,0,0,TXN004020,3.1095321350351894
2787.328508780808,13,6,transport,1,3,4998.839276720137,0,0,0,TXN008830,0.5574836218753972
5247.22508156883,14,6,utility,0,2,500.46210909713,0,0,0,TXN008443,10.46385157797132
337.5860067510803,12,4,grocery,0,5,1131.253360201983,0,0,0,TXN003500,0.2981541222283131
1812.65200212554,11,4,shopping,0,5,847.848933404012,0,0,0,TXN002658,2.1354235492251052
660.1510394393551,17,6,food,0,4,4417.319913065937,0,0,0,TXN008456,0.14941223189546424
1215.5661842069055,10,4,grocery,0,1,861.3673186595347,1,0,0,TXN006888,1.4095689364671005
290.6736983503516,18,6,shopping,0,3,531.9260491580927,0,1,0,TXN001130,0.545429706071889
370.50185698826886,19,2,shopping,0,1,7955.83523488898,0,0,0,TXN005557,0.04656397249043179
461.5592793338438,10,6,shopping,0,1,2063.1948549408767,0,0,0,TXN007358,0.2236025723196873
365.7001064430399,13,4,food,1,2,663.9186694398195,0,0,0,TXN001819,0.5499922370222132
353.7161299495353,14,6,utility,0,5,910.6350216621703,0,0,0,TXN007538,0.38800191035290643
161.36989818347448,21,6,transport,0,5,1200.0147080899749,0,0,0,TXN009386,0.13436130057067155
1237.203101420143,14,5,transport,0,3,3709.228948728096,0,0,0,TXN004318,0.33345734684223965
49385.005974679334,3,5,transport,1,12,173.01844714230535,1,1,1,TXN009604,283.79178636328277
1826.0076450512329,21,0,utility,1,4,1919.8515499660382,0,0,0,TXN004144,0.9506240318693643
1188.3482213953143,18,0,transport,0,1,1166.2394784948656,0,0,0,TXN004669,1.0180843291281307
1349.0277634757194,20,2,grocery,0,4,478.530375062433,0,0,0,TXN001236,2.813226927074393
2406.7132303301532,12,2,grocery,0,5,2729.257439586628,0,0,0,TXN005476,0.8814968125110353
6253.3829348957715,3,3,food,0,12,561.8156946606696,1,1,1,TXN009836,11.110889398111107
2122.4854320105574,19,2,transport,0,5,733.398774541223,0,0,0,TXN001856,2.8900993650710656
361.495600757184,15,6,grocery,0,2,2111.7284797430902,0,0,0,TXN002282,0.17110367196883822
757.6968072887969,8,1,transport,0,4,1729.4379696600938,0,0,0,TXN008693,0.43786418269452887
301.1765462119131,11,1,food,0,3,322.77755129414186,0,0,0,TXN009320,0.9301958860585228
4007.519945737979,21,5,grocery,0,1,2189.6765797795506,0,0,0,TXN004093,1.8293526222575762
218.3498394231629,15,2,grocery,0,3,1862.3373646020773,0,0,0,TXN007061,0.1171821289966953
912.3387339288057,12,6,grocery,0,5,2112.5553916299223,0,1,0,TXN005200,0.4316606688151345
874.6507924183591,21,3,utility,0,4,863.0025771575699,0,0,0,TXN006401,1.0123242864573623
20714.499041121922,4,3,shopping,1,8,337.70137446021613,0,1,1,TXN009929,61.15859161816022
280.99165448086796,17,2,utility,0,4,358.47305511656725,0,0,0,TXN003421,0.7816765414858426
2553.6533640340103,12,5,food,0,4,443.35591585115156,0,0,0,TXN009269,5.746864783250511
3535.6825011156366,12,1,grocery,0,2,700.1465890705354,0,0,0,TXN000386,5.042715112973254
2151.5959578164634,13,6,shopping,0,1,2807.3724644897493,0,0,0,TXN008548,0.7661362533004984
1940.0830997830312,9,1,shopping,0,1,3776.0820575412827,0,0,0,TXN001628,0.5136460024503523
1060.9627171407917,12,3,utility,0,1,328.58725995347646,0,0,0,TXN003585,3.2190647092686593
25347.183798893082,11,6,shopping,0,4,3152.849112398062,0,0,0,TXN007412,8.036904396995736
161.8483305104756,8,4,transport,0,1,1918.0564388139876,0,0,0,TXN002714,0.08433745211292527
558.392512821044,21,2,transport,0,4,1389.773753319639,0,0,0,TXN007171,0.401497735694405
3297.104062713425,11,2,transport,0,1,665.6562465351857,0,0,0,TXN008435,4.945733396858535
419.3678727082047,21,3,grocery,0,3,824.6187945637676,0,0,0,TXN009321,0.507943708972597
3471.182704402422,17,2,food,1,5,205.76783358413113,0,0,0,TXN005659,16.787827411220825
661.5283172986348,19,4,utility,0,3,361.2038154494571,0,0,0,TXN003189,1.8263979811414939
42867.51360407539,1,4,shopping,1,19,315.92067002070235,0,1,1,TXN009968,135.26259931633723
625.0537575173083,9,4,utility,0,3,649.4243064801016,0,0,0,TXN004305,0.9609938486153894
1052.66725474691,13,5,transport,0,5,531.3938918569982,0,0,0,TXN000909,1.9772339067888067
877.6534280598715,15,5,food,0,1,880.3358702330758,0,0,0,TXN005385,0.9958217493493935
3800.268090383392,22,4,food,0,2,2394.0537074032154,0,0,0,TXN001996,1.5867151866518057
793.8736021460005,8,6,food,0,3,1231.718043617055,0,0,0,TXN001866,0.6440025813336907
4432.682354363646,14,2,transport,0,2,1570.4104582219697,0,0,0,TXN001842,2.8208303764117537
541.6842548626056,20,5,transport,0,3,645.7214511090496,0,0,0,TXN002497,0.8375851055097712
360.21647345498195,9,0,utility,0,3,990.2542195070216,0,0,0,TXN000201,0.36339464323705745
1748.3993180896073,22,6,transport,0,5,1496.363455743859,0,0,0,TXN007905,1.1676519227063937
1492.3813379374953,21,6,grocery,1,1,612.3787909958754,0,0,0,TXN007724,2.4330501149452535
710.0000439067192,14,2,shopping,0,2,1308.4946538818433,0,0,0,TXN005054,0.5421939232833118
583.7978695932242,14,6,transport,0,3,1240.465730584824,0,0,0,TXN005889,0.4702488801831133
3292.701960828631,13,4,transport,0,5,1703.3111455628987,0,0,0,TXN004006,1.9319840566677275
7387.398985099505,5,5,utility,1,18,278.6065855139374,1,0,1,TXN009901,26.420690240614057
1788.4964193375447,9,1,shopping,0,4,1094.8632649750346,0,0,0,TXN002702,1.6320434095199727
10230.368881898503,8,5,grocery,0,3,2090.8285076809525,0,0,0,TXN003449,4.890634602374798
2309.0383045926465,19,0,utility,0,4,4001.398822377584,0,0,0,TXN000331,0.5769135978360562
611.8208140268906,9,6,utility,0,3,2933.6878258046827,0,0,0,TXN007139,0.20847901049207207
862.4620336649635,11,0,shopping,0,1,1696.9550620866644,0,0,0,TXN008960,0.507941613369355
10148.653013227118,3,2,food,1,5,1358.875854315006,1,1,1,TXN009819,7.462926105368036
730.9994031406021,22,5,utility,0,5,710.4968750461971,0,0,0,TXN007176,1.0274105604373016
1678.9283250599904,14,0,food,0,1,228.92904230302005,0,0,0,TXN002459,7.301941104279275
571.6674551123857,19,6,transport,0,4,2975.7045297312616,0,0,0,TXN001774,0.19204709416154117
1461.5025731542096,16,3,transport,0,2,661.7324839798198,0,0,0,TXN006628,2.2052677490284487
996.1080265308241,11,6,food,0,4,446.1366820257546,0,0,0,TXN007596,2.227748396794359
234.01350594191405,19,5,food,0,3,2427.680378693808,0,0,0,TXN007986,0.0963541798232714
305.79515132682445,9,0,grocery,0,1,2473.298116497592,0,0,0,TXN002686,0.12358864491223163
646.5620105198597,14,4,grocery,0,5,5263.682079195095,0,0,0,TXN009147,0.12281121647875669
531.9307850458488,20,0,shopping,0,1,1996.7006820089534,0,0,0,TXN000989,0.26627151396420495
589.2586381074096,13,6,utility,0,5,1230.0630063629276,0,0,0,TXN009046,0.47865839121291187
3292.5433565033013,15,0,grocery,0,4,1426.393672281098,0,0,0,TXN008348,2.3066820460549846
880.0950502850533,9,5,utility,1,5,2101.332498973963,0,1,0,TXN008875,0.41862790529784466
3963.8843294415947,21,3,grocery,0,2,386.991018887137,0,0,0,TXN008550,10.216433207168262
675.2239780205476,13,1,transport,0,1,977.0817642479972,0,0,0,TXN005806,0.6903553493195906
968.6192706951707,14,6,transport,0,3,719.7498864603737,0,0,0,TXN008733,1.3439048536685754
641.4004398622798,16,3,shopping,0,3,569.4422367123605,0,0,0,TXN008697,1.1243915660223092
10536.163993191223,9,3,grocery,1,4,525.314391766153,0,0,0,TXN006574,20.01876474978201
299.54708712670765,12,2,food,0,1,1327.3711150675656,0,0,0,TXN003052,0.22549954883012616
915.8608068958653,14,1,grocery,0,4,1496.3884829929505,0,0,0,TXN008637,0.6116387412472019
429.2530439845946,9,6,grocery,0,2,603.457905851594,0,0,0,TXN005462,0.7101454705598382
820.585939595117,11,4,food,0,4,258.76480734976604,0,0,0,TXN000173,3.1589573197658796
717.3214614176075,14,2,food,1,3,762.9552266756936,0,0,0,TXN004954,0.9389574629117858
2251.4452038575237,12,1,shopping,0,2,2270.996014931387,0,1,0,TXN004615,0.9909547327817457
1028.437773471469,8,6,shopping,0,4,1194.547043421204,0,0,0,TXN003321,0.8602235931498509
856.3242257709405,17,6,utility,0,1,7264.129111312653,1,1,0,TXN007065,0.11786772301644907
101.74097982992627,10,0,transport,0,1,1065.7165263587942,0,0,0,TXN006246,0.09537771030623866
1540.3778495129925,22,3,grocery,0,2,183.2180840033843,0,0,0,TXN006745,8.361708123534138
2183.5619503310695,11,6,grocery,0,4,888.1226300234438,0,0,0,TXN003372,2.455861403812762
9007.891850455788,20,1,food,0,5,603.3546689459876,0,0,0,TXN006048,14.904976023707764
1375.1309029918662,17,2,utility,0,3,600.2524434301345,0,0,0,TXN003311,2.2871107103478345
2970.2114532504,12,1,utility,0,5,1577.170520525245,0,0,0,TXN007416,1.8820599007652594
240.50626507824188,15,5,food,0,4,5669.397753883715,0,0,0,TXN007293,0.04241435530929318
97.96759276607987,16,5,transport,0,3,157.05945951059488,0,1,0,TXN007584,0.6198148030457679
452.87664639498183,14,2,grocery,0,5,729.7261392894305,0,0,0,TXN009377,0.6197624828849918
186.41440355855016,14,1,shopping,0,4,2008.4659084506316,0,0,0,TXN008811,0.09276813444537717
2591.9111954550895,22,5,transport,0,1,4800.76955512017,0,0,0,TXN008160,0.5397825042835118
1610.2748826455536,17,1,grocery,0,3,2147.7471119121888,0,0,0,TXN004679,0.749401767066277
1898.2742755486527,12,0,grocery,0,4,549.8168619665685,0,0,0,TXN003403,3.4462893324857355
101.59597916836783,14,1,shopping,0,4,689.6023524281347,0,0,0,TXN000018,0.14711212438121557
828.7255114208085,15,5,grocery,1,1,668.7685573486015,0,0,0,TXN003691,1.2373311681000174
3671.809932636272,13,2,shopping,1,3,2044.4439911009715,0,0,0,TXN008654,1.7951163408096549
213.40635873645445,8,0,grocery,1,5,374.04228012011856,0,0,0,TXN004096,0.5690194680666528
543.891868302724,19,6,grocery,0,4,485.5408028601602,1,0,0,TXN003628,1.1178751403899159
527.8114019774054,20,4,utility,0,2,1295.0854470962654,0,0,0,TXN008862,0.40723503466527444
2049.9922722814836,11,4,transport,0,1,1296.8665578832772,0,0,0,TXN002174,1.5795092799254085
1350.0008500069848,21,0,food,0,4,1211.823567166302,0,0,0,TXN001356,1.1131057200357595
513.6469065043503,20,5,grocery,0,4,1669.8860994462664,0,0,0,TXN005002,0.307409886691004
181.96279528437532,8,1,transport,0,3,2344.863453093793,0,0,0,TXN007391,0.07756751359265923
844.2365913124316,11,1,grocery,0,4,2159.759200709055,0,0,0,TXN006922,0.3907129452626626
1116.5176896716669,18,3,shopping,1,3,1903.5953961048695,0,0,0,TXN005823,0.5862230329628445
5815.365894751021,4,3,food,0,17,332.2341739471824,1,0,1,TXN009502,17.451289061585733
416.5418910958297,20,4,grocery,1,2,852.7532132081543,0,0,0,TXN005670,0.48789496150835837
4372.69869041309,18,2,transport,1,4,1490.1267723693356,0,0,0,TXN003112,2.932479499020101
884.3794386874138,21,6,food,0,1,1075.997614805918,1,0,0,TXN000182,0.821152643728728
291.4063334398991,15,6,utility,0,2,1130.9201536415544,0,0,0,TXN003642,0.25744424860923437
549.1867772972753,8,1,transport,0,1,192.24507382542748,1,0,0,TXN008857,2.8419186395064133
3223.1853728861065,11,1,transport,1,5,2797.3988849532275,0,0,0,TXN001812,1.1517962611466588
1569.859475221837,16,0,grocery,1,5,1597.9426908711985,0,0,0,TXN007875,0.9818109705773663
826.5056802478807,16,2,grocery,0,2,242.42798656616867,0,0,0,TXN008497,3.395277970732505
1395.5491571938157,16,4,transport,0,5,2677.0544339551384,0,0,0,TXN004912,0.5211055979667938
611.4119207967232,8,4,shopping,0,2,522.6942455029089,0,0,0,TXN005668,1.1674978788616974
452.26323985363075,20,6,utility,0,2,708.9817891110309,0,0,0,TXN008542,0.637006817343738
1671.1167235862542,22,1,grocery,1,5,4069.88275687597,0,0,0,TXN001800,0.41050475373274653
3411.557741298747,17,5,transport,0,2,611.8875950778744,0,0,0,TXN009251,5.566367746218243
1896.449966454729,21,5,transport,0,2,570.3628162364133,0,1,0,TXN002429,3.3191693833818428
443.9468345901045,14,4,shopping,0,2,1256.135908296941,0,0,0,TXN005482,0.35314147950123015
1011.0255108504239,10,5,grocery,1,4,1395.8851010612238,0,0,0,TXN006761,0.7237714183380869
29329.301416005208,5,6,food,1,10,158.1066247260079,1,1,1,TXN009839,184.33739931641563
11287.331912618427,0,1,food,1,5,286.71311913334273,1,1,1,TXN009635,39.23120345230845
552.9059364733987,13,2,grocery,0,3,835.7130586725268,0,0,0,TXN001968,0.6608071079356672
575.4722819658743,19,0,grocery,1,4,7786.391655732104,0,0,0,TXN008339,0.0738979503544404
1771.096736496068,18,4,food,0,3,408.1392384619621,0,0,0,TXN008141,4.328836176050926
1744.9866169093807,14,5,transport,0,3,1151.108855348564,0,0,0,TXN007696,1.514602208644117
295.03294357539176,8,3,shopping,0,3,1879.302020700863,0,0,0,TXN007541,0.15690720976060074
4244.806698692939,17,1,transport,0,5,1441.5066905129602,0,0,0,TXN004987,2.9426599728168132
26520.259953046985,4,4,food,1,13,726.8771046686273,1,1,1,TXN009756,36.435079195299835
120.59676193775965,8,2,food,0,1,719.8329416686345,0,0,0,TXN004650,0.1673019571755334
1244.280231720808,8,2,grocery,0,2,1236.9916557932636,0,0,0,TXN001159,1.0050796593806723
789.6775839568611,19,2,food,0,3,646.7385356453455,0,1,0,TXN001213,1.2191301590079104
1429.7530607905971,8,1,grocery,0,2,2523.9825373592203,0,0,0,TXN007336,0.5662427520334139
279.7235131641196,13,3,food,0,4,386.6739429716035,0,0,0,TXN001325,0.721543240744991
2765.0837764012745,8,3,grocery,0,4,296.92494179551124,0,0,0,TXN007512,9.281142289520572
876.2865699243387,18,4,food,1,5,3148.4192188587267,0,1,0,TXN007580,0.2782375127061947
776.941581605191,10,1,transport,1,5,1481.9274824678084,0,0,0,TXN004796,0.5239241910280377
775.1267364562248,22,5,transport,0,3,1928.583597353035,0,0,0,TXN006796,0.4017067400031429
4888.941061947893,17,0,grocery,0,3,2896.512030194185,0,0,0,TXN005808,1.687289305791164
1539.9862817357748,21,1,utility,0,1,950.6707364101305,0,0,0,TXN005943,1.618192325157411
2040.2547271433605,9,4,grocery,0,4,1392.6178077591976,0,0,0,TXN009283,1.463998748999837
1746.5262196543138,22,6,transport,0,5,4432.327052128124,0,0,0,TXN008144,0.39395384078779644
3136.2223785139154,21,5,transport,0,5,995.4170545702541,0,0,0,TXN001455,3.1474996981726093
1293.8593420334676,18,5,transport,0,1,443.97926164292596,0,0,0,TXN005410,2.9076845901904664
5106.4802067024675,22,0,grocery,1,3,1442.1374340072678,0,0,0,TXN007129,3.5384573127750705
5009.140249822812,22,6,transport,0,5,372.7903449918972,0,0,0,TXN008892,13.40093535570427
417.51984919915645,12,6,food,0,2,5113.996402717391,0,1,0,TXN004962,0.08162661638967039
7387.101165838933,19,4,shopping,0,1,812.948925097438,0,0,0,TXN002800,9.07563231311427
714.0569720242298,9,1,grocery,0,4,2009.7738206852616,0,0,0,TXN001644,0.3551155105952607
200.10846123591514,20,4,transport,0,1,1999.0545755364635,0,0,0,TXN002140,0.10005150043580244
843.9177131504483,14,2,grocery,0,5,2605.8393486390705,0,0,0,TXN004536,0.32373215234418834
1630.4770818401619,10,2,grocery,0,3,445.27350294418017,0,0,0,TXN004457,3.653537732093634
7489.350949055416,20,5,food,0,4,217.0735031905585,0,0,0,TXN008951,34.343241335977524
3671.2032217419637,14,5,transport,1,1,1256.9199041258848,0,0,0,TXN005586,2.918471366659107
1479.1158152305072,10,2,transport,0,5,967.0697260214706,0,0,0,TXN004378,1.5279021494756486
2287.3108679505635,10,2,utility,1,3,871.1619727152331,0,0,0,TXN000729,2.6225757823740685
3065.4786490356278,17,1,shopping,0,5,990.1939687640364,0,0,0,TXN004357,3.09271317788395
921.1631487215407,12,5,grocery,0,3,1422.5537247257043,0,0,0,TXN007748,0.6470870278528011
1134.5108696344819,9,5,transport,1,1,647.397112456977,0,0,0,TXN006716,1.7497161042797826
1229.639183788789,12,6,transport,0,2,783.0883867755285,0,0,0,TXN001936,1.5682405255937228
6864.610395946456,19,2,shopping,0,2,1463.3740246289872,0,0,0,TXN003793,4.687743896362591
294.85160670084804,17,5,transport,0,4,1069.1347959298712,0,0,0,TXN003736,0.27552753898133264
465.24193958120344,17,0,food,0,2,1574.2182158036974,0,1,0,TXN002261,0.29535078690277256
1242.2299538804825,12,5,transport,0,2,1343.7948683162695,0,0,0,TXN004005,0.9237319260712217
692.9572623662981,20,4,shopping,0,3,1368.6222291207007,0,0,0,TXN001110,0.5059477333477405
1627.5319747152762,22,5,food,0,1,3030.5046587932056,1,0,0,TXN009028,0.5368726615657491
304.4737937481926,20,4,food,0,1,2620.6078474480782,0,0,0,TXN005480,0.1161400985447053
3817.3191065966726,12,4,grocery,0,1,1411.7645741886872,0,1,0,TXN002998,2.7020206879046755
956.7841809028657,21,6,transport,1,3,651.7497648653814,1,0,0,TXN002394,1.4657748380808475
1521.0718850993885,22,0,transport,0,1,2580.7608228419845,0,0,0,TXN001185,0.5891606502204968
2269.1742086043955,19,4,utility,0,3,351.1656258223596,0,0,0,TXN002007,6.4434857982108085
934.3675286019976,17,4,utility,0,3,2519.615393782555,0,0,0,TXN000193,0.37069024132231504
1521.7651414184081,18,4,transport,0,3,390.1248369475246,0,0,0,TXN005611,3.890740238576504
1013.7500016787907,19,1,grocery,1,1,783.9147179847764,0,0,0,TXN002901,1.291541588469045
1570.3520258264446,15,6,transport,0,4,2817.8457303983714,0,0,0,TXN000578,0.5570904462389702
238.0353182438019,10,2,grocery,0,1,1411.4915132774208,0,0,0,TXN006219,0.16852159181578777
3170.944483949717,8,0,shopping,0,3,419.4520433692712,0,1,0,TXN005525,7.541750679909921
3158.337332605141,20,3,food,0,3,1852.489246998428,0,0,0,TXN000771,1.70399549806928
880.3441890961961,21,6,transport,0,3,3377.956454186703,0,0,0,TXN007839,0.2605372993207426
503.5542474114772,13,2,shopping,0,3,932.3665907958916,0,1,0,TXN002395,0.5395031838262939
2049.9785192747636,19,5,shopping,0,1,3330.188074343063,0,0,0,TXN001478,0.6153896068083865
1526.7048948270592,9,4,food,0,2,346.5423528284722,1,1,0,TXN001846,4.392859984983058
950.0126787679394,11,3,grocery,0,5,741.2350158753122,0,0,0,TXN009108,1.2799351397449183
4035.6732605727634,17,4,utility,0,3,1938.8629556118644,0,0,0,TXN004274,2.0803909105526714
883.7456054341961,21,2,grocery,0,3,274.59614128608905,0,0,0,TXN003740,3.206669009624497
213.72918648975414,10,3,food,0,2,2472.1070571393284,0,0,0,TXN004600,0.08642132408816025
1967.906068467644,18,1,grocery,0,4,908.1652151159377,0,0,0,TXN008087,2.164519754769428
4582.639352312201,20,6,transport,0,4,1604.6748101976416,0,0,0,TXN008710,2.854027056542119
4875.329930346264,17,1,utility,1,4,1640.1145125625565,0,0,0,TXN006676,2.9707432924553
860.4741293035669,8,2,transport,0,3,1210.2482215550747,0,0,0,TXN006375,0.7104028010037756
903.536348466877,12,0,grocery,0,4,1751.0655229010458,0,0,0,TXN008124,0.5156978073347475
36978.73763670355,3,0,utility,1,19,944.9033331203872,1,0,1,TXN009538,39.09356943982476
940.2090329437509,21,0,shopping,0,3,1645.7683508748541,1,0,0,TXN004915,0.5709418889695446
70.43571475091335,21,1,food,0,5,446.0829954357171,0,0,0,TXN002073,0.15754505420692252
203.5671614651321,20,6,transport,0,1,3073.3533202030294,0,0,0,TXN004754,0.0662146280088876
2073.323343908582,17,2,shopping,0,2,1489.8696911157922,0,0,0,TXN001896,1.3906804573623546
233.33353664848232,17,5,utility,0,3,270.033908525139,0,0,0,TXN008552,0.8609016411200819
290.512965942043,13,1,shopping,0,5,368.58940681094504,0,0,0,TXN006702,0.7860424584372578
498.0763632425619,16,6,grocery,0,3,364.9173155305565,0,0,0,TXN006317,1.3611718880271717
6671.959528289045,21,6,grocery,0,1,1945.3424001407157,0,0,0,TXN003659,3.4279474812893556
6850.792428630786,22,2,transport,0,2,354.56437737029097,0,0,0,TXN006581,19.26737565584713
6079.704739971157,19,0,transport,1,2,1103.4535747772265,0,0,0,TXN002379,5.504717336079484
1319.2610307384714,20,4,transport,0,3,1102.7661854360106,0,1,0,TXN001447,1.1952359549928917
2117.8210574032373,10,5,grocery,0,2,2006.3986120564862,0,1,0,TXN000342,1.055007732237908
783.5197456531744,11,2,shopping,0,3,1040.7250120558294,0,0,0,TXN005127,0.7521368274597817
496.1435679658996,19,4,transport,0,2,1731.3659206599843,0,0,0,TXN003136,0.28639651822340306
849.6400833726555,22,4,transport,0,3,2758.921165767339,0,0,0,TXN002527,0.30784940305946407
9756.905958727097,19,3,grocery,0,4,1916.159222810716,0,0,0,TXN000727,5.0892517651312525
1702.4827170724204,11,2,transport,0,2,819.6227567996752,0,0,0,TXN004577,2.0746228434023535
1277.328265491421,16,0,shopping,0,1,451.8038525245887,0,0,0,TXN000976,2.820930648822291
1078.3621961258048,9,2,food,0,4,1004.4278891217194,0,0,0,TXN008391,1.0725405648611919
3925.4921579723514,22,4,transport,0,4,1695.587285630629,0,1,0,TXN005443,2.313757854499793
338.386596894121,14,3,food,0,3,4035.8273578010235,0,0,0,TXN009034,0.08382488694746905
921.0884473788266,9,5,grocery,0,5,864.1753748481159,0,0,0,TXN003516,1.0646262875206387
910.916709389854,10,1,food,0,4,552.6114685168059,0,0,0,TXN007975,1.645407946172635
7222.980124659675,3,4,shopping,1,7,771.7330162189915,1,1,1,TXN009787,9.347316567372724
1075.423278529526,19,4,transport,0,1,896.9075037219382,0,0,0,TXN003940,1.197699400073797
3596.489048066525,18,2,grocery,0,4,1634.4939947957234,0,0,0,TXN001299,2.1990230838577514
5000.0,2,4,grocery,1,6,295.930967671324,0,1,1,TXN009764,16.838930742766284
665.5067676899986,22,5,transport,0,5,765.0688223132004,0,0,0,TXN001348,0.8687297385115512
951.7394194879147,13,1,grocery,0,5,944.94732621324,0,0,0,TXN000660,1.0061230610988259
913.4983213243551,16,1,grocery,0,4,609.8695978629135,0,0,0,TXN005886,1.4954064247429697
939.502324876091,11,1,utility,0,3,3165.22760654797,0,0,0,TXN001492,0.296726085936822
5000.0,4,2,food,1,18,275.3994037934978,1,1,1,TXN009946,18.089764056566402
145.46617501721647,18,1,transport,1,2,973.387101140396,0,1,0,TXN004589,0.14928992270830233
2065.3738857843377,21,4,food,0,3,524.2897796829267,0,0,0,TXN008530,3.9318752537523776
1287.7934103720368,18,6,transport,0,5,331.1386434360517,0,0,0,TXN005154,3.8772766608832794
1346.799650199857,9,5,grocery,0,3,486.8901755252676,0,0,0,TXN002315,2.760456589948504
120856.41630029885,4,5,food,1,13,755.3066071667756,1,1,1,TXN009614,159.7981759713074
25857.02891959465,5,3,food,1,14,400.50582458917427,1,1,1,TXN009577,64.40013403554453
3727.822864388162,17,0,utility,0,2,422.7028973369691,0,0,0,TXN007024,8.798200077974546
1913.8548292855837,15,5,grocery,0,4,1668.708683420114,0,0,0,TXN001085,1.1462208038382946
2357.6897389223827,20,0,transport,0,2,3046.7298348778754,0,0,0,TXN002524,0.7735888240293638
837.3644445861333,16,3,food,0,1,579.6550320371856,0,0,0,TXN008968,1.442103139360218
306.9814204615539,15,0,utility,0,3,837.3409459214533,0,0,0,TXN005374,0.36617729571127966
1846.8112665409858,9,6,grocery,0,2,714.3758538691694,0,0,0,TXN003198,2.5815957535501854
1208.2132278443232,19,6,transport,0,3,3417.8023887868044,0,0,0,TXN005751,0.3534024756175128
3586.7686676638273,18,2,food,0,5,1755.9774638586478,0,0,0,TXN004008,2.041442614629
3718.8350886142975,12,1,food,1,5,1454.2731557001396,0,0,0,TXN005717,2.555420660408696
2303.738478040363,12,3,transport,0,5,451.73349672090814,0,0,0,TXN006657,5.088509011871336
1890.5300229910856,10,0,grocery,0,4,2806.5709949116394,0,0,0,TXN009357,0.673368554674994
551.7636394699794,21,6,grocery,0,5,732.6671261088732,0,0,0,TXN008790,0.7520626450804065
322.14447058602343,20,2,utility,0,1,914.5158795614223,0,0,0,TXN000067,0.3518720731969681
483.72903933724626,9,2,grocery,0,4,652.4885582163208,0,0,0,TXN007923,0.7402257212545105
2018.0360141080712,9,3,transport,0,4,257.0796153187257,0,0,0,TXN000040,7.819432044703791
186.08896536933742,15,1,transport,0,3,1464.7631429128894,0,0,0,TXN002269,0.126957050509215
860.4168350235284,20,3,transport,0,1,871.9578364458624,0,0,0,TXN002381,0.9856338978828655
1372.7886716662185,13,5,food,0,4,629.5641213901041,0,0,0,TXN007341,2.177080212936712
8532.110865861996,3,5,food,1,17,742.784288581748,1,1,1,TXN009961,11.471216852578417
639.42555707033,12,1,transport,0,5,344.6911934124199,0,0,0,TXN004916,1.84970161015203
1330.978970303654,14,2,grocery,0,2,3052.8036206633074,0,0,0,TXN005322,0.43584301272606263
1202.8164739320798,18,2,grocery,0,3,769.1993644856165,0,0,0,TXN005773,1.5616949706721583
4970.536813938514,16,0,transport,0,4,1142.8693507019768,0,0,0,TXN006232,4.345371095823281
967.0085839891593,17,6,transport,0,4,588.9908881090422,0,0,0,TXN006963,1.6390229128596925
2424.2136820261253,18,6,food,0,1,804.8961836342196,0,0,0,TXN003447,3.0080967390787747
2501.639862419189,11,4,transport,0,3,1262.0551018880103,0,0,0,TXN006816,1.9806260698205063
1232.1403431201015,16,1,transport,1,2,1734.9926614689246,0,1,0,TXN002367,0.7097612625145061
840.4885285905046,11,5,grocery,0,1,632.8328170451383,0,0,0,TXN007981,1.3260413566289821
2195.2091615466443,8,6,transport,0,2,1425.7553529380843,0,0,0,TXN008166,1.5386023658688932
294.1831674209466,14,0,utility,0,5,616.900209183329,0,0,0,TXN002512,0.4761014206642927
57221.63941161817,5,3,grocery,1,18,377.7282406569632,0,1,1,TXN009619,151.08891619056004
1686.419028027453,14,3,grocery,0,2,409.8667702812951,0,0,0,TXN002723,4.104539841157916
1265.9648345220214,18,5,shopping,0,1,1582.3831302841982,0,0,0,TXN005948,0.7995315917599779
354.31451166840037,18,5,utility,0,2,276.00456081485294,0,0,0,TXN009185,1.2790927002289345
1867.0522592649597,17,3,transport,0,3,1288.158905396428,0,0,0,TXN009004,1.4482716222565473
1319.3027470105765,16,1,grocery,0,4,470.1017396344021,0,0,0,TXN001143,2.800462481914033
11664.875332994392,5,0,shopping,1,14,439.90280773530657,0,1,1,TXN009736,26.456795303506734
1712.4992636234233,9,5,grocery,0,5,1089.8932762568245,0,0,0,TXN007222,1.5698137488751527
108.15389246137846,9,3,grocery,0,4,141.1661397825451,0,0,0,TXN008292,0.7607570454315551
475.3542064042859,9,3,transport,0,3,375.8728389886392,0,0,0,TXN009220,1.2613119260064676
2883.9535756757455,19,6,grocery,1,1,1371.2475551668629,1,0,0,TXN004728,2.1016277746802485
3777.704743673641,15,6,grocery,0,3,2872.130750885659,0,0,0,TXN005494,1.3148391323677637
867.9134646225128,13,2,transport,1,4,2963.5038926596653,0,0,0,TXN005755,0.2927685360007561
1929.2066441012767,9,4,grocery,0,1,746.1761314433938,0,0,0,TXN007562,2.5819971528994614
7699.903778366204,22,1,utility,0,5,1961.2718267875625,0,0,0,TXN003789,3.9239740759931947
792.6488612107263,18,4,utility,0,4,595.31427443938,0,0,0,TXN002220,1.3292468337370065
360.6160066508206,15,1,food,0,3,780.345811199418,0,0,0,TXN005075,0.4615318870107603
485.56557558771436,8,1,transport,0,3,452.65395689313885,0,0,0,TXN002331,1.0703435255213536
773.970538288111,18,5,grocery,0,1,683.0692251808604,0,0,0,TXN005394,1.1314213676013296
1018.1554557819748,9,1,grocery,0,4,878.4855495665802,0,0,0,TXN007439,1.1576716141427594
4747.528412980363,13,2,grocery,0,1,2737.9294101479145,0,0,0,TXN008067,1.7333518693072032
288.41295750979157,9,4,grocery,0,5,939.0792626646366,0,0,0,TXN007090,0.3067964255400024
1844.2519049390085,17,2,transport,0,2,2560.1057324151425,0,0,0,TXN009336,0.7200998699885243
806.2731738335915,20,3,transport,0,5,1288.2997219412835,0,0,0,TXN004088,0.6253574402541524
170.7733023055226,13,5,food,0,5,1579.394350896777,0,0,0,TXN001967,0.10805739859081324
387.62246919003724,10,4,food,0,1,812.5903945871815,1,0,0,TXN009363,0.4764344217543499
13624.954709193891,4,3,transport,1,19,343.1462183163205,1,1,1,TXN009796,39.590598367902366
3747.0646604207204,16,0,shopping,0,1,677.9306777583712,0,0,0,TXN006757,5.519068121641554
22252.668471945486,1,4,food,1,19,289.7388348708487,1,1,1,TXN009586,76.53834232991446
354.5805629662135,17,2,food,0,3,574.2971020401847,0,0,0,TXN004365,0.6163433845029971
2156.2020401804407,17,3,grocery,0,4,512.7417007200928,0,0,0,TXN006999,4.19705474007302
3980.6605482595037,15,5,transport,0,3,519.9095965094771,0,1,0,TXN000423,7.641749307237196
745.3748333867833,21,5,grocery,0,2,1193.966931992358,0,0,0,TXN000280,0.6237618911713534
2045.762375635058,19,6,food,0,3,3909.4303491261658,0,0,0,TXN001904,0.5231553033778518
15316.242444219015,15,2,transport,0,3,1324.003731855352,0,0,0,TXN000595,11.559395702812298
657.5773970163455,8,0,food,0,4,561.2211907602137,0,0,0,TXN008579,1.1696062116178771
657.6945028500704,13,4,grocery,0,4,1784.3126353530681,0,0,0,TXN003917,0.3683917818236933
241.4640331250887,9,4,grocery,0,4,2313.856636282493,0,0,0,TXN006142,0.10431057774396948
760.0600400009237,9,5,utility,0,4,157.2689255165292,0,0,0,TXN005661,4.802332722739973
478.59585490274964,20,4,transport,0,2,187.1289994473658,0,0,0,TXN005778,2.5439770386736673
3271.3535597715677,19,0,transport,0,3,1272.8957104398787,0,0,0,TXN003618,2.567991659726967
857.6369487530596,10,2,transport,0,1,837.2510202322868,0,0,0,TXN006845,1.0231266387428921
924.0292206068711,17,3,shopping,0,5,1311.009558990476,0,0,0,TXN000839,0.704285433192929
4209.575850965386,19,2,transport,0,3,1155.8015129208793,0,0,0,TXN004596,3.6389785144180604
3778.7591800499026,9,3,transport,0,1,1117.3157528108202,0,0,0,TXN007496,3.3789733986597397
1199.182410435157,11,4,grocery,1,1,2842.9784426490005,0,0,0,TXN000141,0.4216566456524151
1487.8470255626466,15,0,utility,0,1,1216.0828697613147,0,0,0,TXN002597,1.2224697779654332
1314.850016060308,19,0,utility,0,2,376.7636212178602,0,0,0,TXN006701,3.4806157666040067
2752.8614067646886,11,4,utility,0,5,447.6781637769902,0,0,0,TXN007756,6.135492272659303
322.3370679629733,15,1,shopping,0,4,272.0808841545321,0,0,0,TXN001377,1.1803721412465031
2124.205074239594,17,3,shopping,1,3,1347.5587214569193,0,0,0,TXN003674,1.5751669100064867
1027.8152854326859,11,6,utility,0,5,985.0158488849302,0,0,0,TXN008770,1.042392256265481
7926.220165813184,0,0,transport,1,10,232.29760783517878,1,1,1,TXN009895,33.97471684070133
465.87396119292754,11,5,food,0,5,396.0870194594774,0,0,0,TXN006362,1.1732288852631956
1215.3826484096264,9,6,grocery,1,4,904.4155548534992,0,0,0,TXN004741,1.3423478776066327
671.2848305091685,8,6,grocery,0,3,604.2789518174998,0,0,0,TXN003808,1.1090503452886802
1824.9271066221618,15,0,grocery,0,1,348.8480408933285,0,0,0,TXN001138,5.21634222093185
668.0039277770353,14,2,shopping,0,2,121.09709400760677,0,0,0,TXN002257,5.471087851897753
637.7309238627902,22,2,food,1,5,711.3160379798243,0,0,0,TXN007865,0.8952921033077362
1622.6707919397213,17,4,shopping,0,5,3135.8367204405677,0,0,0,TXN001787,0.5172952679895362
1589.5508379809446,10,2,transport,0,5,786.4875906825381,0,1,0,TXN003938,2.0185090619691355
599.7795466867901,20,4,grocery,0,2,670.0262174968136,0,0,0,TXN009316,0.8938243112529924
3207.798569194068,18,4,shopping,0,1,2137.2899927108447,0,0,0,TXN004646,1.5001700331241508
749.6032719432544,9,3,utility,0,2,874.9357255242636,0,0,0,TXN000459,0.8557742881129813
1256.5493526355533,18,2,food,1,5,4158.0123556834105,1,0,0,TXN006115,0.3021268621427494
19383.367307981487,1,4,grocery,1,5,278.4856410867497,1,0,1,TXN009542,69.35371431824318
499.4102530851314,21,6,transport,0,3,4487.184031758322,0,0,0,TXN000948,0.11127223160888948
2715.779083282885,17,4,transport,0,2,193.05827588789282,0,0,0,TXN003700,13.994657382464775
635.2623561676858,10,4,grocery,0,3,3033.4443503023435,0,0,0,TXN001336,0.20935047172784368
433.6707942698024,17,2,grocery,0,3,1457.715835382588,0,0,0,TXN006370,0.29729628194243907
3543.8454404552526,17,5,utility,0,2,2437.3147712868968,1,0,0,TXN004628,1.4533994881164902
102.4233410624045,21,4,grocery,0,2,593.8641359188712,0,0,0,TXN006286,0.1721793849686262
2721.497330248849,18,2,grocery,0,3,922.7896465183451,0,0,0,TXN005925,2.9460141066809453
309.03704951556614,13,1,transport,0,5,1201.8060262582705,0,0,0,TXN005934,0.25693008080191365
50.27147530299291,16,6,food,0,3,511.66770638534683,0,0,0,TXN006040,0.09805859561047979
1462.6839782752331,22,4,grocery,0,5,327.1360862751547,0,0,0,TXN000441,4.457552946641524
611.3014599555232,12,5,grocery,0,5,3210.6848226243405,0,0,0,TXN006659,0.1903366904651668
2282.848575670151,11,0,transport,0,5,627.6139153122665,0,0,0,TXN001602,3.6315590858915954
2760.162481885449,9,4,utility,0,4,553.6387362347741,0,0,0,TXN002238,4.976505068187474
1550.4689464076118,13,5,transport,0,3,2016.3162540035191,0,1,0,TXN000639,0.7685800098673606
5000.0,0,1,shopping,1,16,115.33976567089572,1,1,1,TXN009820,42.97756636491861
1555.2064070891515,13,6,transport,0,1,587.5143491190157,0,0,0,TXN003830,2.642597261081634
2436.9557712651126,8,1,food,0,4,1291.2372227078974,0,0,0,TXN009395,1.885842419984192
3963.634890496992,19,5,grocery,0,2,873.6243533939669,0,0,0,TXN006144,4.531814001195102
829.9131835276717,19,6,transport,0,2,609.1052952960465,0,0,0,TXN007985,1.3602786108010518
238.6252569848809,8,0,food,0,2,871.3908430528943,0,0,0,TXN009052,0.27353021743078143
6516.053059870696,14,3,shopping,0,2,4614.214443513217,0,0,0,TXN006344,1.4118635525222776
807.9502920966736,19,4,grocery,0,4,481.7181948932733,0,0,0,TXN002501,1.6737514778685887
3119.600539771676,17,1,food,0,4,643.0674339268204,1,0,0,TXN001958,4.8435930392439746
533.5458075205577,12,0,food,1,5,2374.41747723007,0,0,0,TXN001070,0.2246113841608657
785.671924797874,11,0,utility,0,5,1661.2209754915605,0,0,0,TXN000155,0.4726639456378723
3808.691642487596,8,0,transport,0,4,904.9060437341243,0,0,0,TXN002295,4.2042899137621985
200000.0,5,5,utility,0,6,516.1388358475814,1,0,1,TXN009801,386.74333880224555
5863.039404651028,22,0,grocery,0,3,2423.50368607149,0,0,0,TXN004578,2.418243139135466
889.4687609369322,11,3,food,0,5,864.8458509084635,0,0,0,TXN001089,1.0272830435159828
2354.6757234766496,22,0,grocery,0,1,9954.12981612573,0,0,0,TXN006049,0.23652888178941162
735.3183312294328,14,3,transport,0,4,4421.8470830857905,0,0,0,TXN006415,0.16625452280308237
797.6731969155234,11,1,grocery,1,5,368.66021592217584,0,0,0,TXN002940,2.1578551398223946
1718.8891462347135,19,2,transport,0,5,1526.5446151591834,0,0,0,TXN000723,1.125262810118047
1141.984642602666,21,0,utility,0,5,2488.8044824919625,0,0,0,TXN004384,0.4586643853495242
509.61084770414914,10,1,utility,0,4,1023.9658573323941,0,0,0,TXN000930,0.49719787645461394
1330.9679846730137,12,1,food,0,2,988.1178998397797,1,0,0,TXN002909,1.345611058993683
2291.6396748644097,17,5,grocery,0,5,3715.089835171304,0,0,0,TXN007845,0.6166803754782666
2719.55222912102,12,3,food,1,2,261.19805303334033,0,0,0,TXN006763,10.372129760914776
3334.4421734716893,16,1,transport,0,5,1186.1014216957628,0,0,0,TXN008388,2.808894094919431
59.63222138694402,13,0,utility,0,2,728.1404991755746,0,0,0,TXN006416,0.08178426716712217
2685.96734153482,11,4,transport,0,1,414.25441936345294,0,0,0,TXN000895,6.468245047583509
427.78405072079585,14,2,grocery,1,3,1506.0328988897088,1,0,0,TXN003247,0.283858468541703
202.74837431784604,20,3,transport,0,4,4380.956950843693,0,0,0,TXN002326,0.04626891057859646
1289.5978346272516,20,3,transport,0,5,803.5968642620749,0,0,0,TXN007096,1.6027875472892736
16022.530682118622,1,6,food,0,7,607.0603903978002,0,1,1,TXN009505,26.35022924554664
1023.0512496935902,13,6,utility,0,2,1216.0660379361507,0,0,0,TXN007581,0.8405881174931455
71584.51305610413,0,0,grocery,1,10,338.7335778137652,1,1,1,TXN009742,210.70779496322044
357.7381157861358,18,5,grocery,0,3,906.8581874045502,0,0,0,TXN005038,0.3940462516605848
584.1242765071335,20,1,food,1,4,834.2572366668526,1,0,0,TXN006450,0.6993345892315985
1043.7063225979705,18,3,transport,0,3,1288.407522293058,0,0,0,TXN004136,0.8094464353223741
962.9351103800341,10,0,grocery,0,5,1311.2992186115064,0,0,0,TXN009248,0.7337770965061451
3649.148031710891,22,5,grocery,0,4,1214.4668127046268,0,0,0,TXN001715,3.002260525395092
91.1533489279422,22,0,shopping,0,3,878.4530243604933,0,0,0,TXN001698,0.1036477746997637
24182.420506490096,3,3,food,0,9,638.1978343004055,0,1,1,TXN009690,37.83245062611558
9287.104524040247,3,3,utility,1,11,830.9099031856655,0,0,1,TXN009549,11.163594144602403
44603.44104418199,0,1,shopping,1,16,258.11898072611467,1,1,1,TXN009971,172.1349818496208
1282.9260712858638,13,0,transport,0,4,2684.6867959187502,0,0,0,TXN008224,0.47769012873557576
1543.9502083046586,20,4,grocery,0,3,3013.0273017683244,0,0,0,TXN003831,0.5122548848176743
80.99790128795058,12,6,utility,0,1,3345.4377473520594,0,0,0,TXN006299,0.024204215767062127
827.0581912876997,12,5,food,0,4,1595.8510745958279,0,0,0,TXN003348,0.5179306977621773
5000.0,2,2,transport,1,11,300.31802176107107,1,1,1,TXN009518,16.59376352857092
2338.2938561310757,15,6,food,0,3,398.5172748401887,0,0,0,TXN000985,5.852797872298311
730.6171902086523,9,5,grocery,0,3,363.17231267966145,0,0,0,TXN001821,2.0062403559254887
2464.001388709632,18,1,food,0,3,809.6314235267139,0,0,0,TXN004571,3.0396075419699446
839.5470448335019,9,6,transport,0,1,347.69473936444825,0,0,0,TXN000587,2.407684860298467
137135.21579294995,5,0,shopping,1,13,469.3713787208784,1,1,1,TXN009757,291.54668416661235
1044.427048925817,11,6,utility,0,5,1678.0708044775995,0,0,0,TXN005077,0.6220268056240571
2151.980812505591,21,4,shopping,0,5,3412.4862012845624,0,0,0,TXN007782,0.6304348943012449
275.3484027831278,14,1,shopping,0,3,1430.299752674146,0,0,0,TXN008323,0.19237647618445056
5000.0,3,0,shopping,1,5,291.1678013902908,1,1,1,TXN009522,17.113453214924178
44272.98371987609,3,2,shopping,1,16,165.39373853084797,1,1,1,TXN009967,266.07361617557655
2417.810648188936,18,2,grocery,0,5,419.18360605567557,0,0,0,TXN005483,5.7541765393592454
1583.7156582202385,10,1,transport,0,2,596.8289353581282,0,0,0,TXN007746,2.6491117517948792
3116.688783246104,14,3,grocery,0,2,2289.1031241135047,0,0,0,TXN009280,1.3609381824028424
567.9548194493744,9,4,utility,0,5,2018.9849543521411,0,0,0,TXN005514,0.2811678464365253
33707.412754027115,3,5,shopping,1,8,301.45538418333007,0,1,1,TXN009527,111.4459008393639
1280.3009523620726,10,1,food,0,3,798.8492793617529,0,0,0,TXN008871,1.6006777594195003
9575.46395061185,17,3,transport,1,2,3804.2521059168143,0,0,0,TXN005553,2.5163809608627217
557.760291359808,15,5,transport,0,3,1910.693848199384,0,0,0,TXN003557,0.29176235090423075
8481.601335373849,20,5,grocery,0,2,1796.8073346101,0,0,0,TXN001395,4.71774765409626
4759.27414474266,21,2,shopping,1,4,2747.203438151729,0,0,0,TXN000264,1.7317765048512754
609.0994049830445,15,2,transport,0,4,311.799912097127,0,0,0,TXN003547,1.9472492843729252
325.07703402882737,21,6,food,1,4,967.1534614421082,0,1,0,TXN006844,0.3357701510921734
846.4415627547644,21,2,shopping,0,3,4313.382362685821,0,0,0,TXN007628,0.19619066916169928
903.1781923470437,20,3,utility,1,3,1146.3580654366692,0,1,0,TXN006788,0.7871807586093937
5593.2652410029605,18,2,shopping,0,5,2339.618578595771,0,0,0,TXN003069,2.3896525867783978
2107.7333003483627,15,3,shopping,0,2,447.78915903015815,0,0,0,TXN005025,4.696488892252242
10307.345961678191,16,1,transport,0,3,339.85671812640163,0,0,0,TXN008396,30.239527090253404
874.2250145827405,9,6,grocery,0,1,1408.0329383165254,0,0,0,TXN003864,0.620443277661941
4447.510639712827,14,2,transport,0,2,804.5264682633259,0,0,0,TXN009072,5.521247053869543
2792.3943795756845,13,4,shopping,0,4,965.0468021392535,0,0,0,TXN002400,2.890537366711522
931.771680457584,16,2,grocery,0,1,1008.0684573228721,0,0,0,TXN006274,0.9233978861351373
548.0154651002099,18,4,transport,0,4,210.32537085160638,0,0,0,TXN008484,2.5932308217030355
1010.8471414837823,18,2,shopping,0,2,778.1999076837204,0,0,0,TXN003711,1.2972885796260747
4532.530226156937,14,3,food,0,2,728.7969266431717,0,0,0,TXN000246,6.210673217007231
3701.3296068276427,18,3,grocery,0,4,146.99831818803702,0,0,0,TXN001594,25.009268025093196
36399.79943292263,1,6,shopping,1,5,639.2709781168611,1,1,1,TXN009682,56.85061587514123
555.8814294271737,16,6,grocery,0,1,741.1717573431341,0,0,0,TXN001529,0.7489929708685595
701.5366436233877,21,5,transport,0,5,699.5301964433381,0,1,0,TXN008223,1.0014366935003793
460.0027443424032,19,1,transport,0,5,741.3026390036746,0,0,0,TXN000923,0.6196970348371967
875.749823419964,14,6,food,0,2,1677.611700063591,0,0,0,TXN007553,0.5217107824202512
922.5915831427926,11,2,utility,0,2,2591.0185573742096,0,0,0,TXN004364,0.35593556246657615
978.8788031589029,12,4,food,0,5,3124.387214296324,0,0,0,TXN000669,0.31320240854677456
2161.4826011046657,11,2,food,1,1,598.9498319415042,0,0,0,TXN003604,3.6027722419887485
141.02646843329288,19,1,transport,1,1,2512.294414804324,0,1,0,TXN005108,0.05611219585043032
1058.9768652751209,12,3,utility,0,3,1766.3486399788856,0,0,0,TXN001910,0.5991895664048337
3036.9970996301317,22,6,food,0,1,956.9619792016258,0,0,0,TXN008344,3.170268930883032
1269.0331747094656,14,6,food,0,2,1634.8856887209272,0,0,0,TXN005248,0.7757468528878092
3716.2723598841985,19,6,shopping,0,2,2004.1657067358271,0,0,0,TXN007183,1.8533492505882971
522.2554515637233,8,2,grocery,0,1,1022.9964967315966,0,0,0,TXN003958,0.5100168342671719
2944.912609076351,18,2,grocery,1,2,411.2097923787187,0,0,0,TXN006957,7.144208273370435
275.79202928215625,21,6,transport,0,1,1777.2077831362592,0,0,0,TXN006026,0.15509550227911867
1113.244412990751,13,2,shopping,0,3,1905.4190906354731,0,0,0,TXN005643,0.5839452712465597
1440.1722309287502,18,3,grocery,0,4,365.69600875312375,0,0,0,TXN002696,3.927428159978526
351.0534504594606,20,5,food,1,1,918.3614741658939,0,0,0,TXN002591,0.3818448568099503
243.4554924077891,14,3,transport,0,5,1599.4395214729732,0,0,0,TXN005906,0.15211789582884302
1219.8631755996842,21,4,grocery,1,1,3391.632036204477,0,0,0,TXN001781,0.35956247614887576
7346.0141211036735,18,2,utility,0,3,8634.46144728054,0,0,0,TXN006509,0.850679974191427
267.18048229311927,13,6,grocery,0,5,782.0679919319982,0,0,0,TXN003013,0.3411970416948434
644.3385579301513,10,1,utility,0,4,1420.1230830106038,0,0,0,TXN007133,0.4534009514257841
2911.741366908164,17,4,transport,1,2,1372.5825566544709,0,0,0,TXN002307,2.119815334580302
3683.577205224208,12,3,grocery,0,5,2349.610907806537,0,0,0,TXN007276,1.5670722844817915
934.0686688083423,20,1,shopping,1,1,1041.490179245172,0,0,0,TXN003690,0.8959975713964676
2063.6185821028353,12,2,grocery,0,4,785.0831033713267,0,1,0,TXN000687,2.625191373854059
683.2717016158756,20,1,utility,0,1,1066.4944642833018,0,0,0,TXN006011,0.6400704869927479
282.4368392500934,14,2,food,0,4,592.7963701139339,0,0,0,TXN007071,0.47564595114635205
189.2618111357204,17,4,food,0,3,484.14661575935816,0,0,0,TXN000612,0.39011260717440066
9677.45457613746,14,6,utility,0,1,1288.135694778764,0,0,0,TXN007167,7.506932447323369
1410.342579434068,9,6,grocery,0,4,917.8969625120563,0,0,0,TXN009205,1.5348212443520441
627.5163570023484,16,0,transport,1,3,1041.0419498126312,0,0,0,TXN003200,0.6021987474834211
1168.576832080945,18,4,transport,1,3,917.3140924811746,0,0,0,TXN002267,1.2725241196327397
14932.353890594992,2,4,transport,1,15,806.5159917553266,0,0,1,TXN009781,18.491712911017398
151.51432957761546,18,1,food,0,3,859.4747331516587,0,0,0,TXN006629,0.17608225290086588
1312.5083824923297,8,5,utility,1,2,1737.9039149655305,0,0,0,TXN004135,0.7547906305785429
643.5542194356736,13,2,utility,0,5,541.4263108958246,0,1,0,TXN001898,1.1864362154056187
104373.39268648287,2,3,food,1,12,434.3868125937623,0,1,1,TXN009530,239.72566386356877
1612.952269305434,22,5,grocery,0,5,1145.3063369271506,0,0,0,TXN008153,1.4070865852745778
268.46124282451564,16,3,grocery,1,5,3675.748066114056,0,0,0,TXN000258,0.07301594724390553
422.23472243580875,13,1,grocery,0,2,792.0828568063604,0,0,0,TXN002924,0.53239673359741
1455.0974599104957,22,0,food,0,4,1349.1327999798505,0,0,0,TXN009424,1.0777439522484098
259.8994182754529,13,6,grocery,1,1,1437.9588983836002,0,0,0,TXN004943,0.18061629040787824
3093.335768582678,17,6,food,0,5,458.5302733175739,0,0,0,TXN002822,6.731516829675602
4842.646191790115,20,3,grocery,0,4,1692.2177233477548,0,0,0,TXN006529,2.860025692511327
605.1656835058295,17,4,transport,0,4,698.1687884568219,0,0,0,TXN003339,0.8655501983169581
5421.40830607589,10,3,grocery,0,3,992.8586553622048,0,1,0,TXN003525,5.45490878086693
1365.4020244110027,8,6,food,1,2,2846.4172172752656,0,1,0,TXN004563,0.47952299231988754
38471.127733697766,3,0,shopping,0,6,282.35174266091576,0,1,1,TXN009656,135.7716291857636
945.5028118966784,13,4,utility,0,1,3185.8256207693603,0,0,0,TXN007908,0.29669110406750654
364.98548429210837,15,4,grocery,0,3,711.7871186659322,0,0,0,TXN005329,0.5120539846107532
1041.3645604185938,13,1,grocery,0,2,982.1717882737705,0,0,0,TXN005223,1.059188814039301
1344.7237189504785,12,5,grocery,0,1,960.8280859807633,0,0,0,TXN002285,1.3980915493638155
755.5437732127052,16,6,transport,0,1,4024.401711449169,0,0,0,TXN006063,0.18769400605752337
2208.8114568606634,13,5,grocery,0,1,2903.1882335625073,0,1,0,TXN004654,0.7605607072345859
1827.5573076130752,13,0,shopping,0,2,1463.1586004121123,0,0,0,TXN005000,1.248196272656991
945.7811998273329,9,1,grocery,1,2,1252.8119474291857,0,0,0,TXN006710,0.7543246032760825
4967.796454905726,10,0,food,1,5,3227.48677021451,0,0,0,TXN009324,1.5387383652111577
1391.5469293705264,16,1,grocery,0,3,1328.9816636705239,0,0,0,TXN000484,1.0462903116499311
2160.229987914781,20,4,grocery,0,4,402.1291378742056,0,0,0,TXN002211,5.358655043657176
1208.8410178253764,13,1,grocery,1,1,1065.5338325049495,0,0,0,TXN005416,1.133429602496709
672.6332288366186,18,3,grocery,0,3,3510.6129015688693,0,0,0,TXN007563,0.19154538033964646
1691.788632161697,22,1,grocery,0,1,1107.8129766615555,0,0,0,TXN002555,1.5257655418638594
504.91666476849315,20,1,food,0,4,957.6352882799321,0,0,0,TXN000007,0.5267036076613235
925.8119561248311,15,3,transport,0,1,2983.386394996898,0,0,0,TXN003657,0.3102185285648286
4522.562704306337,13,6,utility,0,4,431.9132191498637,0,0,0,TXN006411,10.446811287462069
1219.9250195268494,22,5,shopping,0,5,2973.722653028791,0,0,0,TXN009164,0.4100970617495218
471.2188975577833,12,0,food,0,1,473.0169600437577,0,1,0,TXN004874,0.9940971257954228
113.40015147459874,11,0,food,0,1,520.5637015101411,0,0,0,TXN004402,0.21742339650220815
162.84160832593057,15,0,shopping,0,4,705.0272984231242,0,0,0,TXN008916,0.2306449179651112
3629.184422363706,9,2,food,0,3,1441.7731547618368,0,0,0,TXN005546,2.5154227540106864
581.9358010014248,17,0,shopping,1,2,606.4248729807982,0,0,0,TXN005297,0.9580374905388849
476.09927228380354,9,1,grocery,0,3,252.28576037719333,0,0,0,TXN002426,1.879692216312501
2182.9588799251587,15,1,transport,0,3,666.0467000733206,0,0,0,TXN006744,3.2725727894092147
963.2634513649593,9,5,food,1,4,1466.3750468937933,0,0,0,TXN001814,0.656453476842229
6395.173219148897,22,6,food,0,1,490.5068378005554,0,0,0,TXN006822,13.011361648124096
87315.37835810191,3,1,food,1,9,313.6211267800032,1,1,1,TXN009625,277.5254772358521
810.7039618857716,22,4,transport,0,1,399.0658380154359,0,0,0,TXN002274,2.0264263649886844
1967.704575928941,22,1,grocery,0,1,821.5476650125387,0,0,0,TXN001011,2.39220735724652
345.6289017807673,17,1,food,0,2,981.1553004018133,0,0,0,TXN001577,0.3519086051252442
6612.740628359445,20,1,utility,0,1,1715.0466431118941,0,0,0,TXN007264,3.8534737123274474
1858.4179365670905,9,0,transport,0,5,404.26909804788573,0,0,0,TXN001067,4.585639382619554
1048.3322865967623,10,1,utility,0,1,2445.1965869689357,0,0,0,TXN001991,0.42855602537478116
3971.691232500587,22,1,grocery,0,5,596.0815269519172,0,0,0,TXN003970,6.651840750752997
585.4245461700675,15,4,transport,0,5,293.6294842308303,0,0,0,TXN009073,1.986985612449469
1918.6083983667672,15,4,transport,0,4,288.68058891378155,0,0,0,TXN005879,6.623185921987365
338.4124958540754,10,2,transport,0,2,826.6455115138893,0,0,0,TXN008430,0.4088857985045645
994.2602896746132,11,1,shopping,1,4,4053.3773394763866,0,0,0,TXN004542,0.24523131579139587
330.84118380626194,19,5,food,0,3,621.4701046608398,0,0,0,TXN009326,0.531497306182318
2881.576604196203,10,4,utility,0,4,1547.8765185893574,0,0,0,TXN007193,1.8604301696177852
6114.6304663150495,18,4,utility,0,4,1362.2380646223621,0,0,0,TXN003867,4.485372456210644
688.6116586162426,9,5,transport,0,4,464.8040980292941,0,0,0,TXN009415,1.478328897340307
847.832844825492,22,0,food,0,1,1529.1729425255398,0,0,0,TXN006823,0.5540764846005901
744.3480131624175,13,4,shopping,0,5,4454.490354020451,0,0,0,TXN003048,0.1670630960946304
4335.0350798849295,16,1,shopping,0,2,2621.2770717321373,0,0,0,TXN000781,1.6531567646364063
843.0490033134156,9,2,grocery,0,1,929.9373305308749,0,0,0,TXN006747,0.9055915749265955
897.3346050778576,12,2,food,1,3,1859.6122317366546,0,0,0,TXN002675,0.48227921421343406
205.2891658557451,10,4,transport,0,3,424.301774665798,0,0,0,TXN001749,0.4826905930901917
696.9032206993892,10,0,food,1,4,421.65562414693864,0,0,0,TXN006222,1.6488677326983985
818.4442238111662,17,4,grocery,0,2,464.7911527803982,0,0,0,TXN007946,1.7571055588448024
272.60305148525697,22,0,utility,0,1,1692.9230149703294,0,0,0,TXN002791,0.16093001221193742
959.7609024389706,10,1,food,0,2,1785.5409527261759,0,1,0,TXN006519,0.5372174094159002
1255.4916257860264,8,1,grocery,0,3,481.15827714943254,0,0,0,TXN005774,2.6038993527366516
725.013214349911,14,5,shopping,0,3,844.8687238382586,0,0,0,TXN006357,0.8571226171598505
185.26686004697643,8,3,food,1,3,1381.788490012028,0,1,0,TXN004979,0.13398062059756147
629.4678904721443,15,3,transport,0,2,4423.220390745086,0,0,0,TXN007588,0.14227769751003186
213.49149179418757,17,4,grocery,0,2,868.3396567907201,0,0,0,TXN001091,0.24557891743063814
778.2172870079851,8,3,shopping,0,5,821.2987728686528,0,0,0,TXN006526,0.9463923730460085
13067.753172285782,0,6,food,1,15,571.9742926528927,0,1,1,TXN009607,22.80687517721186
2406.6543192573904,15,5,grocery,0,1,4701.747097689336,0,0,0,TXN004627,0.5117549953812919
919.5328802940028,20,5,food,0,2,936.3841007968391,0,1,0,TXN002324,0.9809563438427624
650.7785780776363,9,1,utility,0,4,869.9207203965943,0,0,0,TXN006534,0.7472305605282751
1640.437394577662,16,6,utility,0,2,1344.7626885744332,0,0,0,TXN008971,1.2189648357061955
245.86987011447158,17,5,transport,0,2,684.8792289459942,0,0,0,TXN005055,0.3584739991212524
1015.4981842631487,18,0,transport,0,3,821.4247663731195,0,0,0,TXN002608,1.2347611912776897
1188.8167060419796,12,4,transport,0,5,1427.8375080860312,0,0,0,TXN009020,0.8320167264046936
2496.5933624411914,17,1,grocery,0,4,3752.521883546079,0,0,0,TXN002290,0.6651335572027024
585.7841548565724,22,3,shopping,0,5,866.0909815993543,0,0,0,TXN001727,0.67557403696679
418.4693538950285,8,6,transport,0,2,984.0853481699359,0,1,0,TXN000610,0.42480517517842414
549.8514406730922,9,1,grocery,0,4,229.53524980028783,0,0,0,TXN004666,2.3851078789444444
1496.7315834466494,10,6,grocery,0,1,986.1399900561003,0,0,0,TXN008051,1.516230320444812
18818.46274866004,8,6,grocery,0,3,2534.520737954693,0,0,0,TXN005413,7.421932097404248
738.5704193413352,14,6,grocery,0,5,2785.411255577114,0,0,0,TXN000343,0.2650615259549562
271.97285126685546,12,2,grocery,0,3,2539.762485314621,0,0,0,TXN004683,0.10704379210525743
1052.0985184927113,16,4,food,0,3,6189.407384980328,0,0,0,TXN008784,0.16995626508287623
3957.447704092532,21,3,grocery,0,3,1705.7276330522097,0,0,0,TXN003750,2.318734183154502
3567.207185398473,14,0,utility,0,1,1345.9788090273462,0,0,0,TXN008453,2.6483023797340617
4094.3010774058407,18,2,shopping,1,5,1492.012889082103,0,0,0,TXN009307,2.7423079246978217
895.4682243526007,10,0,shopping,0,1,1260.0238325928294,0,1,0,TXN005999,0.7101120543545963
240.22699796155183,9,2,grocery,0,5,611.0960530540522,0,0,0,TXN003215,0.39246617710233495
382.777089550976,14,5,shopping,0,1,1141.7163944708257,0,0,0,TXN000097,0.33497120668180674
359.45176527763164,22,2,food,1,5,1025.0908038073237,0,0,0,TXN007387,0.35031184759076
509.10409987697835,12,3,transport,1,3,616.7480783436063,0,0,0,TXN007665,0.8241289899955018
2095.622622193271,21,5,transport,1,2,494.0151262729446,0,0,0,TXN005176,4.233451688580873
671.714020104228,17,1,utility,0,3,702.3824762378654,0,0,0,TXN007279,0.9549769048796605
654.954085901918,15,3,utility,0,4,709.9416071767724,0,0,0,TXN006165,0.9212487766791607
4217.2614226419455,18,2,food,0,3,2460.7290037296475,0,0,0,TXN001537,1.7131298433956683
57.57542231470561,9,2,shopping,0,1,1985.102278164267,0,0,0,TXN003588,0.028989152747924924
501.96175633934706,11,3,shopping,0,2,8586.561173802844,0,0,0,TXN009442,0.05845218988024542
553.329668584761,12,4,transport,0,2,281.5989250977936,0,0,0,TXN006985,1.9580034439029828
305.70753179260976,16,6,grocery,0,4,1598.696100173208,0,1,0,TXN003648,0.19110350507168775
588.3536622181414,20,4,food,0,2,491.99038152107585,0,0,0,TXN002657,1.1934384204471313
5000.0,5,6,shopping,1,7,518.6069340623609,0,1,1,TXN009826,9.622658344663126
525.9766323323917,21,6,shopping,0,5,380.1066146453774,0,0,0,TXN001517,1.380129895729616
868.6348210031141,21,5,food,1,2,3070.176462652761,0,0,0,TXN005061,0.2828345526758894
2286.928239020562,20,5,transport,0,5,573.5361373973585,0,0,0,TXN009349,3.9804776238798807
2693.8502636761764,22,2,food,0,1,2262.6811323420334,0,0,0,TXN004624,1.1900307977073983
1956.7917966454124,10,5,food,0,4,3125.9817967131366,0,0,0,TXN004272,0.6257765231323874
979.4771186661243,14,2,grocery,0,2,354.99724105818007,0,0,0,TXN003669,2.751361543574575
2142.7986583890893,18,6,shopping,1,3,1533.1511631444935,0,0,0,TXN006566,1.3967324145536437
1283.182565962157,12,5,food,0,2,1921.7550113809261,0,0,0,TXN005800,0.6673666475275875
2634.914150112349,19,3,grocery,0,4,2397.2650790612356,0,0,0,TXN002090,1.0986751102358319
2597.723012595839,8,1,shopping,0,5,1575.9896442252714,0,0,0,TXN007097,1.6472670078135
1181.3423692321398,17,4,transport,0,2,629.2418550142994,0,0,0,TXN006171,1.8744270311995332
590.8930165512129,13,6,food,0,4,630.9836582351126,0,0,0,TXN000572,0.934981480694216
25640.81219975508,5,2,food,1,17,793.9115485814411,0,1,1,TXN009558,32.25618277343231
262.9418286557446,16,2,food,1,3,897.2392507536381,0,0,0,TXN004688,0.2927302814201583
247.58198685562084,13,1,grocery,0,4,908.5755757485688,0,0,0,TXN009074,0.272195069279278
1138.609831698746,16,4,utility,0,3,618.164154376886,0,0,0,TXN003062,1.8389466244934984
7257.668433978637,16,0,transport,0,1,435.2840937398263,0,0,0,TXN009293,16.63518917631381
850.3309128627207,17,3,grocery,0,3,425.0335990067814,0,0,0,TXN006470,1.9959245346965826
2040.465803073929,18,2,food,0,3,807.663119913559,0,0,0,TXN007160,2.5232581439994965
395.4527382108198,15,2,food,0,2,609.1790253748516,0,0,0,TXN006633,0.6480929723336215
2073.4155279702322,10,5,food,0,3,1558.2741719708386,0,1,0,TXN008491,1.3297312077898056
504.8260985622433,11,6,utility,0,5,2349.525803874198,0,0,0,TXN007925,0.21477156206078477
420.70026494102586,12,4,transport,0,3,1357.6413543571575,0,0,0,TXN007345,0.3096477695102109
2313.1678826931225,13,1,utility,0,2,1539.2342321264746,0,0,0,TXN006304,1.5018286403747318
1244.8503503376207,16,1,transport,1,4,1332.5372728109069,0,0,0,TXN007900,0.9334949803942512
792.271018638071,18,4,utility,0,4,2281.832393907645,0,0,0,TXN009439,0.3470561486478203
1398.426644566352,10,3,transport,0,3,3510.6327558996036,0,0,0,TXN008185,0.3982269051958725
10269.884711054894,16,1,grocery,1,2,4996.056574673876,0,1,0,TXN004479,2.055186799986378
1510.0950303642585,20,2,utility,0,5,1832.1423108233846,0,0,0,TXN004948,0.8237740307712257
771.2020056403704,8,1,transport,0,2,3681.5484894910223,0,0,0,TXN005976,0.2094207334516214
5048.329439979585,9,0,food,0,2,333.09584163340793,1,0,0,TXN000370,15.110422851413237
2506.99130711998,15,1,grocery,0,1,3449.311223412738,0,0,0,TXN001938,0.7265986007605103
2179.3328361997983,17,1,utility,0,2,3562.3396892088545,0,0,0,TXN002352,0.6115983954040771
3411.941820744485,12,3,shopping,0,1,717.9374278906064,0,0,0,TXN007127,4.745811927966068
294.45357058271355,11,4,shopping,1,5,5101.93435890954,0,0,0,TXN001753,0.057702794093090426
2682.37759656298,11,4,shopping,1,5,906.7429951675413,0,0,0,TXN003670,2.9549967456018718
192.79017502772686,13,6,food,1,1,918.0968903180062,0,0,0,TXN007298,0.20976044752041512
322.54902924384635,20,3,food,0,4,758.8713074682362,0,0,0,TXN003652,0.42447849533696125
1818.0847247115578,22,5,utility,1,3,144.68700298255536,0,0,0,TXN005201,12.479388603589136
3034.4818651540622,15,5,grocery,1,1,384.29315567211216,0,0,0,TXN007909,7.875774122851102
1759.244550104136,14,1,transport,0,5,2420.240144493457,0,0,0,TXN002361,0.7265882131126584
1174.0408350303317,9,2,food,0,5,2097.991524585879,0,0,0,TXN004260,0.559335672049445
2816.2435486931563,18,0,food,0,2,378.38525582361643,0,0,0,TXN005432,7.423176060385654
3288.661110133098,16,6,food,0,3,510.8832274517465,0,0,0,TXN006285,6.424631505323368
1240.7329295086818,16,0,transport,0,5,1159.5637204013801,0,0,0,TXN004991,1.0690778177001563
4783.766938762132,18,1,transport,0,2,468.0617603893144,0,0,0,TXN007600,10.198586503388542
197.6023001874494,19,4,transport,0,4,2457.6110281579217,0,0,0,TXN009462,0.08037151787100703
1140.8966007292524,19,4,grocery,1,2,927.2089355109001,0,0,0,TXN003737,1.2291377049729497
2173.5237793196397,13,6,utility,0,1,1589.515739891533,0,0,0,TXN007520,1.3665528261090114
429.63771208889085,20,6,transport,0,4,2651.1713632446604,0,0,0,TXN008559,0.16199470292269239
712.121700852377,16,5,utility,0,5,2406.6449840274167,1,0,0,TXN008926,0.2957752100399648
66972.63050371154,2,6,grocery,1,13,627.8513018678312,0,1,1,TXN009990,106.49994729244833
1278.6095242216752,15,5,food,0,5,415.0522795999446,0,0,0,TXN005591,3.073194372233997
5269.172387271417,22,4,utility,0,2,1122.1185114265575,0,0,0,TXN001171,4.691555106307209
1520.557327528341,18,1,food,0,2,4158.510481479067,0,0,0,TXN007370,0.3655616049770479
6732.145493639547,16,4,transport,0,4,1543.526136186243,0,1,0,TXN007937,4.358712575924819
806.7436454041444,22,1,transport,0,4,2911.1483958063272,0,0,0,TXN008086,0.277026969699039
369.5371677525731,8,1,grocery,0,4,617.717666214508,0,0,0,TXN001422,0.5972629972140725
1285.2176027042997,15,4,shopping,0,2,1647.2496228625062,0,0,0,TXN006782,0.7797469417722476
1265.487981883181,13,4,food,0,3,472.16103284264784,0,0,0,TXN009443,2.6745397318126694
341.40935048281517,12,1,shopping,0,1,592.6986771175383,0,1,0,TXN008139,0.5750549287736145
6207.051971246159,9,0,grocery,0,4,484.4948980581788,0,0,0,TXN009350,12.784999381192968
2198.973176581019,14,4,transport,0,5,1125.9694974382953,0,0,0,TXN008018,1.9512268802123622
1773.3243276265327,12,3,transport,0,3,859.0776380390595,0,1,0,TXN006339,2.061818897733043
98869.05156600001,0,1,shopping,1,18,496.2778814528134,1,1,1,TXN009647,198.8205292323698
912.0647616800507,8,2,grocery,0,4,1348.7419167900728,0,0,0,TXN000874,0.6757327088493358
1596.1658619608952,8,5,grocery,1,3,630.8244754852185,0,1,0,TXN002297,2.5262805160168846
480.50330193244247,17,6,utility,0,3,899.5939888934483,0,0,0,TXN002643,0.5335404276047107
207.74472073821772,9,0,utility,0,2,4237.66966583674,0,0,0,TXN007531,0.04901177423959685
725.2752924662491,11,4,utility,0,1,1850.510017832492,0,0,0,TXN001719,0.3917209658499755
340.2281431659247,11,0,transport,1,3,1288.125128065115,0,1,0,TXN005347,0.26392173712150263
1552.1399050837817,11,5,utility,0,5,819.699522679897,0,0,0,TXN005932,1.8912401703554707
1196.7818347483103,8,2,grocery,0,4,999.5729435315726,0,0,0,TXN000840,1.1960965389731693
26822.773678072524,5,5,food,1,8,361.9676683030764,1,1,1,TXN009937,73.89852050314197
3422.58136681486,22,0,food,1,3,888.8519122574678,0,0,0,TXN000581,3.8462370195194655
511.95648403961866,17,4,utility,1,3,446.31255241708607,0,0,0,TXN000204,1.1445162476957653
918.5826505597103,20,1,food,0,4,2109.028650263602,0,0,0,TXN001641,0.4353413165479784
1349.5713397357856,15,1,utility,0,3,1418.9510923570842,0,0,0,TXN002014,0.9504350868138212
355.9903675267965,9,0,grocery,0,3,2957.940253910811,0,0,0,TXN003253,0.1203100897546973
731.8222905948384,10,1,transport,0,3,2517.0844975635273,0,0,0,TXN007540,0.2906265819526478
103.04281971297624,21,2,grocery,0,4,2474.63166382773,0,0,0,TXN000905,0.04162283962455677
1968.4886258508966,21,0,grocery,1,3,1449.5898111052509,0,0,0,TXN000631,1.3570263700880691
1252.234230383997,16,6,transport,0,5,1517.3537246928877,0,0,0,TXN008420,0.8247315563027201
1726.645673667313,18,2,shopping,0,1,7509.002251088631,0,0,0,TXN007823,0.22991280374343734
130.73423371083646,12,1,food,0,5,1166.0068163448068,0,0,0,TXN001974,0.11202525287753709
559.5286136951565,17,0,transport,0,2,2260.5201448384632,0,0,0,TXN000162,0.24741261534732992
911.7711308481275,20,2,food,1,3,866.3895525190724,0,0,0,TXN004998,1.051166835247395
2656.7067817993648,20,1,utility,1,3,2039.3277717914877,0,1,0,TXN001243,1.3020980347028615
4148.290794171643,14,4,utility,0,5,2967.473064417025,0,0,0,TXN009450,1.397449363410788
1491.159603648408,17,3,utility,0,1,299.8097108813536,0,0,0,TXN007764,4.957152477821955
3754.2574845464114,19,2,utility,1,2,5558.164642414602,0,0,0,TXN004713,0.675327630324646
892.6192695527936,10,4,shopping,0,1,739.7355017611311,0,0,0,TXN000875,1.2050445367213427
1308.6640716905067,15,2,grocery,0,4,1492.4723127725238,0,0,0,TXN001431,0.8762559978504497
3389.86635919545,9,6,shopping,0,2,1248.5954089778243,0,0,0,TXN008738,2.7127711376343635
4676.663740620663,16,6,transport,0,4,1199.747949313926,0,0,0,TXN006868,3.8947921945590482
5447.130565034329,9,1,transport,0,1,997.99105046512,0,0,0,TXN004643,5.452631995550111
1553.2352486117798,9,0,transport,0,5,1982.556891582384,0,0,0,TXN005080,0.7830555580246984
421.6795402131996,9,0,utility,0,3,2577.06732881489,0,0,0,TXN005783,0.16356420776917457
453.7791822099406,15,5,grocery,0,2,8013.4558178485395,0,0,0,TXN009138,0.05662008656899134
772.2641126445601,12,2,food,0,5,1132.913993534827,0,0,0,TXN007616,0.6810605716551119
1576.7143455402945,22,2,utility,0,1,6963.180179558604,0,0,0,TXN008039,0.22640343944119895
5643.621131920842,15,3,grocery,0,2,1691.5189063470905,0,0,0,TXN007955,3.3344508653680505
13144.595868754699,11,4,food,0,1,802.3104519463004,0,0,0,TXN009437,16.36303354065333
1807.7199534900706,11,6,transport,0,1,1545.2087081836814,0,0,0,TXN002856,1.1691306250716853
4508.724823541732,17,6,utility,0,4,546.6086218106209,0,0,0,TXN001861,8.233480343377392
3685.2392184312307,17,3,food,0,4,994.1158128027112,0,0,0,TXN002659,3.7033269605593695
2606.2681542110263,8,6,food,0,3,2214.6576870043396,0,0,0,TXN003384,1.1762954943346
20885.84734211491,1,0,shopping,0,13,364.1484580326207,1,1,1,TXN009564,57.19823508127498
35791.795635746246,3,6,food,1,6,257.1444250825391,1,1,1,TXN009776,138.65027541966936
471.72839586356287,20,3,grocery,0,4,291.22438380697156,0,0,0,TXN008090,1.6142677408301507
5268.93780546935,8,3,grocery,0,3,664.7048600177872,0,0,0,TXN008347,7.914825505898466
1461.5721188676353,21,0,utility,0,4,755.0908601859271,0,0,0,TXN007462,1.9330641273830849
469.4836452188356,11,5,food,0,3,1311.6833478257488,0,0,0,TXN006886,0.3576518632589197
1019.9636622574868,21,2,shopping,0,5,1739.2529425782473,1,0,0,TXN004733,0.5861008117281928
1457.6295370602386,19,3,food,0,2,871.3022963389373,0,0,0,TXN003331,1.6710142151154783
1786.4996586222956,12,3,shopping,0,4,745.9701818028025,0,0,0,TXN009006,2.391661276639722
1174.7652950176634,20,5,grocery,0,1,5536.405095613209,0,0,0,TXN008635,0.21215086755135995
247.82186624136574,8,3,grocery,0,4,1661.481763585393,0,0,0,TXN006404,0.1490674193663938
588.0545317629773,20,5,grocery,0,5,648.2646719680616,0,0,0,TXN008346,0.9057239014413903
762.2049405585833,20,1,grocery,1,2,213.20830385917643,0,1,0,TXN009464,3.5582417993453124
4110.13488660717,22,5,shopping,1,1,1496.1034705887228,0,0,0,TXN007060,2.7453913288911793
414.54109259966117,16,0,food,1,1,596.0348108127149,0,0,0,TXN002096,0.6943332031768236
393.5661852084572,11,2,transport,0,5,4946.869699997126,0,0,0,TXN002003,0.079542552466304
674.1271571952752,18,5,transport,0,4,7413.001260384895,0,0,0,TXN008804,0.09092622640858279
7181.476134556156,2,2,food,1,18,305.55221452648,0,0,1,TXN009732,23.426600083933888
150.30848820892797,8,1,food,0,2,499.1010520960992,0,1,0,TXN004676,0.3005562327432272
9017.660237759088,12,3,utility,1,4,1035.8032739632697,0,1,0,TXN005017,8.69756149909549
2090.7893611841987,13,1,grocery,0,5,494.8862756267847,0,0,0,TXN007469,4.216267850005541
584.5131784261424,9,2,grocery,0,5,2533.129668439735,0,0,0,TXN000546,0.23065638104699968
1919.51618987452,18,1,food,0,3,938.4009128671869,0,0,0,TXN001449,2.0433407755756594
101.21405675280137,9,2,shopping,0,3,948.6531682975225,0,0,0,TXN003986,0.10658002324601461
1038.720968346839,11,0,transport,0,4,1130.797121018463,0,0,0,TXN006900,0.9177625115463555
546.5025153248951,20,5,transport,0,2,2147.857447261693,0,0,0,TXN002610,0.25432236839223926
2242.253316050552,16,1,grocery,0,2,652.7456111432188,0,0,0,TXN001900,3.4298560140686467
1318.4567852051218,22,4,food,0,4,160.90300040129307,1,0,0,TXN003920,8.143498155915532
843.6742248909457,21,3,utility,1,2,971.1555350760365,0,0,0,TXN002757,0.8678387299671737
607.0739547941632,20,5,transport,1,1,1679.9823151629785,0,0,0,TXN006124,0.36114238045110236
303.5747958613387,12,4,food,0,3,1059.4245273402892,0,0,0,TXN006397,0.28627666376479605
1582.2548786513341,14,6,utility,0,1,1564.148694647203,0,0,0,TXN001885,1.0109294305791099
5000.0,1,1,food,1,8,840.3034016100536,0,1,1,TXN009823,5.9431591390587455
2220.5570927379854,8,4,utility,0,2,2106.0414264918945,0,0,0,TXN005738,1.053874434939368
522.3974732326778,10,1,utility,0,5,1281.2930708419867,0,0,0,TXN008667,0.4073931966969596
1592.076086880967,18,6,grocery,1,2,580.920182036626,0,0,0,TXN005890,2.735901135631625
1056.2038555182996,17,4,food,0,1,2595.736842929668,0,0,0,TXN002097,0.40674273883166323
493.50214392994803,11,1,transport,0,1,756.5910492888822,0,1,0,TXN009289,0.6514096812431681
653.2975559679736,18,3,food,0,4,504.7785162476764,0,0,0,TXN005692,1.291667271308254
8758.479407098057,22,6,shopping,0,5,1647.6696236152798,0,0,0,TXN000499,5.312452708318877
1555.8041282823615,8,2,food,0,2,4985.494969432034,0,0,0,TXN005624,0.31200354915018974
415.60225042468886,21,6,transport,0,1,626.9431498238921,0,0,0,TXN000836,0.6618469371650051
914.117911283582,19,4,grocery,0,1,1575.1947864189344,0,0,0,TXN003471,0.5799523759118818
1304.9545766355056,15,1,transport,0,3,4184.205123229501,0,1,0,TXN004697,0.31180182051113936
11022.437287701665,20,6,transport,0,4,990.1882158707245,0,0,0,TXN006280,11.12042809953994
1438.0369780418393,12,4,grocery,0,1,829.0600386305521,0,0,0,TXN008883,1.7324493544037352
1617.1564589492468,9,4,grocery,0,2,1286.306750477358,0,0,0,TXN002171,1.2562324079708074
883.976553097242,9,5,grocery,0,4,766.3138605413101,0,0,0,TXN009231,1.1520403821112144
608.2971130686781,18,3,food,0,2,741.8817982511025,0,0,0,TXN005678,0.8188343212887103
14726.990937729519,18,6,utility,0,2,923.8036898672176,0,0,0,TXN009184,15.924450885186245
287.1127811778333,19,0,grocery,0,4,3011.047190894065,0,0,0,TXN000398,0.09532147505717191
100.3758293467561,8,4,shopping,0,1,1111.6989492658374,0,0,0,TXN002010,0.09020933237420996
1257.3310042049848,11,0,transport,0,1,1828.8001701557268,0,0,0,TXN005166,0.6871411560192272
585.5425384050602,11,3,transport,1,5,1127.5510307593368,0,0,0,TXN005871,0.5188445382138214
43659.89519184831,5,2,utility,1,7,711.8108376755866,1,0,1,TXN009792,61.25032460816586
342.1799100378453,8,5,utility,1,2,2054.363999077174,0,0,0,TXN001283,0.16648141652353485
3063.126973806716,17,1,food,0,5,3630.3167075310294,0,0,0,TXN008390,0.8435306585773864
899.5785445848844,8,4,grocery,0,5,910.7658995286668,0,0,0,TXN002448,0.9866332411092775
1205.9559914328263,22,3,grocery,0,4,337.41882931393513,0,0,0,TXN004256,3.5635014572848074
4409.241538681478,9,6,food,0,4,2882.9897911615853,0,0,0,TXN001836,1.528868636149217
47616.236494574165,2,2,food,1,15,554.271188418015,1,1,1,TXN009596,85.75311935458838
3390.889270139868,8,4,utility,0,4,3225.536194007126,0,1,0,TXN001019,1.0509379304152877
1869.3106969055646,15,0,transport,0,2,810.3002909592209,0,0,0,TXN005066,2.3040922303817135
371.8857261307405,10,0,food,0,1,427.4632386977299,0,0,0,TXN001326,0.8679524695305229
1404.2940494319525,11,4,grocery,0,4,289.03311833060303,0,0,0,TXN008752,4.841840330217825
1511.6092063527442,22,5,grocery,0,5,502.01356580989875,0,0,0,TXN000475,3.005106241854357
1210.7732081253234,11,1,shopping,0,2,629.5454598725184,0,0,0,TXN002810,1.9201997083130429
382.78632870437303,8,2,grocery,0,1,178.93562040343966,0,0,0,TXN008632,2.127351593009294
1383.2547346848812,12,0,grocery,1,5,1144.9289969519764,0,0,0,TXN001651,1.2071033531433106
16428.798580881914,4,2,grocery,0,10,232.20109894398877,0,1,1,TXN009611,70.44906158365855
2437.1063030043056,12,3,transport,0,4,2684.6634226938636,0,0,0,TXN001169,0.9074503835479719
199.4129981720859,8,3,transport,0,1,1209.9761524664539,0,0,0,TXN002528,0.16467128420814214
1345.8726301127583,18,0,utility,0,1,212.99777170444557,0,0,0,TXN001206,6.289189926573424
5901.066574812339,17,1,utility,1,5,477.7705661623362,0,0,0,TXN006256,12.325458146087183
1670.6579043497427,20,3,shopping,0,5,266.6702457802835,0,0,0,TXN007926,6.241477828361612
1395.594933270385,13,0,utility,0,5,1979.543504467052,0,0,0,TXN005469,0.7046525007517712
1049.9043333664379,13,3,utility,0,5,2173.846444213464,0,1,0,TXN009383,0.48274871826462995
4213.019994352672,19,6,grocery,0,1,527.4253298262122,0,0,0,TXN000431,7.972782068827481
2862.6643384401095,22,0,transport,0,1,828.8463956168818,0,0,0,TXN007700,3.449631586713219
1608.2818432891602,10,0,utility,0,1,2192.2366274708793,1,0,0,TXN000867,0.7332915304919666
1576.552379211728,13,3,utility,0,4,450.9651634500437,0,0,0,TXN002974,3.488216585493511
507.90422724640814,18,4,grocery,0,2,1130.5412045730225,0,0,0,TXN005236,0.44886056751071784
21365.00341129725,9,5,utility,0,2,2061.9802696297993,0,0,0,TXN005093,10.35637796726538
1086.9480215432784,8,4,grocery,0,3,1019.2564466746471,0,0,0,TXN005433,1.0653674623532163
913.0172341293767,17,4,food,0,3,1186.7767808018073,0,0,0,TXN000541,0.7686774559720266
3323.1699811179205,19,2,grocery,0,4,722.7262049108836,0,0,0,TXN005195,4.591750248323703
4991.111030415072,9,6,transport,0,3,1749.664104212317,0,0,0,TXN001132,2.8509815323258376
24285.924028661044,0,5,grocery,0,7,998.0151725185364,1,1,1,TXN009837,24.309865051834763
167.50598052358973,15,3,shopping,0,5,7404.747475655913,0,0,0,TXN004501,0.022618375940337346
942.6555638927595,21,0,food,0,1,708.9941708761421,0,0,0,TXN006354,1.3276947932255698
491.0869957403162,18,3,food,0,2,632.5418865816046,0,1,0,TXN009333,0.7751452684368972
1191.376740136947,12,5,food,0,4,1081.0738560569032,0,1,0,TXN003390,1.1010124063789375
2008.4790353052967,17,0,transport,0,4,2332.1977867726596,0,1,0,TXN003888,0.8608267360323009
551.9157832998129,13,2,shopping,0,2,780.5545197424435,0,0,0,TXN002962,0.7061769452522562
550.0380183913319,8,0,utility,0,5,1138.2452484582766,0,0,0,TXN004155,0.4828091397666043
444.3919259721337,21,2,shopping,1,5,4189.987791455077,0,0,0,TXN003259,0.10603512777541269
12604.24051752747,15,6,food,0,5,1186.0301511075672,0,0,0,TXN006302,10.618298537545142
1702.187933538752,17,6,grocery,0,4,1392.5375548853544,0,0,0,TXN006034,1.221486947066016
800.3423611379365,9,3,grocery,0,4,1286.0549719222186,0,0,0,TXN007918,0.6218400756749527
89958.96393322451,5,0,shopping,0,16,509.82264492668685,1,1,1,TXN009936,176.1060611283891
5254.576589667472,14,3,food,1,4,462.6285000436057,0,0,0,TXN002583,11.333592713073642
2467.384033452796,10,0,food,0,3,2943.299520059667,0,0,0,TXN002813,0.8380207301065599
748.6179724964632,8,3,transport,1,3,695.6447428137745,0,0,0,TXN003959,1.0746050698276524
383.39233330334156,15,6,grocery,0,4,585.7346539268817,0,1,0,TXN002947,0.6534339342961657
1048.4628958180508,21,5,food,0,1,2898.6579274018036,0,0,0,TXN006643,0.361581580334033
224.69726094141407,14,4,food,0,1,3457.508698068915,0,0,0,TXN005174,0.06496940749834619
3585.8251671882513,10,4,grocery,0,2,1477.666298926819,0,0,0,TXN006841,2.425040166121834
516.6061359194595,8,4,transport,1,5,456.9630634861763,0,0,0,TXN008298,1.1280519699271627
1367.639814869025,14,5,grocery,0,2,1238.3590832437133,0,0,0,TXN003586,1.103505701745106
1222.6609949156734,13,6,transport,0,1,3500.4555460049946,0,0,0,TXN009228,0.3491864965444657
1431.070243285855,19,0,transport,0,2,910.3840803873529,0,1,0,TXN007988,1.5702164148814484
6513.842367215513,9,3,grocery,0,3,1551.2691809484495,0,0,0,TXN002563,4.196335562905076
1516.7811609971045,17,2,utility,0,5,1031.5748479219806,0,0,0,TXN002630,1.4689309584187253
658.0731279184979,12,0,transport,0,3,1013.8916489124308,0,0,0,TXN003190,0.6484171277039242
1306.8373239542589,21,2,grocery,0,1,1307.6486230934654,0,0,0,TXN007778,0.9986159010851019
411.44948486396834,18,0,grocery,0,5,1180.5402213742684,0,0,0,TXN007645,0.3482314672160757
2215.4664669269823,17,6,food,1,5,1598.7085000717027,0,0,0,TXN005036,1.3849188566714998
1304.9854997766618,19,4,grocery,0,1,548.195445217126,0,0,0,TXN001080,2.376176844039069
705.4411199550431,8,0,food,1,4,432.14590567823376,0,0,0,TXN004283,1.6286454765177585
18408.553634406584,5,4,food,1,13,394.8360919310043,0,1,1,TXN009711,46.505495607043486
1503.7532405962243,8,2,food,1,3,2221.023134231823,0,0,0,TXN007085,0.6767495879902653
227.16083305603766,15,1,grocery,0,3,1126.7159778710438,0,0,0,TXN002085,0.20143443696247237
758.3286728933974,9,0,transport,0,1,1294.9716521156092,0,1,0,TXN006345,0.5851429478842871
450.40862624851883,16,4,food,1,5,1934.2767394110097,0,0,0,TXN002452,0.23273603049949235
820.5456932792765,22,1,grocery,0,4,504.6895113380861,0,0,0,TXN004966,1.6226274717623888
9621.954248818933,8,6,food,0,2,2223.525218213629,0,0,0,TXN002023,4.325396794802666
6641.181720160033,14,6,grocery,1,1,690.385941877844,0,0,0,TXN008071,9.605607111597037
994.4650982587988,22,1,transport,0,1,876.8664371035671,0,0,0,TXN008987,1.1328205023305564
491.07189375774453,21,4,grocery,0,2,1938.1723927995772,0,1,0,TXN008718,0.2532378738379137
3493.1720275540824,15,0,utility,0,1,702.3612552078442,1,0,0,TXN007321,4.966398137073736
303.20249600695,22,3,food,0,2,1326.7257649001067,0,0,0,TXN000226,0.2283622898812707
1771.5768763463932,8,2,transport,1,5,2153.1622485999997,0,0,0,TXN001013,0.8223971418576987
672.9642536416311,15,4,transport,0,2,1132.3365654262702,0,0,0,TXN006679,0.5937902951084226
8323.32518842865,8,1,transport,0,3,647.6670884455499,0,0,0,TXN001929,12.831428226726384
1086.6349101370345,17,0,utility,0,4,1138.965824661572,0,0,0,TXN001043,0.9532170935559667
9814.716825085581,22,1,transport,0,1,1097.0748141076258,0,0,0,TXN005251,8.938113049302313
717.7824019705569,17,2,grocery,0,1,1039.9888993668706,0,0,0,TXN001404,0.6895197464709875
1088.9150313851387,15,4,transport,0,3,571.6056987895026,0,0,0,TXN002179,1.9016838876859277
8754.677776841527,16,2,food,0,2,1068.0541893787458,0,0,0,TXN000697,8.189180552137483
3047.1523467773013,17,2,grocery,0,1,908.4268035372241,0,0,0,TXN001124,3.3506295778015045
986.2086969393581,16,5,shopping,1,2,1386.426478240996,0,0,0,TXN007378,0.7108187081665698
549.4652994906558,20,5,transport,0,2,1063.2883602428913,0,0,0,TXN003895,0.5162748367982312
458.28383690529904,12,3,transport,0,1,725.1807108556602,0,0,0,TXN008217,0.6310878684250677
1364.534861681036,22,3,grocery,1,1,805.9126343805344,0,0,0,TXN005110,1.6910565079063204
690.3946233475962,11,1,grocery,0,2,1831.4655841631034,0,0,0,TXN001778,0.3767572113300578
1096.4887564535743,13,0,grocery,1,2,1641.1508387184053,0,0,0,TXN007786,0.6677150055894465
382.8604377196829,18,6,food,0,4,551.3307719627531,0,0,0,TXN002634,0.6931723835685574
598.4508301524554,13,4,utility,0,5,1517.9865232475647,0,0,0,TXN007187,0.3939803421514094
1331.1639759047075,10,1,grocery,0,3,794.184794325503,0,0,0,TXN007544,1.6740309741886303
2000.6687690072579,12,1,shopping,0,2,266.48728567169496,0,0,0,TXN007604,7.4794910867756625
2452.694692567635,14,4,grocery,0,2,3466.9495464433912,0,0,0,TXN003489,0.7072463597640956
2679.3975745151374,19,5,grocery,0,3,1177.633850281379,0,0,0,TXN008259,2.2733078418505257
5988.664909522048,18,3,shopping,0,1,961.3942248592443,0,0,0,TXN001037,6.222673364855161
3760.412092737961,16,6,transport,0,4,1124.7908955569344,0,0,0,TXN006093,3.3402402769278625
2376.9126203445126,15,5,grocery,0,5,590.1062308322325,0,1,0,TXN002256,4.0211259776402635
1520.1981389486089,15,1,transport,1,2,522.1687416910592,0,0,0,TXN008188,2.905751085270905
1198.94609607221,19,1,transport,1,1,2866.733215123438,0,0,0,TXN002613,0.4180814623024836
736.3584071660096,22,4,transport,0,2,1851.5648549658708,0,0,0,TXN000313,0.3974805012586592
740.1101276823535,14,3,grocery,0,4,965.6621511577637,0,0,0,TXN002649,0.7656347430132953
3201.8240123431488,13,2,shopping,0,5,1580.9465235612572,0,0,0,TXN002281,2.023977400408735
915.386717399546,9,3,shopping,0,1,2599.8431784289164,0,0,0,TXN006741,0.351957674723203
1625.0520713635626,22,2,transport,0,1,1129.1632346501212,0,0,0,TXN002979,1.4378914669495955
1352.4676118726377,14,4,transport,0,4,390.3859373398234,0,1,0,TXN002547,3.4555856070483926
313.58728410718203,21,3,grocery,0,2,141.70409126295434,0,0,0,TXN005512,2.197465267687028
947.8114281620159,9,6,food,0,1,200.71685080897203,0,0,0,TXN005132,4.698722116476046
1255.3582152829233,19,0,food,0,5,845.7108129342904,0,0,0,TXN002159,1.482629247325257
1028.238537405129,13,4,utility,0,3,829.5160159222597,0,0,0,TXN007080,1.2380718946922475
333.37040504441524,19,3,transport,0,2,9147.622061093509,1,0,0,TXN003137,0.036439411620482705
9546.943532559955,11,1,transport,0,5,1720.0232562278327,0,0,0,TXN009079,5.547248416320128
414.6975097591324,10,5,food,1,2,371.2873219937324,0,0,0,TXN005850,1.1139178942175043
140363.4099036434,0,2,food,1,18,602.9606029194952,1,1,1,TXN009865,232.40491056061998
1554.660182578846,16,4,grocery,1,5,2205.373319472926,0,0,0,TXN006445,0.7046224538965301
1228.2362349031841,8,5,shopping,0,4,284.4691020591456,0,0,0,TXN003967,4.302518997830838
401.6825795890661,17,2,transport,0,2,1154.3234939828835,0,0,0,TXN001428,0.3476797465654387
4368.338434489352,11,0,grocery,0,3,1639.728378445774,0,0,0,TXN008422,2.6624385193040805
5140.170157217328,18,2,transport,0,3,946.1709041648492,0,0,0,TXN002520,5.426866613633555
1613.604965804487,18,0,grocery,0,5,1550.972129726462,0,0,0,TXN007837,1.0397125920611008
2362.5789618562485,14,5,food,1,3,641.6496245482191,0,0,0,TXN004969,3.676309565289383
1776.7368132133056,11,6,grocery,1,1,451.6591248655713,0,1,0,TXN001855,3.9251099019399045
525.2817479803517,20,4,transport,0,3,4246.327343182765,0,0,0,TXN008884,0.12367347876387794
1225.1718252983671,9,4,food,1,5,1437.8914152060813,0,1,0,TXN005602,0.851469271656538
1529.9680463793902,8,4,grocery,0,1,1605.070895530428,0,0,0,TXN009344,0.9526155107082593
21114.91737214749,2,0,food,0,6,416.9479632803571,1,1,1,TXN009868,50.52044567084952
2909.7525939457396,13,6,grocery,0,4,2357.9162727942917,0,0,0,TXN000448,1.2335124512490416
2128.1188555048884,13,4,grocery,0,2,1065.1816461230324,0,0,0,TXN007703,1.9960190303813516
329.0094096228118,12,6,shopping,0,5,208.2470059867667,0,0,0,TXN001284,1.5723494253658241
1429.7978430783485,18,3,transport,0,3,1754.4372188708232,0,0,0,TXN005995,0.8144967121057506
536.0214002563846,21,5,food,0,2,829.614801171337,0,0,0,TXN007899,0.6453309036878281
4924.013031343727,9,2,shopping,0,5,1502.7354425867325,0,0,0,TXN003727,3.2745208311865133
620.0538953852545,16,2,transport,1,2,2473.223354495923,0,0,0,TXN007353,0.25060546545183626
1271.332369083651,17,2,food,1,3,1136.6408876659348,0,0,0,TXN000361,1.1175164174100731
1304.8241050170163,10,6,shopping,0,2,990.5414495327828,0,0,0,TXN006279,1.3159551783053076
189.0880115144504,17,4,grocery,0,5,3895.9183628862365,0,1,0,TXN005230,0.04852244617575287
1561.932906498587,20,4,grocery,1,2,4000.302568326959,0,0,0,TXN008942,0.3903561102482857
1314.3694039715854,22,1,food,0,5,804.9837389023343,0,0,0,TXN007295,1.6307641711998053
1638.3859485460623,20,2,transport,1,5,842.339210707686,0,0,0,TXN008891,1.9427365972598556
405.02753798922635,20,6,transport,0,1,608.4339603231392,0,0,0,TXN007534,0.6645962718823041
1038.2102584328877,10,3,transport,0,2,1671.596896909545,0,0,0,TXN006251,0.6207175562451344
404.6164869374931,19,3,transport,1,1,612.1432230314656,0,0,0,TXN005926,0.659905339794857
4383.3792928404055,9,3,grocery,1,3,926.72225815886,0,0,0,TXN005149,4.724883179519242
375.9039256342973,22,2,transport,0,2,687.3571357871921,0,0,0,TXN002460,0.5460885143645976
1308.3004188472387,12,6,shopping,1,1,995.869120197831,0,0,0,TXN000022,1.312409414976766
408.93634200137825,11,4,utility,0,1,1679.0944050154926,0,0,0,TXN002066,0.2434008117523654
1949.9556853350593,13,3,shopping,0,3,747.3881977847045,0,0,0,TXN001653,2.6055404015016554
638.8205982286196,13,6,utility,0,5,1086.9537049105704,0,0,0,TXN000702,0.5871762698589555
316.1848104443639,20,0,transport,1,5,1923.898431809321,0,0,0,TXN008490,0.16426051640925485
1836.5803758574782,10,5,grocery,0,4,4616.682098295487,0,0,0,TXN002743,0.3977277640085727
832.2261997419503,14,4,grocery,0,4,779.7766796948284,0,0,0,TXN001376,1.0658953083322509
246.0996341816663,18,5,grocery,0,4,516.1694151582158,0,0,0,TXN001724,0.47585883265424334
1168.3916133999348,15,5,transport,0,2,1323.9872604769068,0,0,0,TXN002468,0.8818134696475436
808.6224867005282,12,2,food,0,3,1756.053423989265,0,0,0,TXN003754,0.4602150826265762
236.48275945186907,22,1,transport,0,5,5100.867649518864,0,0,0,TXN002325,0.04635219407821581
583.7901265044072,9,2,grocery,0,3,271.3984408073387,0,0,0,TXN000460,2.143147827036605
786.0026974244821,15,3,shopping,0,4,404.0821542474921,0,0,0,TXN005163,1.9403538002917302
1185.5206172723117,12,3,shopping,0,2,660.798863039767,0,0,0,TXN004183,1.7913609156519128
2453.423948504423,17,4,utility,0,4,650.31621098621,0,1,0,TXN005526,3.766870695248776
709.203596233627,17,5,food,0,2,962.3352507276189,0,0,0,TXN004082,0.7361960394348248
556.4989982724683,13,5,food,0,4,1212.603809973752,0,0,0,TXN001486,0.4585508002685854
763.7824613608569,20,4,grocery,0,2,1008.6842294838921,0,0,0,TXN003678,0.7564567604975571
1221.68205374391,13,4,utility,1,2,2799.989593310138,0,0,0,TXN000282,0.43616086852366964
2140.86339384637,16,6,food,0,2,1781.1178774294956,0,0,0,TXN006579,1.2013029109692364
1083.2526061702679,21,6,transport,0,1,1088.9054098979666,0,0,0,TXN004558,0.9938959806353089
3207.8832740987223,20,2,grocery,0,4,1113.9303012887478,0,0,0,TXN004308,2.8772052121919462
1497.256837285377,18,3,transport,1,1,259.3465321841587,0,0,0,TXN006684,5.751015097932157
202.98316582382967,17,3,grocery,0,1,933.7249604270221,0,0,0,TXN004865,0.21715817424100703
1690.8268152033068,13,6,food,0,2,2327.5864894954143,0,0,0,TXN003537,0.7261172487390387
301.96886077404383,17,1,transport,0,3,5029.426069248461,0,0,0,TXN003868,0.0600284859805439
2248.5976716243467,19,5,grocery,0,5,1660.6686791890058,0,0,0,TXN007003,1.3532166188038144
296.59198870572527,21,2,food,0,3,3120.469578894323,0,0,0,TXN002581,0.09501678014455714
1146.5952359979665,10,0,shopping,1,2,570.8968119560948,0,0,0,TXN001368,2.004898806965184
1891.5291963552784,13,3,grocery,0,2,880.4554229896092,0,0,0,TXN009469,2.145915887544067
475.5151579104933,12,2,grocery,0,1,4130.607530028335,0,0,0,TXN008197,0.11509204455032838
3507.201370874254,10,2,transport,0,1,724.3652314602601,0,0,0,TXN000597,4.835083374224836
1277.0006637527977,16,5,grocery,1,1,2149.2218135192243,0,0,0,TXN004351,0.5938925257495907
1064.746904326506,12,6,transport,0,5,427.40529785552434,0,0,0,TXN006346,2.485372869234642
12399.514428120987,12,2,grocery,1,2,974.9506540304573,0,0,0,TXN008976,12.705062880908757
656.8834523854831,21,1,utility,1,1,1984.7313856508497,0,0,0,TXN006379,0.33080176761681235
307.28091837844596,14,5,grocery,0,4,1044.5884232924361,0,0,0,TXN004758,0.2938832446239737
2054.2794192546885,16,3,grocery,1,3,2467.6518751089584,0,0,0,TXN000646,0.8321462576265514
454.58892098744303,15,3,transport,0,3,1481.4248115002779,0,0,0,TXN006381,0.30665226152507485
2299.238873435786,16,2,transport,0,4,1509.965859928232,0,0,0,TXN007527,1.5217014059768335
137125.05549204643,0,5,shopping,0,8,650.6151388582322,1,1,1,TXN009697,210.43871959807225
755.3824713404296,9,6,shopping,0,4,1299.279029242707,0,0,0,TXN006023,0.5809387480319285
2565.2734633628957,21,0,grocery,0,3,1333.432764106278,0,0,0,TXN007954,1.9223699630014406
2446.3020058076363,8,1,food,0,2,1603.980543735856,0,0,0,TXN007165,1.5241941812661894
2018.7524602986143,20,4,grocery,0,1,897.3167242265374,0,0,0,TXN003468,2.2472613565519297
1207.6485243907628,10,3,utility,0,2,792.2958043462969,1,0,0,TXN007797,1.522318053082238
1008.9523551581694,18,6,transport,0,5,2113.2848619023302,0,0,0,TXN007697,0.4772073873954541
400.1716152568549,10,3,transport,0,5,757.1350325915745,0,0,0,TXN002990,0.5278368602607987
1205.607026884939,16,1,transport,1,1,1660.082841171353,0,0,0,TXN009407,0.725795846542353
1166.4668543720334,17,6,grocery,1,4,4179.8260496424155,0,0,0,TXN004875,0.2790039194459671
479.002702640913,9,5,utility,1,4,1439.56668287446,0,0,0,TXN002544,0.33250991317189604
442.15422576724353,16,1,grocery,1,1,4359.587743330739,0,0,0,TXN008595,0.10139785088454929
341.30978127698546,22,5,transport,0,5,3071.5833640216024,0,0,0,TXN005341,0.11108235020522159
1945.8369915936398,9,2,transport,1,1,1088.4218384205378,0,1,0,TXN001567,1.7861189513281166
29306.458652907426,0,3,shopping,1,11,301.33379275549737,1,1,1,TXN009994,96.93411505808109
1319.1840100785016,9,3,utility,0,4,2553.51904848282,0,0,0,TXN004066,0.5164118900823979
585.7828481202549,13,6,grocery,0,1,1472.591675359331,0,0,0,TXN003988,0.3975204650755193
1114.3612647397724,12,4,grocery,0,4,2886.926645607564,0,0,0,TXN007031,0.38586896465485965
1041.1126011534952,17,0,shopping,0,5,2035.5655321879262,0,0,0,TXN002160,0.511209968301391
291.1206651362886,16,3,grocery,0,2,3868.248160080961,0,0,0,TXN000685,0.07523959515954054
2744.534200766648,16,0,grocery,1,3,5841.14658315511,0,0,0,TXN007602,0.46978181079537973
312.57702937282454,22,4,grocery,0,4,2334.250891192725,0,0,0,TXN007784,0.13385158337876768
740.8294142879721,18,4,transport,0,3,4985.664464846645,0,0,0,TXN003243,0.1485621139161114
1251.0645523651692,21,5,shopping,1,2,419.8544256698746,0,0,0,TXN005844,2.9726776672809083
2105.204487525021,9,6,food,0,5,1504.5948834145092,0,0,0,TXN009219,1.3982542785683947
500.53575246460787,21,6,grocery,0,3,707.0032905837659,0,0,0,TXN002461,0.7069681159983084
1744.6697484567596,19,4,food,0,4,1248.794630221489,0,0,0,TXN004083,1.3959651500083408
5560.977665424145,8,6,grocery,1,1,1543.2712782188366,0,0,0,TXN002837,3.6010367762833613
6485.309155619071,18,3,grocery,0,3,1922.507722941506,0,0,0,TXN003697,3.3716054675889073
522.5625201605872,12,0,utility,0,1,1130.2301728154303,0,0,0,TXN007128,0.4619418158375516
184.02213159953732,9,1,grocery,0,1,2247.3536153548052,0,0,0,TXN006267,0.08184750403263295
574.3067698665504,14,6,transport,0,5,931.3973948786826,0,0,0,TXN004941,0.615946347577768
2210.8474901605846,13,2,food,0,5,1189.7594624396263,0,0,0,TXN005946,1.8566700999637689
1034.9763350847554,19,2,utility,0,4,2122.204671320153,0,1,0,TXN004583,0.4874595224214697
736.0501224145382,8,1,transport,0,4,439.9321163402159,0,0,0,TXN005784,1.6693048547332718
577.4282602341009,20,6,transport,0,3,788.0830989657859,0,0,0,TXN004040,0.7317711670556738
305.68751768557576,19,2,grocery,0,3,679.8076066925058,0,0,0,TXN002230,0.44900720068429384
678.3343632476555,8,6,transport,1,1,2604.8697902807667,0,0,0,TXN007569,0.2603101527857112
1274.7106603415884,12,4,transport,1,4,227.31679196421783,1,0,0,TXN000935,5.583078885154286
1473.2046900691985,21,5,food,0,3,1609.1463795096968,0,0,0,TXN002320,0.9149507826225103
1728.7370309152361,13,4,grocery,0,2,995.2200897145921,0,0,0,TXN004878,1.7352962952298054
623.1213360815678,13,2,transport,1,4,536.2863656489247,0,0,0,TXN000521,1.1597564649327612
179.11188428307292,22,4,transport,1,4,900.5084675743254,0,0,0,TXN000522,0.19868020182329119
1137.517637913689,16,0,shopping,0,3,495.71032958341584,0,0,0,TXN005345,2.2901026416497308
7684.396274247717,5,4,food,1,6,639.1811210977202,1,0,1,TXN009876,12.00347217529824
643.0068363785604,17,5,transport,1,5,1875.915938668043,0,0,0,TXN003359,0.342586912461765
1526.5778448803903,21,4,food,0,2,493.0036841991504,0,0,0,TXN001311,3.0902155058928114
678.4633189189185,11,6,transport,0,2,338.34827215768905,0,1,0,TXN003983,1.9993127255519036
814.1174599265967,22,2,shopping,0,3,1194.693406678632,0,1,0,TXN006494,0.680874758846444
6108.673473042447,3,2,transport,1,10,242.0563175602964,1,1,1,TXN009560,25.13274920956141
3664.8244841772953,8,4,grocery,0,1,1870.6063723113016,0,0,0,TXN001716,1.9581171224863356
798.9676477862837,18,5,transport,0,2,738.5449368793052,0,0,0,TXN000780,1.0803503721595709
221.36451086673046,9,3,transport,0,5,1146.631257415666,0,1,0,TXN008798,0.19288818550064415
271.448075266806,14,1,grocery,0,5,1552.4670119680463,0,0,0,TXN008231,0.1747369420628479
2486.2944701410056,21,5,shopping,0,2,833.6591404813425,0,0,0,TXN005607,2.9788141644350477
1555.6515765643678,16,1,utility,0,2,738.6888217724946,0,0,0,TXN005978,2.103116243985688
636.3214458646997,16,6,transport,0,4,1263.8591296606546,0,0,0,TXN000651,0.5030769284445269
995.86864233893,14,4,transport,0,4,1259.2152131791343,0,0,0,TXN003747,0.7902369626428019
1241.2904668515757,14,1,transport,0,1,1900.9052596312226,0,0,0,TXN002196,0.6526563090173381
609.9544391380168,19,5,transport,0,4,3712.7540286252474,0,0,0,TXN008418,0.1642420134549969
2264.436099997919,9,0,utility,0,2,467.07067741904257,0,0,0,TXN000369,4.83780806882434
25735.200427455144,5,2,shopping,1,8,489.0669900591758,0,1,1,TXN009884,52.51363782806022
1025.6082289534306,13,6,transport,0,4,378.1589791663831,0,0,0,TXN008005,2.7049556658484715
1969.4735112813457,17,2,transport,0,5,3568.7087968025594,0,0,0,TXN004214,0.5517182558547723
1520.922556634442,8,6,food,0,4,2013.1291784792922,0,0,0,TXN000377,0.7551266189305538
360.98438447667985,22,5,transport,0,2,1458.7059292606239,0,0,0,TXN009446,0.24729938903483603
1420.6751789322493,20,2,utility,0,1,769.1606963790049,0,0,0,TXN002216,1.8446477282101121
2902.5282589976546,10,5,grocery,0,1,2286.7875100506285,0,0,0,TXN008682,1.2687053523311795
793.5250061571546,12,2,transport,0,1,740.089031376446,0,0,0,TXN001613,1.0707552973538386
2337.04470856525,8,3,grocery,0,2,2260.632043560477,0,0,0,TXN006979,1.033344356443611
1626.4036563464965,18,1,grocery,0,4,2153.761106875007,0,0,0,TXN007549,0.7547953465269412
3211.6168799551124,22,4,grocery,0,5,1972.9023058264609,0,0,0,TXN001827,1.627039428686633
1575.8389736109395,14,3,food,1,1,2759.347861617613,0,0,0,TXN003632,0.5708841974313592
1734.3517821159069,11,2,transport,0,5,863.9235554671901,0,0,0,TXN000962,2.005208172621791
553.2211435388526,13,3,utility,0,1,2324.4721907800476,0,0,0,TXN002993,0.23789626284599094
6762.021685281736,9,6,utility,1,5,514.5830004109215,0,0,0,TXN006606,13.115292164195445
22821.5493620748,2,2,shopping,0,19,232.58068141461106,0,0,1,TXN009672,97.70306869499206
7303.604528173287,12,6,utility,0,2,1165.1787776965155,0,0,0,TXN002376,6.262851518014818
429.1558539096502,16,5,utility,0,1,1335.342908009431,0,0,0,TXN008880,0.3211420147759122
1890.473112484326,16,4,utility,0,4,602.194332176509,0,0,0,TXN000359,3.134102911184399
1836.6887172520276,18,4,food,0,3,289.44013122050694,0,0,0,TXN003839,6.323811759531203
3380.165433573254,12,6,transport,0,4,504.79754471298924,0,1,0,TXN008184,6.682842708323746
992.9553141811351,9,5,transport,1,1,1819.7621589708963,0,0,0,TXN001246,0.5453514668507601
519.4563020039218,16,4,food,0,5,786.3955031047678,0,0,0,TXN007504,0.6597145906417564
7198.452053768386,17,6,grocery,0,5,1833.0446127738405,0,0,0,TXN008349,3.9249056449512008
7474.715222019431,19,6,shopping,0,4,1710.58150286039,0,0,0,TXN006511,4.367139519519059
1437.2882758612302,8,6,utility,0,1,570.0519837649122,0,0,0,TXN005087,2.5169132000650327
775.8007550198804,13,0,grocery,0,5,871.4866320476501,0,0,0,TXN003694,0.8891835433617402
4866.535283388227,20,6,utility,0,3,338.8548357066017,0,0,0,TXN001573,14.319452813640499
521.2866503664444,16,3,grocery,0,1,582.5491852131734,0,0,0,TXN006281,0.8933037069977501
4115.920744329985,20,1,utility,0,3,525.1489653227601,0,0,0,TXN005439,7.822728952446234
1692.14068853354,12,2,shopping,0,1,3548.1836410310275,0,0,0,TXN002567,0.476768986809028
845.7965355130957,8,4,transport,1,4,916.7313218144496,0,1,0,TXN003423,0.9216167252969731
3036.7326421992266,10,3,transport,0,2,1186.2401277957472,0,0,0,TXN002037,2.5578082909287128
1733.0007837056964,18,5,grocery,0,1,785.0005520626131,0,0,0,TXN009243,2.204834054070289
644.1013630935599,9,3,utility,1,4,1936.648301103324,0,0,0,TXN000772,0.33241396941168305
1490.3853094590402,11,1,transport,0,1,470.4986696374989,0,0,0,TXN005380,3.160953371522531
21997.82266295858,1,4,shopping,1,15,491.16034542604723,0,1,1,TXN009568,44.696454859474265
183.27497294657917,8,2,shopping,0,3,330.78523599306044,0,0,0,TXN003562,0.5523903810789595
243.94752498872052,10,2,grocery,0,1,1426.7833483942838,0,0,0,TXN000562,0.17085752209049726
596.9067191983733,12,4,food,0,2,848.3394086425905,0,0,0,TXN006683,0.7027893832835878
1721.2608203088394,9,4,grocery,0,4,1481.9723196936447,0,0,0,TXN002546,1.1606830400343688
3224.155048617062,9,2,grocery,0,5,757.093149311215,0,1,0,TXN005510,4.25298006128462
2805.12351726267,11,2,utility,0,1,495.0698824113189,0,0,0,TXN005330,5.654694261275042
30071.845422369744,0,3,shopping,1,12,171.07791757401128,1,0,1,TXN009667,174.757144009694
338.95170276770284,10,0,utility,0,2,2104.282207780451,0,0,0,TXN004531,0.16100060196920185
3310.972400470514,19,2,food,0,3,684.5795198445608,0,0,0,TXN001674,4.82945056646558
1974.828413884227,8,4,grocery,1,1,1222.6182623199131,0,0,0,TXN007395,1.6139252532403863
396.3965990337153,13,4,utility,0,2,1617.1403193143517,0,0,0,TXN000365,0.24497047277190329
680.6336074823274,15,6,food,0,1,1603.5082370871764,0,0,0,TXN008016,0.4242007561880451
337.6034914529954,18,3,utility,0,4,2948.299388000918,0,1,0,TXN009376,0.11446904740377287
1094.172663519593,22,4,transport,0,3,445.21519551640563,0,1,0,TXN004327,2.4521187859891347
10764.908562872039,1,3,food,1,16,497.3869126512796,1,0,1,TXN009983,21.599500888989486
8471.658330441069,15,5,grocery,0,3,7427.366864800858,0,0,0,TXN000147,1.1404469494612366
1440.3386151254206,9,6,food,0,2,981.5543291515887,0,0,0,TXN001668,1.4659124410648288
1633.8799484995907,16,5,food,0,4,2676.336176353374,0,0,0,TXN003088,0.6102632769579921
489.6391940106627,8,2,transport,0,2,1339.0714987444271,0,0,0,TXN008844,0.3653828877559351
1978.8483460816226,9,0,shopping,0,1,1396.1892194289355,0,0,0,TXN007650,1.4163066237301953
830.1671220521242,8,2,grocery,0,5,601.3886305348951,0,0,0,TXN000407,1.3781254824065514
76161.14348533182,5,2,food,1,14,498.89444847156346,1,0,1,TXN009584,152.354449460673
6001.368119886331,8,1,grocery,0,2,1869.6016811583354,0,1,0,TXN007788,3.2082554935854093
127.28286421736526,15,2,transport,0,5,895.49467026861,0,0,0,TXN003456,0.14197838362968565
2717.675778469024,19,3,utility,0,2,5373.372130039377,0,0,0,TXN006186,0.5056731675275921
7722.775425747863,18,3,grocery,0,1,780.8969800866632,0,0,0,TXN004182,9.876973082683978
630.8549631625152,10,6,food,0,3,1213.9769300457533,0,1,0,TXN003576,0.5192320508824465
5315.289073284181,8,5,transport,0,1,467.67432381665344,0,0,0,TXN003271,11.341114294461617
1472.2936951375048,13,6,utility,0,5,1795.4605393024822,0,0,0,TXN004940,0.8195524827442952
259.11842951321677,16,1,utility,0,1,1187.117649818225,0,0,0,TXN001031,0.21809155814902706
1464.5519461591969,18,0,transport,0,3,602.5416413195188,0,1,0,TXN008872,2.4265963537449666
1439.340916529765,16,3,transport,0,4,453.39410459668903,0,0,0,TXN006230,3.1676047333565096
246.8478533782003,13,6,shopping,1,5,516.263970993042,0,0,0,TXN006592,0.4772183396115961
296.41092288321477,17,6,food,0,1,651.942391409045,0,0,0,TXN008906,0.45396182999171203
10660.511579356002,4,4,food,1,16,144.70912452093546,0,1,1,TXN009811,73.16296501269761
350.9745946001434,16,4,food,0,2,1402.4060660109546,0,0,0,TXN006724,0.25008769956207655
2114.990983835768,20,6,transport,1,2,1060.5840425982103,0,0,0,TXN008029,1.992297264246136
63.037172158952565,22,2,utility,1,4,1472.6328840181754,0,0,0,TXN008052,0.04277671382241975
2851.7952040345795,10,4,grocery,0,2,2843.536943064327,0,0,0,TXN000855,1.0025516493951503
39.602230578376236,17,1,transport,0,4,124.21370344727173,0,0,0,TXN003926,0.3162771285257367
293.9560325815569,13,5,grocery,0,1,425.6302080009956,0,0,0,TXN008547,0.6890183279775418
625.1989294051559,13,5,utility,0,5,2830.1492066281007,0,0,0,TXN000078,0.2208286754867886
426.31798426564654,12,2,grocery,0,2,1522.2160536026702,0,0,0,TXN007088,0.2798801806594216
344.81344937459284,20,0,transport,0,1,1656.3588110424373,0,0,0,TXN002247,0.20804996906959078
768.5098106034695,8,2,utility,0,5,672.2716909363999,0,0,0,TXN008263,1.141455701983564
1465.6261012992627,13,3,grocery,1,5,1967.2960743593794,0,0,0,TXN004026,0.7446166866823019
26474.169829406786,4,4,utility,1,12,357.36827058962854,1,1,1,TXN009949,73.87420149068568
5137.365881733907,2,0,shopping,0,16,212.94653717485141,1,1,1,TXN009571,24.01238154901899
1126.6574894327687,21,5,food,1,2,2247.2395294433527,0,0,0,TXN009295,0.5011287608272419
660.7431366454616,13,5,shopping,0,2,3081.5300716216343,0,0,0,TXN000714,0.2143509134682546
1092.3509535485816,14,6,food,0,4,2098.724543510046,1,0,0,TXN007451,0.5202353598832214
581.9651024491995,14,1,grocery,0,4,327.2415930250602,0,0,0,TXN000788,1.7729779370305712
1585.2502920964453,9,5,transport,0,5,811.6046449954299,0,0,0,TXN002279,1.9508260282038639
2610.7543798979123,14,5,food,0,2,1342.6349105190823,1,0,0,TXN004095,1.9430533989990686
491.0959701428046,20,3,grocery,0,3,938.609872537576,0,0,0,TXN003897,0.5226594403659431
576.674744262532,13,6,utility,0,1,1490.5904426088846,0,0,0,TXN007944,0.38661735003738157
493.3152667578621,19,2,utility,0,5,680.864154830274,0,0,0,TXN007177,0.7234802757459153
264.3744662234625,19,6,grocery,0,4,377.16552703851175,0,0,0,TXN009076,0.6990972135768976
1004.098227006185,10,4,transport,0,5,239.8286854389434,0,0,0,TXN009452,4.169346459605
1627.430043457176,10,0,utility,0,5,999.0974709588679,0,0,0,TXN003631,1.627271431750385
2498.7505847759426,8,3,grocery,0,5,413.0164748273712,0,0,0,TXN008624,6.035389257922223
1096.8091903000725,15,1,grocery,0,2,1207.5247742301094,0,0,0,TXN007297,0.9075603692102999
956.0290474538901,8,6,food,0,3,660.0076055781711,0,0,0,TXN006272,1.4463207978033312
797.786883406834,8,2,grocery,0,3,2585.657071388223,0,0,0,TXN000424,0.3084239083067447
332.2252984613016,13,3,shopping,0,3,382.81178171298734,0,0,0,TXN000392,0.865594320681219
2622.0832756766126,21,5,food,0,4,873.5942418760606,0,0,0,TXN003191,2.99805687040893
6521.799410599673,12,5,food,0,1,824.5966225931934,0,0,0,TXN000016,7.899498656032223
5624.362296644245,19,6,food,1,3,520.7044957943713,0,0,0,TXN006335,10.78074339397887
2005.6691329120908,20,3,utility,0,1,2558.138135178987,0,0,0,TXN004200,0.78372835969318
2079.7991767283806,18,0,transport,0,1,1166.9244891888957,0,0,0,TXN002672,1.7807651059468468
904.1711179432025,14,1,utility,0,1,597.0070412816003,0,0,0,TXN002444,1.5119740329569633
705.2994727822667,13,5,grocery,0,4,1509.9199458558617,0,0,0,TXN006697,0.4668013515320623
1739.2830403156881,11,2,transport,0,1,1658.7486757936597,0,0,0,TXN006164,1.0479195228060638
1340.420353988108,8,4,transport,1,4,677.4932869361943,0,0,0,TXN002601,1.9755838116555478
718.6910569153428,21,5,utility,0,1,1031.0699680345454,0,0,0,TXN003493,0.6963588508286938
1620.0181155552232,18,3,grocery,0,4,1363.9799834956043,0,0,0,TXN006044,1.186843862286161
812.5053716985968,17,0,transport,0,1,1374.1627686672387,0,0,0,TXN001459,0.5908430552450527
406.3160457651369,11,1,grocery,1,5,2794.3568874729644,0,1,0,TXN003804,0.1453539072545586
23437.677668024153,3,3,food,0,11,220.01927380681988,1,1,1,TXN009845,106.04359187475056
517.8787763120205,12,1,utility,0,5,265.79922456300363,0,1,0,TXN007394,1.9410805153585644
1757.890778205301,12,5,utility,0,2,638.8469522979872,0,1,0,TXN004839,2.7473613367882743
1091.7292692372437,12,2,utility,0,2,1273.4327590971386,0,0,0,TXN008111,0.8566393648031068
413.86815312479996,12,2,grocery,1,5,2020.3724154208796,0,0,0,TXN003835,0.20474611702793347
402.578816615148,13,6,transport,0,2,1508.7174454334524,0,0,0,TXN009313,0.2666583855362182
1288.8601463171528,11,0,food,0,2,1843.1251754035175,0,0,0,TXN005683,0.6989005754639916
1741.0650963797336,9,4,grocery,0,3,836.4640552805677,0,0,0,TXN008748,2.078972924750115
3939.7547915197497,9,4,utility,0,5,629.0216463642769,0,0,0,TXN005827,6.253364172890329
20365.442508201966,1,6,shopping,1,18,396.4602574386509,1,0,1,TXN009748,51.23894056588898
597.6686803228197,11,2,utility,1,1,3231.0814875508663,0,0,0,TXN004724,0.18491757792149838
1092.5300870213155,15,5,grocery,0,4,354.5478213427409,0,0,0,TXN008759,3.0728077109158787
5870.435441465814,21,4,transport,0,4,1012.2911134634743,0,0,0,TXN005887,5.793434249512367
1981.6161927461908,9,2,transport,0,2,1989.0677388696454,0,0,0,TXN002355,0.9957531364594377
452.1731015433187,18,3,transport,0,2,292.2722012779526,0,0,0,TXN006036,1.54182053250511
503.41403019870575,9,6,grocery,0,2,1385.1135505963125,0,1,0,TXN004798,0.36318383149932754
8284.769433536652,19,4,transport,1,4,1981.5730273288862,0,0,0,TXN002442,4.178796603875265
836.7243588688945,14,5,transport,1,3,3772.9191129340034,0,1,0,TXN008645,0.22171231916478193
1088.7051154292294,15,2,utility,0,5,470.4399549256076,0,0,0,TXN004592,2.309318724589275
329.7928088339954,16,6,utility,0,5,1092.8500734666825,0,0,0,TXN008772,0.3014972680751395
626.9307982602004,22,5,transport,0,2,1011.9267138884352,0,0,0,TXN000464,0.6189300663752177
2127.7941101287365,16,0,grocery,0,2,5243.2636829473,0,0,0,TXN000163,0.4057374378499798
4731.477643336954,15,1,transport,0,5,1203.2444659483504,0,0,0,TXN009261,3.9290009438497897
4590.524121567823,12,0,grocery,0,3,1053.6745810027332,0,0,0,TXN009433,4.352550259818888
489.17594475704743,11,0,transport,0,1,2558.932794391606,0,0,0,TXN008405,0.19108936993531703
200000.0,3,2,shopping,0,19,546.6707161757395,0,1,1,TXN009777,365.1829358278542
694.1493183189932,12,4,grocery,1,1,970.6519231515852,0,1,0,TXN009478,0.7144012189751006
1294.6800110349766,14,3,utility,1,1,2195.4003713579586,0,0,0,TXN007380,0.589455377953028
1706.639716846155,21,2,grocery,1,4,316.68859237837273,0,0,0,TXN006636,5.372052247987289
952.8395386440833,22,6,transport,0,3,1595.472753663889,0,0,0,TXN000241,0.5968404637394068
2512.7901670184915,15,1,utility,0,3,117.36267845733397,0,0,0,TXN002009,21.229581822316344
407.82798577305846,16,3,grocery,0,5,525.629405562919,0,0,0,TXN006356,0.7744117238138789
472.4355380780092,18,4,shopping,0,3,1216.1244740491975,0,0,0,TXN003084,0.38815712620278214
338.086511605672,14,3,shopping,0,4,925.5342798326234,0,0,0,TXN006208,0.3648936892726157
1385.567526351952,11,5,grocery,0,4,1603.190454893557,0,0,0,TXN000900,0.8637175979481119
6234.818587340366,21,1,transport,0,5,1725.5731704984278,0,0,0,TXN005542,3.6110943305927177
934.0348775585682,9,3,transport,0,3,519.7044086585527,0,1,0,TXN006007,1.7937909916392762
1489.1488951654694,8,3,grocery,0,2,945.2240644164978,0,0,0,TXN007638,1.5737804090659793
829.8168553423529,12,4,transport,0,3,1174.7314071648393,0,1,0,TXN006793,0.7057877762603746
1120.5843256728601,13,3,utility,0,2,2691.3157438505878,0,0,0,TXN008869,0.41621579052618274
348.3531978319101,21,4,utility,0,1,4760.939581114901,0,0,0,TXN007758,0.07315363664281332
1943.358869602723,14,4,transport,0,5,1154.0840103289695,0,0,0,TXN004837,1.6824394175876884
421.5187654289222,15,6,grocery,0,3,1714.2850159135237,0,0,0,TXN002293,0.24574269670538132
501.2642913834473,10,2,grocery,0,5,413.18456942355147,0,0,0,TXN006548,1.210243761811529
436.14540036175123,11,6,food,0,2,485.9012055338657,0,0,0,TXN007898,0.8957574871549907
2654.424529512628,19,1,grocery,0,5,456.19961758431714,0,0,0,TXN007977,5.805832785988927
825.087709856135,15,6,transport,0,5,612.2682710779119,0,0,0,TXN004481,1.3453944199753207
873.1572901625635,19,1,food,1,4,115.52219574001187,0,0,0,TXN005302,7.493484692914478
341.2103591604549,21,1,grocery,0,2,3860.7023042954647,0,0,0,TXN004605,0.08835749943254777
3309.2528037420234,13,4,grocery,0,4,1242.3154854121706,0,0,0,TXN003716,2.6616356367868894
1845.8179048057007,19,6,transport,1,5,1521.5583186443926,0,0,0,TXN009071,1.2123134346992512
817.7597568527716,14,2,grocery,0,1,654.6887640866872,0,0,0,TXN006140,1.2471767119447807
431.33321468266035,10,5,grocery,0,1,1342.6920135755515,0,0,0,TXN001764,0.32100601203611145
1013.9544887665195,21,3,transport,1,3,1889.8192492687833,0,0,0,TXN006598,0.5362514101538978
2688.657646925776,17,6,utility,0,4,1488.629275876752,0,1,0,TXN001549,1.80491729752244
1130.9430656284312,17,1,utility,0,1,1590.494678395916,0,0,0,TXN003029,0.710616931982657
2719.1926578442412,16,0,grocery,0,1,1473.771485943087,0,0,0,TXN008653,1.8438060972580925
4833.175020653605,18,0,food,0,3,1729.5406646855754,0,0,0,TXN006298,2.79286995057799
1224.1901764659551,13,5,utility,0,5,1003.1836859258766,0,1,0,TXN006662,1.2190898872622375
1270.2795639071717,20,3,grocery,0,3,805.6282853172896,0,0,0,TXN006626,1.574801661471
4485.563884949074,20,1,grocery,1,3,894.0741769961354,0,1,0,TXN002044,5.011387882960276
377.01215298444635,21,3,grocery,1,3,508.28745433530327,0,0,0,TXN000767,0.740273787966177
183.87546688351406,16,0,food,0,2,843.2475313546329,0,1,0,TXN005693,0.2177980509916063
284.73886219074905,20,5,transport,0,5,565.0365331077029,0,0,0,TXN007870,0.5030397254174586
1214.8576620643355,8,2,grocery,0,1,1790.8792004285544,0,0,0,TXN007795,0.6779796661369719
1487.9443803166455,17,6,utility,0,3,4319.630859240766,0,0,0,TXN001508,0.3443812787510645
101.17865533182326,8,4,utility,0,3,992.5299013633997,0,0,0,TXN007230,0.1018375543533999
771.6156962085187,11,4,shopping,0,1,1006.0318864318497,0,0,0,TXN007857,0.7662276702503773
1465.6995259958883,16,3,transport,0,1,1257.2448288342666,0,0,0,TXN003302,1.1648762565182353
529.8246354456862,21,1,utility,0,3,822.5670768443096,0,0,0,TXN004517,0.6433290624921938
6273.584648067322,11,4,grocery,0,2,895.6390465863406,0,0,0,TXN004219,6.9967783267435655
4700.8484471616375,18,2,grocery,0,1,705.3908717702722,0,0,0,TXN009078,6.654741213431786
25431.28203782117,3,6,shopping,1,17,460.11345196370974,1,0,1,TXN009940,55.151897932100766
1158.2839848020135,13,3,food,1,2,3667.1733771210334,0,0,0,TXN003292,0.31576587737820966
669.8687013528994,13,3,grocery,0,3,1221.5270045471682,0,0,0,TXN000819,0.5479377542265604
1287.2569749718557,19,0,shopping,0,3,2009.021629173164,0,0,0,TXN001403,0.6404194642927189
2925.2923856329517,22,4,grocery,1,1,422.69940854227826,0,0,0,TXN001382,6.904169150713024
1502.6295288147637,15,1,transport,0,1,237.37863505201798,0,0,0,TXN002148,6.303541122663389
511.5363101731408,18,5,transport,0,4,804.745225824956,0,0,0,TXN006928,0.6348611121454779
3455.777654457278,12,2,grocery,1,5,1487.4502960341317,0,0,0,TXN005671,2.321728621818913
595.2603518109696,22,3,grocery,0,2,3700.3421105352663,0,0,0,TXN001638,0.16082284048174258
1296.8341880250646,16,2,grocery,1,2,317.2293987927959,0,0,0,TXN005891,4.075155196046024
2006.2545342730232,12,2,grocery,0,3,1519.931165638141,0,0,0,TXN007427,1.3190962086908475
3316.8622799486366,15,3,utility,0,5,536.6985708855489,0,0,0,TXN000608,6.168627665284688
304.71833393836897,20,4,utility,0,4,425.06894452349593,0,0,0,TXN006907,0.715185506606584
674.7358327784659,19,5,grocery,0,1,1668.338711857827,0,0,0,TXN000399,0.4041934857112038
97.63387693430295,20,4,transport,0,2,846.3956584026292,0,0,0,TXN007247,0.11521639976105878
961.8128082716212,12,1,grocery,0,3,2622.5102833989868,0,0,0,TXN006406,0.36661293624719804
1203.0648097307148,8,6,transport,0,3,641.137561444354,0,0,0,TXN000882,1.8735312835845834
790.7062782298384,18,2,food,0,4,3604.2710614601,0,0,0,TXN003565,0.21931950878323417
1382.4990850817558,16,2,grocery,0,1,556.8885954772777,0,0,0,TXN004285,2.478091676885809
220.36714365761244,16,3,food,0,1,1610.1520766563935,0,0,0,TXN001179,0.13677612861657232
7969.472623726417,16,5,grocery,0,2,1638.5742799415773,0,0,0,TXN005448,4.860696292460987
2625.603534050193,14,1,grocery,0,3,1134.1002562253252,0,0,0,TXN004244,2.313102758677373
7616.6726970803265,11,1,transport,0,1,1156.5233451103375,0,0,0,TXN005218,6.580146075891273
3537.300217497383,13,0,transport,0,4,629.4207685051006,0,0,0,TXN003976,5.611014728917142
8139.005716413436,10,6,transport,0,2,682.0525437386518,0,0,0,TXN002130,11.91563634601962
315.32583513545234,15,4,transport,0,4,1362.017422153805,0,0,0,TXN005078,0.23134395056901222
1052.3193070135774,8,3,utility,0,1,925.437763461642,0,0,0,TXN000456,1.1358769563554685
659.6667966092864,20,4,grocery,0,2,1692.6605377188796,0,0,0,TXN005582,0.38949174401723025
1566.3088896938173,20,0,grocery,0,1,865.3810841790446,0,0,0,TXN005175,1.80787521599459
921.9173545934896,9,0,transport,0,1,2035.1375284846092,0,0,0,TXN001950,0.4527775465538541
1382.533112375557,14,1,food,0,2,1025.221357298427,0,0,0,TXN005372,1.3472075030821191
2825.8853806939865,10,3,grocery,0,2,948.1877964395455,0,0,0,TXN000689,2.977161517767121
1664.1678671749391,8,6,transport,0,5,1076.0788861552626,0,0,0,TXN008852,1.545075192324443
5526.769228314268,22,1,grocery,0,1,817.2182969784377,0,0,0,TXN006525,6.754639011036334
34856.79059750171,4,2,shopping,1,16,307.86987477374447,1,1,1,TXN009821,112.85267177006257
429.6594932193317,14,0,transport,0,1,424.715899400368,0,0,0,TXN006488,1.0092634403002527
444.8609659521024,8,6,utility,0,4,517.4905112808094,0,0,0,TXN006921,0.857992492192726
1380.1180878801845,19,5,utility,0,4,2034.7596726754002,0,0,0,TXN001953,0.6779376300673202
1569.851242725002,18,6,grocery,0,2,510.99443357087387,0,0,0,TXN007634,3.066149043410825
725.2154195911204,16,0,utility,0,2,1826.147284523126,0,0,0,TXN005636,0.3969113085376678
42.506904595444965,12,5,grocery,0,2,396.2167557305055,0,0,0,TXN007154,0.10701186186688477
3575.385544547766,9,6,utility,0,2,1353.1997370896122,0,0,0,TXN008424,2.6402202323800705
498.9213955379614,21,0,utility,0,4,973.692442285086,0,0,0,TXN006610,0.5118757198612122
803.5412594475586,19,3,food,1,1,1084.92761657953,0,0,0,TXN002710,0.7399583979442056
349.235047390305,10,3,grocery,0,4,866.6566477269885,0,0,0,TXN008730,0.40250374189513866
2023.9884455471984,15,2,grocery,0,2,1125.001461556649,0,1,0,TXN003201,1.7975007268188805
885.8674220642358,17,1,utility,0,1,556.2288744309291,0,0,0,TXN004349,1.5897730047979466
889.2336341733098,17,2,utility,1,2,780.4493595296643,0,0,0,TXN004138,1.1379286748773052
532.1000636222876,10,3,grocery,0,2,1432.8193958193363,0,0,0,TXN001884,0.3711067552676161
809.1098897871966,17,4,shopping,0,1,1271.9348268979168,0,0,0,TXN008639,0.6356255424002814
2254.4002033758607,19,5,utility,0,3,4459.2135264978,0,0,0,TXN004485,0.5054466989041299
3619.9463454605443,15,2,food,0,3,1251.6397850646892,0,0,0,TXN002494,2.8898542012008677
440.1851850130021,8,0,transport,0,2,945.5483401078825,0,0,0,TXN005947,0.4650424773475723
3286.1928043321755,14,2,utility,0,5,1830.6144947514952,0,0,0,TXN003036,1.7941509055255815
861.5086497509205,10,2,utility,1,4,2461.3170493971925,0,0,0,TXN005777,0.34987722233488544
1389.5248331489145,12,5,food,0,2,96.70376581861971,0,0,0,TXN003603,14.221814497186028
1529.011662630426,14,5,food,1,3,922.1993520330872,0,0,0,TXN000845,1.6562096358313156
259.3269559844193,11,6,food,0,1,963.1949182026343,0,0,0,TXN000542,0.26895698275182095
2592.382353238517,13,3,transport,0,3,1094.3882055845613,0,0,0,TXN003724,2.366633436458333
66.68871161247644,16,1,grocery,1,4,1230.4282545521967,0,0,0,TXN004187,0.05415558021017431
1311.1629562248165,13,6,food,0,3,876.0706495757191,0,0,0,TXN003679,1.4949342528553298
2232.2694223958915,22,0,transport,0,4,426.2808099489038,0,0,0,TXN008899,5.224361521554962
597.6007020642944,8,0,food,0,3,227.6258957105913,0,0,0,TXN007967,2.613880200258566
2641.927134867505,19,6,shopping,0,2,928.8932676479317,0,0,0,TXN008485,2.84110792795606
948.9102674172894,8,1,grocery,0,4,2768.8263462075943,0,1,0,TXN006075,0.34258836071673715
1063.591785211168,22,4,food,0,2,2398.2460496303693,0,0,0,TXN007340,0.4433025055412829
469.05453363310374,16,1,grocery,0,3,640.9030903653586,0,0,0,TXN008225,0.7307248409820354
2201.5801575611895,18,6,transport,1,5,582.81928689301,0,0,0,TXN007246,3.770995934851067
9647.177337503237,5,3,shopping,1,16,412.2458417095404,1,1,1,TXN009710,23.344886660188063
3614.129144351463,22,5,grocery,0,2,2402.443039478843,0,0,0,TXN008290,1.5037298929019522
819.7328765768045,17,4,transport,0,4,1911.5530865172207,0,0,0,TXN007137,0.4286066004418977
838.9081843393066,20,2,transport,0,3,1438.5796617185129,0,0,0,TXN002964,0.5827452322699888
429.48474019595335,20,4,shopping,0,3,1675.6190124812683,1,0,0,TXN007559,0.2561612012023821
1009.1528285831733,22,4,shopping,0,3,1151.7125586313916,0,0,0,TXN002529,0.8754592122960247
1891.751659919581,11,5,shopping,0,5,2861.0576518028915,0,1,0,TXN007284,0.6609760843664043
4193.663898288395,11,3,grocery,0,1,788.4508590124109,1,0,0,TXN005772,5.3121278549681925
709.7570713245868,21,6,transport,0,1,1057.6500916549564,0,0,0,TXN001048,0.6704359418842958
234.05241615049536,13,5,shopping,0,5,323.837878767487,0,0,0,TXN007045,0.7205207010910997
1605.5869267441833,9,6,shopping,1,3,2433.544971551903,0,0,0,TXN001960,0.6595018557906123
2498.4434190551365,18,6,transport,0,2,4396.567182758276,0,0,0,TXN002530,0.5681421829894691
4804.808953281282,22,1,transport,0,2,326.7261874281766,0,0,0,TXN009048,14.66104674450005
240.54975823508062,21,4,utility,0,5,2703.079507044143,0,0,0,TXN007603,0.08895809372780906
176.23795026648253,8,0,food,1,3,970.7535443107838,0,0,0,TXN006524,0.18136074861602824
1844.3293936053028,8,5,grocery,0,3,1198.0196414711174,0,0,0,TXN000237,1.538197815794271
1303.8381915734058,13,1,grocery,0,4,1215.715205369859,0,0,0,TXN004917,1.071605077193938
1382.32034010826,9,6,grocery,0,3,533.8856397155943,0,0,0,TXN006479,2.584328756410918
3451.2341087168707,11,3,transport,0,3,1473.9195821775336,0,0,0,TXN001133,2.339947309955406
2376.537358905835,19,6,food,0,2,2382.475908196809,0,0,0,TXN006976,0.9970888947242502
412.5038747062744,16,3,grocery,0,3,3128.503322086468,0,0,0,TXN005901,0.13181129152189378
193.68495776051475,11,6,shopping,0,3,720.9653358210109,0,1,0,TXN009057,0.2682745945693617
1397.513940979709,14,4,grocery,1,4,2415.8646092684985,0,0,0,TXN004259,0.578234269152002
945.5915491581051,16,0,grocery,0,2,2245.8945667149233,0,0,0,TXN008840,0.42084375616280434
425.472325446146,9,1,food,0,5,6934.5630820008255,0,0,0,TXN006965,0.061346471860422094
17211.30373102396,2,2,utility,1,9,186.16311342769467,0,1,1,TXN009979,91.95884496585421
2452.6721698086394,15,6,food,1,2,2497.9539394967674,0,0,0,TXN000792,0.9814795427172027
4004.632410604765,9,3,grocery,0,1,1796.9317494081565,0,0,0,TXN001985,2.2273550772564144
309.4473498247435,18,6,transport,0,3,959.9537983704832,0,0,0,TXN005656,0.3220210486180316
1225.2258862184633,16,5,utility,0,4,1121.529458868779,0,0,0,TXN008739,1.091486621164647
565.3713962520137,9,2,transport,0,4,2013.3192750433716,0,0,0,TXN007935,0.2806761585696688
2283.2337013209694,20,2,food,0,3,1747.6618338033131,0,1,0,TXN006097,1.3057033996990548
400.2293529196805,19,3,food,0,4,893.7042723246545,0,0,0,TXN005907,0.44733144268976094
2935.314395532562,17,2,grocery,0,1,911.7878824727977,0,0,0,TXN007373,3.215768364037236
159.1605005777426,21,2,transport,0,2,843.866153647146,0,0,0,TXN008128,0.18838546187543828
7336.733840538136,18,4,food,0,1,2611.5621033116977,0,0,0,TXN002978,2.808252416751377
617.044906836906,20,2,shopping,0,1,1760.37516906003,0,1,0,TXN008861,0.35031997593459674
1112.557349290233,15,0,utility,0,1,878.3162594045898,0,0,0,TXN009301,1.265252788619623
2757.105292561682,9,6,grocery,1,4,1073.7897459805984,0,0,0,TXN006721,2.5652508342887113
2380.5561402578737,9,3,grocery,0,3,483.87032266533595,0,0,0,TXN007842,4.909675905037739
1253.5823030692818,15,3,transport,0,4,164.1506563228088,0,0,0,TXN005524,7.5905378215330215
927.8442789379762,19,6,food,0,3,1292.9451577777659,0,0,0,TXN008721,0.7170661548990724
1052.0353871760187,16,0,food,0,2,682.5217794148233,0,0,0,TXN008431,1.53913952541013
1495.4072041602265,15,4,transport,0,1,518.210618950558,0,0,0,TXN009008,2.880155277222146
745.2821796436021,10,5,grocery,0,4,956.0003719655958,0,1,0,TXN008603,0.778768955034842
734.9171097979845,9,4,utility,0,2,2013.1635195537335,0,0,0,TXN007174,0.3648746006286599
2544.354483534833,20,6,utility,1,5,876.8759320858023,0,0,0,TXN003919,2.8983075973953816
692.0150246772728,15,5,grocery,1,5,2012.4554058098581,0,0,0,TXN003138,0.3436952329216988
639.2356730830302,16,0,grocery,0,2,1150.124166310735,0,0,0,TXN009416,0.5553142673841447
15551.487412505816,2,3,shopping,1,7,275.7144581873152,0,1,1,TXN009933,56.20048737019231
1634.357041570743,11,1,grocery,0,4,490.3599746855877,0,0,0,TXN005789,3.326190829068929
1120.7047623428016,17,0,food,0,5,552.4978480748453,0,0,0,TXN004073,2.024768056896325
1011.4947101001039,20,2,grocery,0,2,955.057620323666,0,0,0,TXN003287,1.057985092737057
361.94885206438914,11,1,grocery,0,3,1845.552925603586,0,0,0,TXN003229,0.1960132564010199
494.0130248482415,8,4,utility,0,5,793.7548757747835,0,0,0,TXN001826,0.621591688087025
1047.6336627789526,11,6,grocery,1,3,307.0333025473311,0,0,0,TXN005548,3.4010402580350143
672.1149301907988,13,0,shopping,0,1,330.11992135594136,0,0,0,TXN000593,2.0298232961595226
2764.7950977476535,12,5,food,1,1,1924.7923993418447,0,0,0,TXN002725,1.4356662217031
852.5410206577321,12,4,transport,0,3,1247.6931256076193,0,0,0,TXN004137,0.6827466277936639
1218.3815076656551,18,4,shopping,1,5,1670.1983762619218,0,1,0,TXN000560,0.7290466080938209
1826.3351602168686,18,3,food,0,4,548.6881154989087,0,0,0,TXN007406,3.3224934444130154
561.4078650986569,14,3,shopping,0,4,1031.0301855408286,0,0,0,TXN008806,0.5439839579929097
7908.5924653506645,22,5,transport,0,1,694.2638845633338,0,0,0,TXN008386,11.374950779037977
1997.0985601851564,13,6,food,0,3,1517.9705209700899,0,0,0,TXN000243,1.3147711114957716
106.06439198139911,15,3,transport,1,3,876.768251253433,0,0,0,TXN007268,0.12083416303784236
291.53700492336276,19,4,shopping,0,2,1494.8463384553504,0,0,0,TXN005435,0.194897695992231
618.994972196311,19,6,grocery,1,3,1301.1686263003455,0,1,0,TXN004437,0.4753570003870909
23717.541497210394,0,0,shopping,1,10,424.48153463138834,1,1,1,TXN009684,55.74282211273363
1400.518871793299,10,3,food,0,3,1523.2966691501886,0,0,0,TXN008106,0.9187967802711942
1021.349130394973,21,6,food,0,1,297.28435025444065,0,0,0,TXN000405,3.424078834587695
948.2807210639302,18,1,food,0,1,849.5337791700615,0,0,0,TXN001442,1.114924232626303
2237.8396797300024,22,1,grocery,1,5,1272.3649186441944,1,0,0,TXN000261,1.7574221238266288
1887.9690715448776,22,2,transport,0,1,908.3183153139893,0,0,0,TXN004406,2.076246612159086
1133.678844781059,22,2,grocery,0,1,1384.9831693197414,0,0,0,TXN007633,0.8179600372329798
5000.0,0,6,transport,0,16,461.98661605076245,0,0,1,TXN009533,10.799448248957145
5487.8562770733815,19,4,food,1,2,714.650246204948,0,0,0,TXN001689,7.668349596992619
21859.667984412314,5,5,shopping,0,6,895.5167314580132,1,1,1,TXN009866,24.382889038625905
1314.052445989987,8,3,utility,0,3,459.48672268115854,0,0,0,TXN001725,2.853616361268766
1352.7922279544928,12,2,transport,0,2,1374.875452042059,0,0,0,TXN008994,0.9832228825266806
4227.321802108969,14,6,food,0,4,1713.7124777276233,0,0,0,TXN004930,2.465323986976005
2202.134994467297,14,2,food,0,5,1270.4965882645663,0,0,0,TXN005962,1.7319236361246833
148.65899113098928,16,5,food,0,1,3925.3622812270796,1,0,0,TXN002496,0.037861761213876036
1109.1313034106788,11,0,utility,0,5,1172.6188865736428,0,0,0,TXN009014,0.9450523641867811
558.0404615042243,11,1,transport,0,3,1222.7953504080383,0,0,0,TXN006904,0.4559916503344797
2207.1339344238404,15,6,shopping,0,4,472.1803663294179,0,0,0,TXN006106,4.6644664307294645
1507.4267354842673,10,4,grocery,0,1,2052.1118553434403,0,0,0,TXN008200,0.7342155915962543
1029.7858357010577,15,2,utility,1,4,330.81819509614235,0,0,0,TXN000340,3.1034640381992418
3171.0455721998073,22,0,food,0,3,3212.2435011937564,0,0,0,TXN002408,0.986867497287936
3047.1534997647004,12,3,food,0,5,1707.9529345209473,0,1,0,TXN001601,1.7830529081357507
44622.88755902102,4,5,food,1,6,368.877723006346,0,1,1,TXN009864,120.64226846734272
1089.5700042977007,10,5,food,0,4,195.46816539111737,0,0,0,TXN008359,5.545783980466496
1238.3102279022962,16,1,transport,0,4,669.2041382285813,0,0,0,TXN005782,1.847661268065694
1084.7024058604807,14,1,shopping,0,1,519.3484533967808,0,0,0,TXN004576,2.0845692896359274
403.37275255723705,17,6,grocery,0,1,934.6705843461962,0,0,0,TXN007971,0.4311055186576112
68.90126772880612,21,5,grocery,1,4,916.9260599717192,0,0,0,TXN003725,0.07506189303627454
877.8055262257407,15,1,food,0,2,7242.115890702682,0,0,0,TXN002556,0.12119169974244073
1501.2038058849682,11,2,food,0,3,1621.4987683087845,0,0,0,TXN002785,0.9252418770399139
2646.6736181044066,9,5,grocery,0,2,3030.045258791629,0,0,0,TXN001523,0.8731884192186369
673.6960591125371,21,2,transport,0,3,570.7364693608891,0,0,0,TXN007717,1.1783331923283162
501.86337819114203,14,3,utility,0,4,6090.09072068092,0,1,0,TXN002507,0.0823930230569672
643.8032991369571,17,1,shopping,0,1,1680.5821220944215,0,0,0,TXN002831,0.38285569921205864
1391.071428063194,22,2,utility,0,4,766.0176784319682,0,0,0,TXN001012,1.813610647028362
3431.991476784173,22,6,shopping,0,3,453.28157361425133,0,0,0,TXN005280,7.55476707866301
935.1167824363489,9,5,food,0,4,527.7413540208647,0,0,0,TXN004895,1.768571297336898
856.6947514782638,19,1,grocery,0,1,2780.2288252551575,0,0,0,TXN001766,0.30802742431654045
3329.2417876330614,8,6,food,0,5,9197.431896991882,0,0,0,TXN004551,0.3619357978528717
10222.495716231002,9,6,transport,0,5,2439.4959387923814,0,0,0,TXN007121,4.188696057117534
419.7054039562476,14,5,grocery,0,4,1495.1685403345487,0,0,0,TXN006549,0.2805201370310861
1322.1410663312333,19,4,transport,0,1,2812.2414282882437,0,0,0,TXN004037,0.4699707081790377
311.5947965579263,13,3,transport,1,3,744.5659943652176,0,0,0,TXN008270,0.41793053721987583
404.5485332287075,8,5,utility,0,2,357.688531159322,0,0,0,TXN000148,1.1278546652193222
1164.0864328725224,8,4,grocery,1,4,1653.0224853354102,0,0,0,TXN000285,0.7037911776855099
96.43592865101456,8,5,grocery,0,2,489.7199866098873,0,0,0,TXN007800,0.1965192600310352
19640.27606289748,3,2,shopping,0,16,563.8928281713892,1,0,1,TXN009651,34.768145537402
576.643149685556,16,4,transport,0,2,4450.547089806687,0,0,0,TXN000363,0.12953769510963373
1280.0424791982523,13,5,grocery,0,5,1745.3584197385194,0,0,0,TXN005367,0.7329781015914888
24505.423547339426,4,4,grocery,1,16,650.8449511151789,0,1,1,TXN009945,37.59394547033838
416.69042987895335,14,6,transport,0,2,596.4726740992136,0,0,0,TXN008410,0.6974217364956169
6487.579740592592,10,4,grocery,0,1,2061.8389391712694,0,0,0,TXN009453,3.144976380559759
4167.671092636023,8,5,utility,0,4,1087.3252704483325,0,0,0,TXN004725,3.8294351935053044
2587.251082653378,22,4,utility,0,4,1967.5095200578282,0,0,0,TXN007271,1.3143198223279984
914.6980083531316,9,1,food,1,5,1967.929234240133,0,0,0,TXN006770,0.46456621825016486
1736.410774196829,13,2,utility,0,3,932.3371799771157,0,0,0,TXN004443,1.860432447617059
1190.5884102125096,16,4,food,0,1,1861.0244446524564,0,0,0,TXN007446,0.6394053599198215
16487.068813150836,12,0,transport,0,5,599.1156008375926,0,0,0,TXN000236,27.473154822403423
1016.1886906597734,20,2,food,0,5,9954.34541582271,0,0,0,TXN007709,0.102074679301903
51976.45926235922,0,2,shopping,1,8,537.6143368570965,1,1,1,TXN009585,96.5003263107522
2658.6588467990096,8,6,food,0,4,1386.7889730041245,0,0,0,TXN002562,1.9157515288825602
488.4347456929625,21,4,transport,0,3,2607.7991217545177,0,0,0,TXN007123,0.1872258931781882
1762.7033836977728,10,5,utility,0,4,885.4411454088718,0,0,0,TXN008536,1.9885171089217935
33975.8284807268,4,0,grocery,1,12,295.4607464626175,1,0,1,TXN009602,114.60481323793405
850.8963003612895,17,6,grocery,0,1,241.9358877169931,0,0,0,TXN005519,3.5025549677227463
57867.83497200416,5,3,shopping,1,15,244.95670424453596,1,0,1,TXN009613,235.2765099440859
119.3894597006659,16,1,shopping,0,1,241.0971358291367,0,0,0,TXN003083,0.49314693167178403
5870.091157898345,20,6,transport,0,4,637.7909602541564,0,0,0,TXN002959,9.189377312983273
1326.3992538522784,10,0,grocery,1,3,2770.192263607113,0,0,0,TXN002102,0.47863848036504525
1452.7186600970144,15,5,shopping,0,2,2576.1753332942817,0,0,0,TXN000632,0.5636863900292235
870.5724920673135,19,0,shopping,1,2,319.81816801460576,0,0,0,TXN006813,2.7136009704652366
245.0260429990457,13,0,food,1,1,3668.9728229148964,0,0,0,TXN002493,0.06676508378185547
1810.0142719947776,12,2,transport,0,2,878.605318014965,0,0,0,TXN002665,2.057757308788785
819.4783619545832,10,2,grocery,0,5,1744.2231775364212,0,0,0,TXN008494,0.4695550531888816
668.5357041798428,12,0,transport,1,4,262.1657950798136,0,0,0,TXN008425,2.5403594109830556
391.1827621986943,12,0,transport,0,4,1080.8837370232968,0,0,0,TXN009266,0.3615756007895983
1146.0363719106142,16,3,food,0,2,939.3826769361199,0,0,0,TXN004211,1.2186914965772646
361.5464884540039,8,4,grocery,1,4,348.5551608676423,0,1,0,TXN003874,1.0343045359610699
206.70365262097525,8,2,grocery,1,3,1883.9349566946594,0,0,0,TXN002817,0.1096608940732055
1003.9924395202037,17,0,utility,0,1,5029.819895698751,0,0,0,TXN008268,0.19956835274079218
57443.14967336889,4,0,grocery,0,15,462.0278955430658,1,1,1,TXN009815,124.05980336453865
1858.5801520957516,9,3,grocery,0,3,301.4010987653698,0,0,0,TXN007426,6.146076054894915
3894.317219664247,20,0,utility,1,3,2127.3239272838705,0,0,0,TXN008602,1.8297577590240721
1166.5293714028294,18,6,food,0,2,776.3934928770556,0,0,0,TXN008475,1.5005648774928908
295.1644611885906,21,6,transport,0,1,15303.166252251607,0,1,0,TXN001735,0.019286543044784613
571.5179274057307,21,2,transport,1,4,625.5982294592078,0,0,0,TXN007397,0.9120963011641211
3772.268319459962,17,5,food,0,4,366.6566455032306,0,0,0,TXN004255,10.26030228366106
328.46084876368747,9,5,grocery,0,2,2955.198111349364,0,0,0,TXN008288,0.11110921406203074
637.9288546177391,21,4,grocery,0,5,667.146792794496,0,0,0,TXN002475,0.9547735041122152
32815.278454032785,5,1,shopping,1,11,466.35533155622693,0,1,1,TXN009984,70.21483705933677
1953.771633742517,17,6,utility,0,1,1332.318542274998,0,0,0,TXN003713,1.4653449808092072
3349.045801197008,17,2,food,1,2,420.11240917287864,0,0,0,TXN008978,7.952854696861069
2966.587748765591,13,1,grocery,1,1,5142.01256331711,0,0,0,TXN001804,0.5768190748599336
230.57224043772914,20,3,shopping,0,5,203.30859761157694,0,0,0,TXN000707,1.1285488869934077
1392.0852344147074,8,5,grocery,1,3,792.1922446637601,0,0,0,TXN009191,1.7550414086623127
998.9845713730138,12,3,grocery,0,1,507.71361593296405,0,0,0,TXN005189,1.9637464775557636
872.741326092613,8,0,shopping,0,5,530.4381829223477,0,0,0,TXN005472,1.642225481980725
578.1570491891237,8,1,grocery,0,2,1400.3606403160843,0,1,0,TXN000072,0.41256835146926724
4970.734024358333,14,3,grocery,0,1,1157.3091389196882,0,0,0,TXN007843,4.2913708071010745
969.7429664729331,16,4,utility,0,3,299.99039346699084,0,0,0,TXN005101,3.221840256437564
1531.411361988822,19,1,food,0,5,925.5939209508599,0,0,0,TXN006764,1.652731932902501
1354.5294440337323,16,6,food,0,4,2353.117297862361,0,0,0,TXN001125,0.575387405404014
5014.513772156819,19,2,grocery,0,5,1164.2054615931775,0,0,0,TXN001241,4.3035446858449395
1580.3977626095061,17,6,food,0,5,540.8543698444859,0,0,0,TXN008253,2.9166467053926057
2176.8984045654224,8,4,grocery,0,5,3806.002353596307,0,0,0,TXN002349,0.5718143048976586
2995.365955075009,13,3,grocery,0,3,1615.0522194733894,0,0,0,TXN006602,1.853508147187896
224.90372509145595,13,1,grocery,0,3,911.010525249294,0,0,0,TXN006780,0.24660211572665736
740.9641305674576,16,1,grocery,0,4,540.5637602768485,0,0,0,TXN004358,1.3681937103558688
822.9459261175595,18,4,grocery,0,3,616.0857202388136,0,0,0,TXN001343,1.3336006637766267
7951.947091554916,1,3,grocery,1,13,233.01390294336386,1,0,1,TXN009988,33.98066094166828
842.0090100909127,10,6,transport,0,2,713.4241684673981,0,0,0,TXN008679,1.1785841622592543
14914.487622828734,4,1,transport,1,9,609.8116247347465,1,1,1,TXN009575,24.41749144722902
3523.4502858516944,12,5,grocery,1,3,1085.8166731895274,0,0,0,TXN006652,3.24199137975246
746.8156251801505,8,0,food,0,3,2593.1506041172593,0,0,0,TXN001100,0.2878844520417803
5206.584074471762,19,4,food,0,1,1690.341729562718,0,0,0,TXN007327,3.0783749868324244
1983.3071532865804,10,3,utility,0,4,508.48341338519174,0,0,0,TXN007622,3.892780611067928
409.6758810274191,14,4,food,0,5,1015.1722435303892,0,0,0,TXN000987,0.4031559449056803
959.3160930206911,10,2,transport,0,4,1167.6516961072648,0,0,0,TXN002852,0.8208742572454542
834.6339554068542,18,5,transport,1,3,969.849206941033,0,1,0,TXN000630,0.8596947388324413
804.0031573665113,17,2,shopping,0,4,1709.5053301780292,0,0,0,TXN001249,0.47003838174700735
2452.482211445739,18,3,grocery,0,1,462.93457649917957,0,0,0,TXN003179,5.286267365437626
1019.5761810528836,14,3,grocery,0,2,499.44756637326304,0,1,0,TXN000482,2.0373286824866366
272.10345741615276,10,2,transport,0,2,1460.6750893425988,0,0,0,TXN003040,0.18615864729454593
502.49987645443156,10,5,grocery,0,5,1996.7332826007435,0,0,0,TXN005010,0.2515350176277053
1073.4549249386569,11,4,transport,0,3,1086.4198139802747,0,0,0,TXN008727,0.9871577758083124
3543.585258986345,8,4,food,0,5,2625.4587529784717,0,0,0,TXN007000,1.3491874772325392
4224.656347635881,16,6,grocery,0,5,3178.44810781341,0,0,0,TXN003273,1.3287388893858336
1584.1758275319805,9,3,grocery,0,2,561.496087394692,0,0,0,TXN007227,2.8163321719612187
742.1901913398848,11,4,utility,0,4,1333.2187326331489,0,0,0,TXN003683,0.5562732505450096
224.02841607616284,9,6,transport,0,5,323.7602545132695,0,0,0,TXN006674,0.689827073857676
828.7974270549057,14,5,transport,0,4,1045.6008253279754,0,0,0,TXN006807,0.791894490237177
200000.0,3,0,food,1,15,198.35631743060037,1,1,1,TXN009738,1003.2288044727939
838.5139356498618,15,2,utility,0,2,1515.3315684021486,0,0,0,TXN001316,0.5529885106418085
539.9690906974475,21,5,grocery,0,5,1550.4359044570945,0,0,0,TXN003225,0.348044730140755
1653.0598049124121,8,4,transport,0,4,531.7079545552416,0,0,0,TXN001072,3.1031258136412725
2329.044662570835,22,0,transport,0,4,410.3104269587528,0,0,0,TXN004815,5.6624984681081205
561.8426122070529,12,4,food,0,2,326.20832795491447,0,0,0,TXN008459,1.7170791945260888
442.23705038095846,9,6,transport,0,2,524.9721251438556,0,0,0,TXN005752,0.8407994059761338
2679.9199559850426,14,0,utility,0,1,121.10082487878407,0,0,0,TXN009145,21.948418109751024
1299.4458170343328,20,5,food,0,5,339.5308020137049,0,0,0,TXN004616,3.815942080276297
2655.6439254126235,9,6,transport,0,4,1361.85922288661,0,0,0,TXN003097,1.9485827155264248
357.0405777599431,22,5,grocery,0,5,2008.2766779713331,0,0,0,TXN006869,0.17769607425117245
484.9716641760564,8,2,utility,0,1,2172.622330090818,0,0,0,TXN001300,0.2231168025200557
2662.318416917529,15,1,grocery,0,2,1867.1601927735612,0,0,0,TXN007285,1.4251017804661184
551.5020554157346,11,6,utility,1,3,1388.5657913342122,0,0,0,TXN006284,0.39688804866605254
636.3264430176874,13,6,food,0,2,2458.703084553456,0,0,0,TXN005495,0.2587005102419541
6298.933249235614,10,5,food,0,5,166.78284708028238,0,0,0,TXN005291,37.54217644323105
1248.8747511596991,9,3,grocery,0,4,759.7676832984819,0,0,0,TXN001798,1.6415980575632731
508.18099899698296,18,1,shopping,0,4,1034.7337679825557,0,0,0,TXN005203,0.49064828695007073
99.2908136852764,9,1,grocery,0,4,1212.6592531731526,0,0,0,TXN008227,0.08181111248950416
1296.8474176302161,15,4,grocery,0,4,9539.401227349677,0,0,0,TXN005047,0.1359321674975802
446.36017310074914,8,4,food,0,1,287.5627112206445,0,0,0,TXN006441,1.546839406978844
965.4963600818239,17,6,food,0,4,2297.2890692219703,0,0,0,TXN008105,0.4200935265330523
8553.470974120171,10,4,grocery,0,4,1074.2247215581804,0,0,0,TXN002359,7.955054234360202
417.63332758456954,8,2,transport,0,1,945.5383766976697,0,0,0,TXN009380,0.4412217590602396
388.1761156542105,8,3,grocery,0,1,1353.133510677868,0,0,0,TXN003654,0.28666015026826475
5705.530937927853,21,3,shopping,0,3,6742.458971676068,0,0,0,TXN007052,0.8460837326796635
2057.73395285587,9,3,transport,0,3,513.0195209170367,0,1,0,TXN001286,4.00322141304044
258.85851295469575,14,5,grocery,0,2,272.66374760153326,0,0,0,TXN009126,0.9458999053524817
1145.8572225693233,22,1,shopping,0,1,580.8353561887911,0,0,0,TXN004445,1.969383968129845
4899.459999542813,18,4,shopping,0,1,148.1112114148261,0,0,0,TXN002137,32.85775732793531
1424.9004167034914,20,1,grocery,1,2,2683.650321892573,0,0,0,TXN006787,0.5307582909713889
5000.0,0,1,shopping,1,9,180.53037324407012,1,1,1,TXN009752,27.543600063430873
4991.025852418726,10,1,grocery,0,3,3399.075709527467,0,0,0,TXN008510,1.4679160932896886
5000.0,5,5,shopping,1,12,208.4247091880036,1,1,1,TXN009539,23.874928700564304
1474.5875313218137,15,2,grocery,0,4,520.6211848079365,0,0,0,TXN006894,2.826931831506736
1967.4405988369533,12,3,transport,0,3,1500.7573316207472,0,0,0,TXN008569,1.3100922215665995
345.4996059202894,9,0,utility,0,2,602.0633915873663,0,0,0,TXN007151,0.5729076092827906
363.29868744718215,13,6,transport,0,1,3197.124004821434,0,0,0,TXN000963,0.1135974361530321
193.1125505177331,22,3,grocery,1,5,1832.6552227009115,0,0,0,TXN006012,0.1053156275656254
553.9447174018472,20,0,grocery,0,1,4509.740314170409,0,0,0,TXN004882,0.1228057211942882
138.60446268874867,22,3,grocery,0,4,604.7413327299232,0,0,0,TXN000140,0.2288179049365731
1004.4462246381219,13,1,transport,0,5,741.9127738931032,0,1,0,TXN009032,1.3520378972278249
1402.9717618871687,12,2,grocery,0,1,1075.4784260617962,0,0,0,TXN006936,1.3032976118432955
3999.072310443415,22,6,transport,0,5,273.30343628293787,0,1,0,TXN006542,14.579009160929582
827.813210466511,21,3,grocery,0,4,1624.3699098048464,0,0,0,TXN005243,0.509307576984678
9674.931594616048,16,6,utility,0,4,1397.9790952980277,1,0,0,TXN004431,6.915708481372965
1194.6334775169723,13,6,food,0,2,194.04071758934938,0,0,0,TXN000406,6.125046566082814
1261.798578916007,8,4,grocery,0,1,1361.1521144295823,0,0,0,TXN008212,0.9263272181935426
827.7460027246716,10,6,transport,0,2,707.7280759772957,0,1,0,TXN008376,1.1679317227319617
3433.909126792863,20,2,food,0,2,1205.2712279630007,0,0,0,TXN008627,2.846713945578904
5287.686116340258,9,6,utility,0,3,1900.0902917060446,0,0,0,TXN008234,2.7813966224587214
3093.849763336158,9,2,transport,1,5,1341.698523099349,0,0,0,TXN004399,2.304202849791351
336.4445735302852,18,4,food,1,4,827.9253532993062,0,0,0,TXN005252,0.4058804236004622
12147.000456164818,22,0,transport,0,4,1922.2488010226377,0,0,0,TXN000011,6.315875746136415
156.43805662846822,15,2,grocery,1,5,1068.3138873804842,0,0,0,TXN004760,0.14629760117648627
1712.4457778776673,9,3,shopping,0,5,5869.132752456846,0,0,0,TXN001177,0.29172181449575424
316.5556840514722,16,5,food,0,2,5905.053694027514,0,0,0,TXN002863,0.0535985110280302
2291.214084826071,20,2,grocery,1,5,526.5036369646141,0,1,0,TXN006471,4.343503862855394
1453.8936938927225,19,3,transport,0,2,683.8369879361484,0,0,0,TXN006228,2.122977758947036
505.83949788271804,20,5,grocery,0,2,806.539347982956,0,0,0,TXN002989,0.6263960996404528
5092.53373930393,8,4,utility,0,3,1252.0257278387487,0,0,0,TXN007117,4.064189286909268
497.3907869230669,11,2,grocery,0,3,551.6716757575932,0,0,0,TXN007010,0.899975172856926
2298.6525115895724,16,5,grocery,0,1,1355.7472115659239,0,0,0,TXN008557,1.6942378742289987
4515.1989391237585,22,3,transport,0,3,2814.593334969254,0,0,0,TXN001440,1.6036402995580552
5000.0,1,2,shopping,1,11,599.9748385220379,0,1,1,TXN009747,8.319815871653416
1949.5555929246682,15,1,transport,0,5,456.78671088029307,0,0,0,TXN002875,4.258654842067835
993.3940114723139,22,6,shopping,0,1,1027.4941360596292,0,0,0,TXN009098,0.9658723143315225
1446.6333831450756,9,0,grocery,0,2,586.8345568381544,0,1,0,TXN008788,2.460953284077462
1055.8560811677014,8,0,transport,0,4,1001.6123048724304,0,0,0,TXN007232,1.0531050497151495
16561.18427356362,8,6,transport,0,3,470.272446775899,0,0,0,TXN003726,35.14142273087068
7853.8356512403825,20,6,food,0,1,555.1097586262472,0,0,0,TXN002772,14.122815738104723
4238.816432476098,9,4,grocery,0,5,565.8280285582367,0,0,0,TXN000454,7.478134846750254
656.3452268727358,13,1,grocery,0,4,947.0312088216498,0,0,0,TXN008189,0.692324493925191
469.9029149520064,21,6,transport,0,5,3287.45722998919,0,0,0,TXN001367,0.14289464088713452
2154.881143665832,18,4,food,0,2,400.1744008788776,0,0,0,TXN003712,5.371432322064919
30551.265167499492,3,6,shopping,1,8,283.01244084669554,0,0,1,TXN009852,107.57016515340072
1024.2478242994014,22,4,utility,0,5,555.8986490245851,0,0,0,TXN001388,1.8391996929663668
13432.721406416671,10,2,transport,1,5,1043.8372325520875,1,0,0,TXN001000,12.856281330639717
3118.812445898153,9,1,transport,0,2,1002.8959615122393,0,0,0,TXN007761,3.1067088278750177
1097.2474365761107,15,6,food,0,4,2306.166500757768,0,0,0,TXN003553,0.4755822504425795
759.6712925570547,17,5,grocery,0,5,829.9164234599099,0,0,0,TXN004114,0.9142571636673245
403.8581182202211,21,3,transport,0,4,942.3307046442388,0,0,0,TXN001667,0.42811933951893294
436.9626701907196,10,4,utility,0,2,531.379157039568,0,0,0,TXN003173,0.8207734363992828
3881.7841931117646,14,2,grocery,0,2,1268.7187481984922,0,0,0,TXN009397,3.0572000284467205
1517.4070052898755,22,3,grocery,0,4,1787.5671400468984,0,0,0,TXN000488,0.8483925323877343
228.07492325629812,15,1,grocery,0,3,912.9673903783545,0,0,0,TXN003230,0.2495438301818209
494.3376409040564,20,5,grocery,1,2,2800.7082483273202,0,0,0,TXN003828,0.17644151249480974
3474.9235695985712,14,0,utility,0,4,1591.3345830385729,0,0,0,TXN008651,2.1822822958272674
29264.141364694813,21,2,transport,0,5,1055.652471428488,0,0,0,TXN005208,27.695143063577593
227.80974125761838,9,0,transport,0,3,861.1387163711328,0,0,0,TXN007848,0.2642379201069901
2314.754301957536,21,6,grocery,0,3,3364.812918987199,0,0,0,TXN005704,0.687725181901692
47185.786166354264,5,5,food,0,11,835.1991416265066,1,0,1,TXN009639,56.4288861557216
1055.0550568885126,13,6,food,0,4,4678.368620345305,0,0,0,TXN008133,0.22546953285562205
492.01838228832327,10,3,grocery,0,3,251.6909490842848,0,0,0,TXN000703,1.947115177933069
1580.0014445656418,9,6,grocery,0,3,665.6468667682209,0,0,0,TXN005105,2.3700725576423882
1108.9490117431346,15,3,grocery,0,1,3340.763946223197,0,0,0,TXN008893,0.33184540547708324
667.1050389247573,21,5,grocery,0,1,881.7934198938182,0,0,0,TXN003291,0.7556751374574091
12874.626157182372,8,5,grocery,0,1,454.86952648852593,0,0,0,TXN008125,28.241910040254517
5000.0,2,5,shopping,1,15,396.5304079639997,1,1,1,TXN009631,12.577654186526528
11392.63771778858,21,4,utility,0,1,1059.5846716392662,0,0,0,TXN009021,10.741846476226963
169.61850841966822,16,6,grocery,0,3,612.9742832635596,0,0,0,TXN004909,0.276263213367939
2935.3820521935363,21,5,utility,0,4,653.825353846522,0,0,0,TXN004440,4.482694561153982
1664.1925410006165,18,4,utility,0,1,1488.559019780892,0,0,0,TXN000986,1.117238403380225
805.3187878722808,8,6,transport,0,1,715.8021698292749,0,0,0,TXN009236,1.1234882116276077
7452.666111555443,3,5,food,1,10,788.6979721071024,1,1,1,TXN009883,9.437362605440095
2011.0750893636834,8,5,food,0,3,1829.5015408986671,0,0,0,TXN007705,1.0986470343949373
247.85546263048815,17,4,shopping,0,4,1607.5330024216535,0,0,0,TXN006257,0.1540878939116205
1345.9526081918598,8,3,shopping,0,5,1155.3790198056079,0,1,0,TXN006089,1.1639372430140769
10658.293166033583,8,1,grocery,0,1,702.5410189640925,0,0,0,TXN005238,15.149497866843731
988.4988859476459,19,4,utility,0,5,823.2917727640603,0,0,0,TXN001198,1.1992099382879406
1581.8138652586897,21,3,food,1,3,792.1514340418538,0,0,0,TXN009070,1.9943402953933498
888.4798507084248,8,2,utility,0,4,1763.060946234272,0,0,0,TXN007519,0.50365598343133
757.0934119692232,8,6,transport,0,2,2278.13937243228,0,0,0,TXN006812,0.3321839028919319
956.0737831743158,9,0,grocery,0,1,1170.5772310352665,0,0,0,TXN008320,0.8160569852740134
7265.122372943314,15,6,transport,0,1,1628.4715884121931,0,0,0,TXN007175,4.458575666251825
1426.0190898435394,21,2,grocery,0,1,1600.9488227129987,0,0,0,TXN004470,0.890177682098788
975.3808352849073,20,1,utility,0,1,752.8189082575024,0,0,0,TXN000891,1.293919301572786
997.9776978669831,8,5,transport,0,3,1289.3607472094757,0,0,0,TXN001969,0.773409839089729
1600.7479783062088,14,6,food,0,2,1031.5538563781715,0,0,0,TXN005757,1.5502803736756727
506.483321188644,20,6,transport,0,1,973.2814647422142,0,0,0,TXN006527,0.519853183620459
492.14807673662773,21,0,utility,0,5,872.8784513766985,0,0,0,TXN006294,0.5631768078973718
3573.217159951573,22,5,shopping,0,4,1685.8409998201566,0,0,0,TXN007595,2.1182892521183287
934.4529953883351,17,1,food,0,4,566.2359810660353,0,0,0,TXN003249,1.6473796207923381
981.0717510500264,16,0,grocery,0,2,670.8072710813155,0,0,0,TXN006570,1.4603470270140577
100.28519836451281,9,1,food,0,5,512.6664129544715,0,0,0,TXN006638,0.19523409714039747
200.31259696264098,8,6,utility,0,4,598.0775958340997,0,1,0,TXN007351,0.33436836622765775
1400.7664654455984,8,0,food,0,3,3812.4078547594318,0,0,0,TXN009172,0.3673266848961178
819.6162390668993,15,3,food,0,1,318.6378040072342,0,0,0,TXN007473,2.5642030723260425
52758.53488576579,1,4,grocery,1,6,514.7345687924552,1,1,1,TXN009601,102.29784481830454
502.976675750751,11,3,food,0,4,733.7003488962627,0,0,0,TXN008673,0.6846011118769316
249.0374316315676,10,2,grocery,0,3,521.5744057484936,0,0,0,TXN001239,0.4765587998418453
601.3113322671137,10,6,grocery,0,4,3358.788477059956,0,0,0,TXN002289,0.17897297296325693
5917.691804946066,13,5,transport,1,1,1784.1195827273013,0,0,0,TXN002740,3.3150114211984785
5209.79067695555,22,2,utility,1,5,1065.2312439912916,0,0,0,TXN004585,4.886173338396469
868.5207713920444,14,5,utility,0,1,1108.4144059140829,0,0,0,TXN001229,0.7828641549651068
464.5901976774626,10,1,grocery,1,3,2098.4033504521967,0,0,0,TXN006980,0.2212963019123472
3098.6662607989942,16,1,transport,0,4,838.600257260642,0,0,0,TXN005178,3.690644725275563
1117.4342759693968,21,2,transport,0,4,381.6902413854952,0,0,0,TXN004293,2.919944527260031
998.3425274321728,15,1,transport,0,5,985.6534373136332,0,0,0,TXN001058,1.0118472096447215
765.1672694618255,10,2,food,0,5,3779.7449284389468,0,0,0,TXN006262,0.2023853192809174
3026.677892252367,13,6,grocery,0,3,747.6676215937441,0,0,0,TXN000281,4.042752491164576
327.3864035051207,16,1,food,0,4,7020.112531180382,0,0,0,TXN000968,0.04662885006488863
390.51513392973845,10,5,food,1,5,1616.3074536827098,0,0,0,TXN003953,0.24146004709278449
988.3044245234211,9,6,food,0,1,890.0868534279258,0,0,0,TXN001939,1.1090999948226243
701.1731741196812,22,6,transport,0,2,1287.3091594645591,0,0,0,TXN008464,0.5442584716319951
4600.097779479433,15,1,grocery,0,4,944.2177565131581,0,0,0,TXN001274,4.866706901961798
1108.2591299295116,19,3,food,0,5,154.48093412176107,0,0,0,TXN000619,7.127942317748141
6757.879107944841,18,3,grocery,0,2,3285.2109217939405,0,0,0,TXN008505,2.056434985084804
1081.9245829011122,19,4,grocery,0,3,907.200023983023,0,0,0,TXN001742,1.1912844685427322
810.5642482405233,11,6,shopping,0,3,637.9337222439605,0,1,0,TXN001390,1.268620234026449
1103.8381996458688,8,1,grocery,0,5,1020.9999340606905,0,0,0,TXN002203,1.0800765859739463
4790.940450612274,19,1,shopping,0,1,760.0423477576338,0,0,0,TXN003568,6.295235034855151
1574.8382323425924,17,6,transport,0,2,1646.3295385400993,0,0,0,TXN006116,0.9559946540740414
5000.0,0,5,food,1,6,526.7192754765041,0,0,1,TXN009970,9.474734451352473
648.9341316149112,16,2,transport,0,5,477.10390649032786,0,0,0,TXN006052,1.3573077375138312
645.6336864282827,20,6,grocery,0,5,1107.1880797868198,0,0,0,TXN003178,0.5826029878903607
3192.467981136986,22,1,food,0,2,791.6821086212556,0,0,0,TXN003192,4.027425302546283
1499.8839585536173,21,6,food,0,4,724.6166259794587,0,0,0,TXN006099,2.067047397830817
587.7395837889803,10,1,transport,0,4,1048.6180356627112,0,0,0,TXN007029,0.5599556827526229
1279.2533183767396,22,6,grocery,0,2,5191.16770248452,0,0,0,TXN000575,0.24638135585732335
7632.392437660598,11,1,transport,0,1,1420.4886068614019,0,1,0,TXN006656,5.3692955404775695
4801.78820769275,21,5,utility,0,1,1006.8667291569557,0,0,0,TXN007115,4.764308681673889
445.495995898642,15,5,food,1,5,1517.2682587173629,0,0,0,TXN008802,0.29342376970654593
726.2097282196996,11,1,utility,0,1,934.7945918212404,0,0,0,TXN006276,0.7760353976895215
515.8868818400905,8,6,utility,0,2,414.2546385742532,0,1,0,TXN008984,1.2423386373511704
531.4530371913479,13,0,transport,1,1,590.1288704679746,0,0,0,TXN005897,0.8990476759671989
3116.2512995974666,9,6,shopping,0,1,1506.770838060828,0,0,0,TXN005724,2.0667937201951294
3521.0986494711383,12,5,transport,0,3,2316.635289433143,0,0,0,TXN000269,1.5192634775302991
1452.747227616458,11,2,transport,0,2,1409.5796477928168,0,0,0,TXN000629,1.029893795709886
18058.522078187303,21,2,food,0,4,3595.6673628707495,0,1,0,TXN003081,5.020904147158481
2069.8792197369803,14,2,transport,1,1,554.1690038894848,0,0,0,TXN003466,3.728376773983266
1317.171496043129,18,0,grocery,0,4,1013.731792689682,0,0,0,TXN006430,1.2980489086202673
3674.184190462745,13,0,food,0,4,4217.909923732681,0,0,0,TXN009311,0.8708847206702176
4876.897358592044,18,3,transport,0,2,1295.763655457566,0,0,0,TXN007062,3.760822057332583
33129.168661607866,3,4,shopping,1,19,207.70556308982938,1,1,1,TXN009727,158.7363948096998
413.60075317407825,20,4,transport,0,5,1403.133574975242,0,0,0,TXN005543,0.29455940698617006
864.9638946786044,11,4,grocery,0,3,976.3838226578281,0,0,0,TXN004356,0.8849787305937632
168.47036992392353,21,3,transport,0,5,2004.269215022411,0,0,0,TXN002113,0.08401384146419497
2340.8804215599725,19,4,transport,0,2,2330.1226674315585,0,1,0,TXN008219,1.0041858604288574
1148.4995194008168,10,6,grocery,0,5,1583.3313143241955,0,0,0,TXN003216,0.7249112032420536
940.5824437889082,11,5,grocery,0,2,1766.3328860768038,0,0,0,TXN003814,0.5322044597251007
2409.7389348200354,18,0,utility,0,5,3276.2682919784193,0,0,0,TXN008321,0.7352888809006618
179.96055544043162,18,5,food,1,2,967.446285943726,0,0,0,TXN008589,0.18582399256667567
2532.5732371876416,17,1,grocery,0,3,293.7930313426951,0,0,0,TXN002278,8.59102138762412
1289.7751978005017,12,2,food,0,2,2329.839885899514,0,0,0,TXN004599,0.5533521223843112
688.9941470212693,11,1,food,0,2,1277.4090733195185,0,0,0,TXN000013,0.5389465401964226
1094.9108162939829,21,0,grocery,0,3,921.8135998816923,0,0,0,TXN009225,1.1864918510459252
2196.6068858341405,11,3,transport,0,3,1772.957691549835,0,0,0,TXN001525,1.2382521276000973
1064.4712879800747,8,0,food,0,3,236.64591167261705,0,0,0,TXN002365,4.479232487056201
803.3509851784128,21,1,grocery,0,1,1853.20670321869,0,0,0,TXN004648,0.4332585918192873
18475.862443822887,9,1,grocery,0,4,3119.1084133330223,0,0,0,TXN000374,5.921545022240508
13033.963427217906,14,4,grocery,0,5,416.010894561101,0,0,0,TXN008521,31.25569043210729
1530.0541946010658,9,3,utility,0,3,2023.2119499905675,1,0,0,TXN006477,0.7558764755875468
956.2414293277385,15,6,grocery,0,3,129.9134173574319,0,0,0,TXN000525,7.304380625225906
609.0174218936393,21,4,shopping,0,3,535.3979216637232,0,0,0,TXN006895,1.1353836346059567
1525.1118961411346,10,3,grocery,0,5,1725.9109876196974,0,0,0,TXN003591,0.8831444741939396
1493.1978304046543,8,1,transport,0,3,1784.7485259093937,0,0,0,TXN007904,0.8361747517860849
713.4411086245141,12,6,food,0,3,4343.862166500802,0,0,0,TXN002958,0.16420339271638948
1191.4327496264457,20,4,grocery,0,1,1052.6371526989042,0,0,0,TXN000529,1.1307808827494137
1819.99252277547,22,2,transport,0,4,1471.5915527939983,0,0,0,TXN003714,1.2359112880434062
463.8105317176937,18,4,utility,0,5,2528.1412840630487,0,0,0,TXN004732,0.18338656469700465
356.66784735540585,13,2,grocery,0,5,294.26938534522844,0,0,0,TXN001394,1.2079404945365075
3700.2874203177685,16,4,food,0,1,169.96201841155238,0,0,0,TXN005631,21.643915149680577
520.7363373002959,16,2,grocery,0,4,494.1894461057473,0,0,0,TXN006563,1.0515901366546754
1774.9146761709892,16,4,transport,0,5,657.6911399277342,0,0,0,TXN004703,2.6946083962290994
3689.2526711951677,19,4,food,0,2,659.1175381040816,0,0,0,TXN001712,5.588781479418107
5790.093373497471,4,1,grocery,0,8,702.8657479532994,1,0,1,TXN009755,8.226133165783251
2280.5028047954725,13,5,food,1,5,452.4390144383126,0,0,0,TXN000955,5.029348450795294
459.97333118159014,20,1,transport,0,2,2423.009196817456,0,0,0,TXN006675,0.1897572549582324
1504.3073250640095,13,2,utility,1,4,2794.9006696578404,0,0,0,TXN003453,0.538040332186803
625.7249321481082,15,2,transport,0,5,601.012233965184,0,0,0,TXN002071,1.0393890636187562
14545.253238867677,2,1,utility,1,11,904.964922303198,1,1,1,TXN009740,16.054985000842933
2344.4057492982715,11,3,food,0,2,455.6078741739304,0,0,0,TXN000158,5.134396233397508
794.7185520401985,13,4,transport,0,3,1466.7606305988227,0,0,0,TXN007005,0.5414496992714446
1572.1918964583667,17,6,food,0,3,1347.6631947628014,0,0,0,TXN000352,1.165740937072787
174.22753675417502,16,0,food,1,1,1419.259164101669,0,0,0,TXN006078,0.12267305936686282
2204.8155229712283,17,1,grocery,0,3,376.1421076456082,0,0,0,TXN006236,5.846113383454502
3153.5638831224196,12,0,grocery,0,4,1034.3016825948512,0,0,0,TXN002920,3.04603376594387
770.7830166846628,18,6,shopping,0,3,621.2791739093116,0,0,0,TXN004644,1.238645047113522
2638.1311064812376,22,0,grocery,0,4,2657.31771329713,0,0,0,TXN000661,0.9924062474869285
4089.1788219556443,11,6,utility,0,4,2804.39943146866,0,0,0,TXN007057,1.4576101984218732
1324.0540996556506,14,4,food,0,1,489.54729054351526,0,0,0,TXN003665,2.6991365056539784
203.26440254175355,18,4,transport,0,4,3392.2842503230886,0,1,0,TXN007979,0.05990196739999012
1682.3764502057804,15,0,grocery,0,3,364.9248459405207,0,0,0,TXN000306,4.597601034391752
691.0795627865047,9,5,shopping,0,3,246.7990791425171,0,0,0,TXN004790,2.788870584902549
465.1066915185446,21,6,transport,0,3,6591.709821713874,0,0,0,TXN002356,0.07054863691810921
594.4146317495388,15,4,grocery,0,1,981.0758001657454,0,0,0,TXN001927,0.6052634955969989
5000.0,3,3,shopping,1,13,681.3808593563369,1,1,1,TXN009939,7.327286414094767
663.2091165033005,17,1,shopping,0,4,755.2989008413683,0,0,0,TXN003427,0.8769140293149875
640.3763392864743,12,5,utility,0,5,7428.475749210706,0,0,0,TXN003638,0.08619401434273564
3027.909977193855,13,3,utility,0,2,395.76755305483135,0,0,0,TXN001266,7.631445550123935
990.1900962485902,13,2,transport,1,4,1432.1591107067416,0,0,0,TXN001560,0.690914280801866
383.3536954000276,15,2,grocery,0,2,2749.5546257907363,0,0,0,TXN007179,0.13937323469437374
518.6287602126,16,1,transport,0,2,451.76691521444155,0,0,0,TXN004109,1.1454652334015278
428.5427428060116,13,4,transport,0,4,607.2910918107368,0,0,0,TXN007867,0.7045027431362549
112.93673531415152,21,4,food,0,5,609.0469261903271,0,1,0,TXN004904,0.18512794748336567
2137.4210927450363,10,2,transport,1,4,869.6946664118228,0,0,0,TXN007294,2.4548457400726456
751.9076289317512,8,0,transport,0,3,367.06014612383876,0,0,0,TXN000514,2.042893360909447
474.6697078722559,18,2,food,0,3,449.2471820535173,0,0,0,TXN000894,1.0542424845555962
224.56256618765423,10,0,transport,0,1,808.6992634618033,0,0,0,TXN000021,0.27734070700219643
1056.0733047752785,9,3,grocery,0,3,1725.7996086345224,0,0,0,TXN000899,0.6115783785765246
1045.447967540308,17,2,food,0,3,574.5515784828908,0,0,0,TXN000207,1.816427939084152
1201.486391209014,8,5,food,0,1,3678.677149951809,0,1,0,TXN000458,0.32651951305694016
541.5644349042464,17,4,transport,0,1,2858.0749317525742,0,0,0,TXN002430,0.1894194618300104
755.7280932183987,17,1,grocery,0,4,1647.0519885636993,0,0,0,TXN008442,0.45855840620478633
2093.8168751190146,18,3,utility,1,5,1073.744343113207,0,0,0,TXN003389,1.948199949630686
144.5206239116918,12,1,transport,0,4,334.5406441345413,0,0,0,TXN003911,0.43070974094495557
1300.3846932941226,8,1,grocery,0,2,519.9117258405519,0,0,0,TXN005383,2.4963628745269655
717.884923904297,16,2,transport,1,3,1155.5288014614148,0,0,0,TXN000552,0.6207237753155496
498.8360909464125,12,3,shopping,0,5,4027.3733482583043,0,0,0,TXN003144,0.12383065019583843
3428.963426267989,21,5,food,0,3,758.817220066851,0,0,0,TXN006917,4.512879329013231
251.5510468405573,14,0,food,0,2,528.07243728226,0,0,0,TXN002056,0.47545672220750157
1122.265114944881,9,1,grocery,0,5,864.9962110735416,0,0,0,TXN001925,1.2959238165183802
237.3939183396893,9,0,food,0,5,479.3353652683477,0,0,0,TXN000634,0.49422535899905073
56.35277977339727,13,5,shopping,0,3,193.33567995585065,0,0,0,TXN006082,0.28997649729683994
452.1606025053867,12,2,food,1,4,1633.6606024987386,0,0,0,TXN009270,0.2766082462709476
25265.403889871002,4,3,shopping,1,10,223.75463995836705,1,0,1,TXN009678,112.41326939702378
527.81478236379,11,6,food,0,4,1938.8432617857086,0,0,0,TXN000105,0.272091458501608
1318.327805302372,22,3,utility,0,3,896.1413587441881,0,0,0,TXN003041,1.469476122634406
2661.3252520325095,17,3,food,0,3,796.8613839391547,0,1,0,TXN001709,3.3355734537410116
1299.5167817072652,15,4,shopping,1,4,2301.6606834073773,0,0,0,TXN000089,0.5643544405267287
930.8275444701992,15,4,transport,0,1,1395.1893676789732,0,0,0,TXN007014,0.6666914718148929
250.3439027778846,9,4,grocery,0,2,290.2397536088429,0,0,0,TXN003174,0.8595801214490639
1203.4354886649965,22,3,utility,0,4,629.9298357797268,0,0,0,TXN000917,1.9073998730425321
263.3586636858149,21,1,transport,0,5,690.5238930316023,0,0,0,TXN007833,0.3808381262594777
314.1825996430854,22,5,food,1,4,563.377615379057,0,0,0,TXN006732,0.5566886266955656
2298.761236746672,14,0,utility,0,2,437.11012415981696,0,0,0,TXN001949,5.246994100296375
2135.684604231357,15,4,grocery,0,1,2929.4342628142736,0,0,0,TXN006368,0.7287945787872169
1238.7331264672487,22,0,grocery,0,3,2382.151829041708,0,0,0,TXN000001,0.5197877497235907
2010.5220621842516,11,5,transport,0,3,431.9526345649342,0,0,0,TXN008032,4.6437459936110255
3097.6097267189475,15,3,utility,0,1,905.7554524129151,0,1,0,TXN006047,3.4161467885040837
4089.4921864247103,21,4,utility,0,5,3627.723553017805,0,0,0,TXN002720,1.1269781582076457
9085.09006741186,5,1,shopping,1,7,480.5663680017906,1,1,1,TXN009812,18.865707140449807
843.3856617921552,8,2,transport,0,2,515.1358037295303,0,0,0,TXN003117,1.6340382815878303
507.6950097472488,22,0,utility,0,1,708.4874914691347,0,0,0,TXN009465,0.7155799303747631
1045.252963196746,15,1,utility,0,2,2623.7388125791754,0,0,0,TXN003762,0.39823122902260805
1530.3175394702685,11,3,food,0,4,918.8027227078121,0,0,0,TXN000213,1.663745389843116
462.06923449086923,18,5,transport,0,4,811.0862095925703,0,0,0,TXN000778,0.5689903719984272
1518.1559337787885,20,0,grocery,0,5,768.7094802431111,1,0,0,TXN003496,1.9723752568297355
944.0595825428799,13,6,shopping,0,3,2319.1844704496084,0,0,0,TXN008817,0.4068898807688075
620.8708099616637,9,6,utility,0,2,2728.6023548566677,0,0,0,TXN002043,0.22745833614078406
352.2716935247824,10,6,food,0,5,868.7114915844727,0,0,0,TXN005420,0.40504431289392384
1759.7966907023983,10,0,transport,0,1,2317.2817864646986,0,0,0,TXN006154,0.7590952493251603
8713.236112701761,15,2,food,0,3,807.2182377759021,0,0,0,TXN008357,10.780796207568029
686.0355043893285,15,2,grocery,0,5,2227.515734626381,0,1,0,TXN008707,0.3078441375709402
3709.5476123291255,11,1,food,0,1,3043.126376565206,0,0,0,TXN008465,1.218591856398136
639.8755598114045,9,5,food,0,1,1044.0066226391266,0,0,0,TXN004167,0.6123172293352762
500.03699202562757,9,0,transport,0,2,2483.1116611111406,0,0,0,TXN003788,0.20129408828666
2386.5308465383446,12,2,transport,0,4,1764.892427293518,0,1,0,TXN000583,1.3514587919695897
48883.379283159506,4,5,shopping,1,5,385.421883971748,0,1,1,TXN009911,126.5026162098352
18836.782543915982,2,6,food,0,19,260.70602652938885,1,0,1,TXN009986,71.97687723786775
1290.514968520485,20,0,grocery,0,4,2535.005003040239,0,0,0,TXN000116,0.5088771382443555
293.18533368764514,12,1,utility,0,4,476.07463169116335,0,0,0,TXN006644,0.614548152871478
8770.566675199167,20,2,food,0,4,482.7114661631242,0,0,0,TXN009033,18.131814705094108
9763.956557144575,3,4,food,1,17,287.03388542231323,0,1,1,TXN009951,33.89863849813619
5483.734670516057,20,3,shopping,0,2,778.7077653314617,0,0,0,TXN008959,7.033064071363796
509.5528462041912,15,3,food,0,5,1468.2333189863107,0,0,0,TXN001763,0.346815471456742
393.18357117026375,16,2,grocery,0,2,357.16388124692196,0,0,0,TXN001875,1.0977756042888056
2077.5753886140515,10,1,utility,0,4,1511.1992111182212,0,0,0,TXN003224,1.3738767837854864
350.0437619599724,14,0,grocery,0,2,3695.119390128023,0,1,0,TXN000526,0.09470575081933376
1015.1784855878876,10,4,grocery,0,3,1462.8362705313561,0,0,0,TXN007725,0.6935054869349488
2376.8886348030774,15,3,shopping,0,2,844.8290870190112,0,0,0,TXN002946,2.8101287497454592
486.7888851005259,13,6,transport,0,4,1085.096514327124,0,0,0,TXN004473,0.4482003935001202
2402.547119299438,9,3,grocery,0,5,2629.1240294852064,0,0,0,TXN005655,0.9134729360157543
1817.8202113867255,20,2,food,0,3,1358.37397575265,0,0,0,TXN006059,1.337248059629982
5375.049359432132,19,1,utility,0,2,3079.263597535446,0,0,0,TXN000959,1.744996552805666
1266.5233450238925,17,1,food,1,3,1413.8267028316784,0,0,0,TXN006342,0.8951791357125456
3507.4622830366316,13,5,food,0,2,1844.134751955956,0,0,0,TXN003633,1.9009247315506395
290.32249672549847,21,1,grocery,0,4,1136.750129019394,0,0,0,TXN001050,0.25517245774845315
468.35064244396017,13,2,grocery,0,4,1680.7676066868812,0,0,0,TXN003380,0.2784871349535749
1425.1275170645415,10,1,grocery,0,3,489.0789716385068,0,0,0,TXN003676,2.90795483899225
804.9306240233384,17,3,transport,0,3,499.5716888671339,0,0,0,TXN005776,1.6080226707287677
5842.941922566123,8,4,transport,0,1,1163.5366881778543,0,0,0,TXN009045,5.017396172986658
1435.981252359868,21,5,transport,1,1,793.1433301590604,0,1,0,TXN006573,1.8082142074683833
1341.4811331650913,21,5,transport,0,2,445.20834911160154,0,0,0,TXN005179,3.0064007897565634
1716.5613284052135,20,1,food,0,4,1300.072188394739,0,0,0,TXN001607,1.3193436488125263
467.9599708151567,16,5,grocery,0,4,2375.373158600416,0,0,0,TXN003610,0.19692192243526493
46752.67025035083,2,1,shopping,1,17,253.45513131058215,0,1,1,TXN009758,183.73640181492578
1927.1867179488056,13,2,utility,0,1,1696.2677400901653,0,0,0,TXN006635,1.1354641771759748
33534.629804123215,3,1,shopping,1,5,269.1236369718777,1,0,1,TXN009997,124.14548456422001
10003.494150708118,16,2,utility,0,5,716.3398493574733,0,0,0,TXN000791,13.945264799757497
1442.3641838643873,17,4,grocery,0,2,5334.280319287123,0,0,0,TXN003056,0.27034459251376497
1966.1588215303893,10,5,transport,0,1,2320.5012619458603,0,0,0,TXN001980,0.8469342032070979
1922.8687116229203,13,6,transport,0,4,1889.7505516843196,0,0,0,TXN003598,1.016986989589922
2300.8110066157337,15,0,food,0,3,1419.6599247532877,0,0,0,TXN000933,1.619536784649777
1058.1129403420193,15,2,shopping,0,2,1083.7783566546134,0,0,0,TXN007424,0.9754185579487146
3143.5922464200735,14,1,grocery,1,4,2010.300065376534,0,0,0,TXN005626,1.5629653180723007
883.5947928553278,17,6,grocery,0,4,1466.9215539881686,0,0,0,TXN001682,0.601935975702997
420.7640227514483,12,4,transport,0,2,1949.7719585678733,0,0,0,TXN004179,0.21569103497896555
29311.163043197652,22,5,grocery,0,1,1874.3755882735234,0,1,0,TXN006446,15.629489488119871
773.2288424676245,21,4,utility,0,3,459.3627743697223,0,0,0,TXN004116,1.6796076605590968
1941.3545732468408,11,0,utility,0,5,1857.8257671320584,0,0,0,TXN000988,1.0443983549045128
685.2229664276601,16,4,grocery,0,3,974.5193612986778,0,0,0,TXN002896,0.7024186229532591
1679.3407079768467,17,2,utility,0,2,1548.8590454231767,0,0,0,TXN003778,1.083544153860983
234.01852364351714,22,6,food,0,1,892.4277719918861,0,1,0,TXN005658,0.26193334366781074
2528.3784196081997,20,0,food,1,2,728.279034517304,0,0,0,TXN003093,3.4669561305593892
4696.33859089361,17,1,shopping,0,3,1233.9000511949866,0,0,0,TXN003155,3.803011090937329
218.1646684931693,19,6,grocery,0,3,512.0705915157921,0,0,0,TXN001823,0.42521374660869504
28876.448980737197,0,5,grocery,0,11,251.630180739561,0,1,1,TXN009622,114.30324316834582
376.71135060141336,19,0,food,0,4,527.4884158468179,0,0,0,TXN001098,0.7128090972397074
2033.3269678591603,16,4,grocery,0,2,999.2004984323697,0,0,0,TXN002844,2.0329193707121984
478.5112040869498,17,5,transport,0,5,842.0575739799664,0,0,0,TXN003342,0.5675901846512806
525.2825700848218,18,6,shopping,0,5,1448.3207423290921,0,0,0,TXN000038,0.3624336247618181
462.9842627817468,10,0,food,1,1,1098.7268059907685,0,1,0,TXN006540,0.4209993429819453
404.8317640434061,11,1,grocery,1,1,241.08224246910436,0,0,0,TXN009473,1.6722902097830352
1510.291853344381,18,1,grocery,0,5,816.3836589259324,0,0,0,TXN003356,1.8477147626476305
356.4161023305811,14,0,food,0,3,2009.640695196383,0,0,0,TXN007813,0.17726494006716068
2601.4580210399017,21,1,utility,0,2,2707.276358903378,1,0,0,TXN008220,0.9605585532243361
742.6596496171619,21,0,grocery,0,3,1828.8265874413855,0,0,0,TXN009227,0.40586340515229363
2182.5729470445676,12,6,grocery,0,1,1113.666484456001,0,0,0,TXN002428,1.958050212759151
840.0426763448432,18,1,utility,0,2,914.2658218382448,0,0,0,TXN005043,0.9178127887018425
6729.4778063239555,8,2,grocery,1,4,2596.1430949731616,0,0,0,TXN005346,2.5911078289636933
1704.514902973647,20,3,utility,1,5,2122.386051366033,0,0,0,TXN004811,0.8027343411609422
2412.693283099883,9,4,grocery,0,1,935.2647669693929,0,0,0,TXN008476,2.5769348246538852
1914.8767837419834,16,0,food,1,3,2932.8393449255313,0,0,0,TXN000686,0.6526863125801416
2088.2150206879755,17,1,grocery,0,3,1073.9407060609253,0,0,0,TXN004799,1.9426327507311087
1094.319863466066,11,6,grocery,0,1,440.57303152224694,0,0,0,TXN007437,2.47823074632431
577.194094787018,21,2,transport,0,2,380.5482422712455,0,0,0,TXN002353,1.512768323478965
557.6102737576277,16,6,transport,0,5,674.1513833064747,0,0,0,TXN006353,0.8259040676578293
4831.11643735115,20,5,grocery,0,4,900.2840756646938,0,0,0,TXN004569,5.360259398556686
568.7398003495871,16,3,grocery,0,2,989.3359220869214,0,0,0,TXN008213,0.5742897815431045
1859.449963727701,11,6,food,0,5,620.7593046848879,0,0,0,TXN002752,2.9906266777464374
2120.488551311134,18,3,grocery,0,1,3331.5273188896285,0,1,0,TXN008073,0.6363004255934094
795.6951524229883,16,6,transport,1,3,171.73354283974822,0,0,0,TXN001040,4.606488927059097
2733.6448040741766,13,2,grocery,0,3,629.2935400703102,0,1,0,TXN007491,4.33709792388041
695.6371693816221,9,4,utility,0,3,1409.672956478892,0,0,0,TXN001265,0.49312433912248954
1330.116927437408,8,4,shopping,0,2,1112.4415046431789,0,0,0,TXN009265,1.194599735945416
791.9407568068502,21,0,transport,0,5,646.1420239349115,0,0,0,TXN007059,1.2237510894308763
395.88748533210764,17,0,transport,0,3,566.7598185447546,0,0,0,TXN000277,0.6972798574348233
544.9837271466317,10,3,food,0,3,893.5574732750031,0,0,0,TXN005084,0.6092215910414668
330.5624755642122,21,2,food,0,3,176.18093122629915,0,0,0,TXN002382,1.8656774929239477
2153.1668218591167,19,3,transport,1,3,3125.63707401214,0,0,0,TXN000571,0.6886526228949706
1044.4381331311895,8,5,shopping,0,3,870.1876026583975,0,0,0,TXN001435,1.1988670751788986
501.60880653240014,12,5,food,0,5,452.05512189181985,0,0,0,TXN005352,1.1071694862157941
2520.196159062765,10,1,shopping,0,1,656.0813622186378,0,1,0,TXN005445,3.835440029151509
474.29216689817616,20,4,utility,1,2,1674.7812924386344,0,0,0,TXN001007,0.2830274863660613
2464.79023346728,12,5,grocery,0,2,667.196187060424,0,0,0,TXN004543,3.688722386026415
1635.2432369051467,16,1,utility,0,2,1666.644267737236,0,0,0,TXN008816,0.9805707779177312
1754.6306558536046,8,1,food,0,1,2563.833487326639,0,0,0,TXN002064,0.6841109430782113
3923.2820874539657,20,0,transport,0,5,511.4507047583773,0,0,0,TXN001136,7.65592095205296
914.282801300538,10,4,grocery,0,1,380.1143007243398,0,0,0,TXN005343,2.3989726954954635
1180.7007940184383,9,6,transport,0,4,1567.5651184786327,0,0,0,TXN000294,0.752726667263653
1052.0636501609292,12,5,grocery,0,2,3281.1052594066064,0,0,0,TXN002403,0.32054537164695895
861.7255026374761,15,6,grocery,0,2,811.9303295387308,0,0,0,TXN003998,1.0600238068696888
3421.5802199814884,20,4,food,0,3,795.8528261673016,0,0,0,TXN003741,4.2938672081249765
759.6489578087677,15,6,transport,0,2,361.3182537830461,0,0,0,TXN009222,2.0966345191750695
1846.8374904421485,8,6,grocery,0,5,212.13728541125806,0,0,0,TXN002719,8.665013664214554
2867.971773567699,16,4,utility,0,4,1600.7662488289802,0,0,0,TXN009199,1.7905058092367827
4270.06882017906,12,0,grocery,0,3,5566.392324238614,0,0,0,TXN005150,0.7669782496894588
939.4641587698792,15,0,grocery,0,2,7558.50166296403,0,0,0,TXN002808,0.12427593784026254
1186.837875823428,10,4,transport,0,5,1802.1773603885151,0,0,0,TXN000556,0.6581925338546344
3068.208603855197,16,3,transport,0,2,579.6728165812578,0,0,0,TXN008925,5.283885376139077
3907.016132396034,12,0,grocery,0,2,427.0748525895744,0,0,0,TXN004795,9.126946160843433
529.3287459490374,16,3,food,0,2,1165.053786610275,0,0,0,TXN002469,0.45394882468312125
1291.3555332469664,19,3,shopping,0,4,3882.994037392979,0,0,0,TXN003738,0.3324813377194967
569.048257589462,21,0,transport,0,2,1051.2980831350305,0,0,0,TXN004286,0.5407671711176555
464.88216656040146,8,4,shopping,0,4,1707.107277639725,0,0,0,TXN002604,0.2721621602144211
266.0624726144601,14,2,food,0,5,138.64425170380463,0,0,0,TXN000362,1.9052876818646105
714.9165226089442,17,1,transport,0,2,3242.3200418776855,0,0,0,TXN006924,0.22042737484366512
357.48844010185655,14,2,shopping,0,1,1538.8398927513585,0,0,0,TXN001704,0.23215948734975464
862.0176068291468,20,2,shopping,0,2,1148.2395095647876,0,0,0,TXN002139,0.7500765503229082
255.98218051938073,16,2,shopping,0,1,620.1273220011749,0,1,0,TXN003239,0.4121251335308295
1715.9055991683213,14,1,shopping,0,1,1268.614066328033,0,0,0,TXN002383,1.351517476591173
6424.850665949517,8,4,food,0,2,950.955348522106,0,0,0,TXN007314,6.749109268542884
313.80509751008304,22,5,grocery,0,3,2066.775169648992,0,0,0,TXN004311,0.15175977645739502
1193.7626139050014,16,1,food,0,1,2877.8927505095194,0,0,0,TXN001312,0.4146603285911655
838.2548091619325,22,3,grocery,0,4,572.2993680583929,1,0,0,TXN003930,1.4621589624298221
2605.2167531110817,22,4,shopping,1,2,2223.6913908025904,1,0,0,TXN006183,1.1710463590058715
774.6993801188413,22,5,grocery,0,1,2230.7175987878904,0,1,0,TXN001591,0.3471314563005654
1059.1136787804492,11,0,transport,1,4,1885.3435877945392,0,0,0,TXN009387,0.5614638211370261
776.6710005962652,13,6,food,1,5,1016.3005791478164,0,0,0,TXN002162,0.7634626545154192
703.8537420221303,10,4,transport,0,4,749.8205482266497,0,1,0,TXN002396,0.9374460297930717
447.480272155669,10,4,utility,0,2,247.2370160644404,0,0,0,TXN000317,1.8026331417048076
8436.700700547544,14,4,shopping,0,1,707.1520029400091,0,1,0,TXN005233,11.913686137328142
206.031182399896,21,1,transport,0,4,480.07861701447,0,0,0,TXN005068,0.4282692581069321
5203.885773798468,22,0,shopping,0,3,1602.4094484308923,0,0,0,TXN004036,3.2455127284493845
726.8641305695777,12,5,transport,0,4,2004.593601568731,0,0,0,TXN003020,0.3624184530709714
503.3372812387762,16,4,shopping,0,3,1562.665552796161,0,0,0,TXN008228,0.3218957406452447
1123.8096548026044,10,1,food,0,4,529.1320772666334,0,0,0,TXN005295,2.119867299102101
342.8488092640862,12,0,utility,0,4,861.1546591442589,0,0,0,TXN003972,0.3976650890043146
1335.916170424464,13,1,transport,0,5,689.8754758456801,0,0,0,TXN005370,1.933656957195085
1585.0195234046398,17,6,grocery,1,1,1163.9074469353723,0,0,0,TXN004133,1.36063987536048
1768.9484899395186,8,6,utility,0,3,532.7083644749655,0,0,0,TXN000974,3.3144477540270856
946.5543131500892,9,4,grocery,1,4,1314.7531238482848,0,1,0,TXN007291,0.7194011520805884
364.5681528210101,14,2,transport,0,3,1869.864630156043,0,0,0,TXN000954,0.1948661313836494
9555.694983614403,11,5,grocery,0,3,141.52868689673673,0,0,0,TXN009306,67.0440119225794
1782.4554294424343,8,3,transport,0,5,1152.8116303885124,0,0,0,TXN005016,1.5448409276670616
8239.66105747507,3,3,food,1,19,328.375715747073,0,1,1,TXN009730,25.015994390437363
4234.789691949411,9,4,grocery,1,4,1200.2024504893354,0,0,0,TXN007490,3.525458751956657
1094.8561711075222,16,6,grocery,0,1,2402.703193884964,0,0,0,TXN001640,0.45548725561992975
132.3310054658589,13,0,food,0,4,2028.3627957539304,0,1,0,TXN001290,0.06520815585204247
126.91970253540264,10,3,food,0,4,778.2422755141328,0,0,0,TXN001380,0.16287579168065908
580.0553475474509,17,1,grocery,0,3,290.5550189906219,0,0,0,TXN001933,1.9895227650535108
788.5546737659396,21,3,food,0,4,1546.2145064330596,0,0,0,TXN004675,0.5096608585863569
5293.03342103072,20,0,shopping,0,3,1450.0023454012885,0,0,0,TXN000892,3.6478462201016506
721.802159998019,12,6,transport,0,1,9610.51870808901,0,0,0,TXN007287,0.07509761796442778
1304.0076939123805,17,3,transport,0,4,983.2982913570207,0,0,0,TXN004876,1.3248094661574457
995.0673827044006,9,5,transport,0,1,1258.6348623518281,0,0,0,TXN007906,0.7899649433698103
822.555413501066,13,3,utility,0,2,1243.5197406413645,0,0,0,TXN008194,0.6609420378315263
1340.8606863883629,12,0,food,0,1,1416.0965844654636,0,0,0,TXN009379,0.9462027508126009
674.0934908890226,13,2,transport,0,2,889.5532065758174,0,0,0,TXN002466,0.7569379189379557
2678.674695443557,18,6,transport,0,1,445.5282469304118,0,0,0,TXN007657,5.9988919264518765
731.6933313671267,13,5,grocery,0,1,1441.373326300983,0,0,0,TXN001913,0.5072842918161693
3503.448501280703,22,4,grocery,0,3,634.8847718325535,0,0,0,TXN002736,5.50956502887171
711.4907976156769,10,2,transport,0,4,661.9543548621995,0,0,0,TXN000726,1.0732123447074515
590.1637376841226,10,3,grocery,0,1,1147.2846579558764,0,0,0,TXN007214,0.5139524712754632
2800.088443054149,18,4,food,1,2,2283.196686697288,0,1,0,TXN008245,1.2258525981415318
512.9599992772582,18,1,food,0,1,3047.286038420724,0,0,0,TXN001796,0.16827817101541295
694.5754914689727,17,0,food,0,5,2435.0270223241005,0,0,0,TXN003845,0.28512634921689434
1046.5460514202869,11,5,transport,0,3,1606.3924437202502,0,0,0,TXN006402,0.6510830976647463
1283.8704178004964,8,6,food,0,2,544.5326035638489,0,0,0,TXN000936,2.353425642048235
810.9991013524448,17,2,utility,0,2,1183.313863276433,0,1,0,TXN002265,0.6847839297505106
1171.2052767854584,16,5,utility,0,4,401.85053285398345,0,0,0,TXN000824,2.9072948432960657
2974.866140395974,14,3,transport,0,5,1819.4018937562726,0,0,0,TXN007274,1.6341809743218543
842.6707942956211,14,2,shopping,0,2,3768.165318292638,0,1,0,TXN001389,0.2235696031176832
3908.973550381151,14,2,grocery,0,1,3272.321222805477,0,0,0,TXN003564,1.194191857232659
117.95737840622661,18,4,shopping,0,3,534.422652584334,0,0,0,TXN005429,0.22030703750930158
244.24286420548415,13,6,food,0,2,1003.6508367581621,0,0,0,TXN007827,0.24311218910006033
461.64257577167496,11,0,grocery,0,2,2643.5573690042525,0,0,0,TXN005690,0.1745632676312467
2139.5123957625124,17,6,transport,0,3,226.91923725348505,0,0,0,TXN007878,9.387151438134245
2907.9409770141806,9,0,transport,0,2,855.4306663892205,0,0,0,TXN001868,3.395419023555392
424.6979026122556,22,3,transport,0,3,564.8708728652592,0,0,0,TXN008202,0.7505208749512388
3440.2666927686455,14,1,shopping,0,3,229.9045369360613,0,1,0,TXN007486,14.899086602708346
263.9691921175727,22,3,grocery,0,4,1425.5044042151817,0,0,0,TXN000806,0.1850461809564481
555.0683009027881,16,1,food,0,1,392.21135194503603,0,0,0,TXN004805,1.411628372774896
1330.1550627558468,10,1,grocery,1,4,1012.8128194037707,0,0,0,TXN009152,1.312032198939957
5192.459353141867,22,5,food,0,5,632.6370642758129,0,0,0,TXN007511,8.194690061378205
2244.9313118657615,13,3,grocery,0,3,2571.126252892704,0,0,0,TXN008056,0.872792037070899
1722.182305523643,19,4,utility,0,4,7666.495158030073,0,0,0,TXN004494,0.22460820255230585
466.1545838301165,8,5,utility,0,2,91.41943904825398,0,0,0,TXN002632,5.04390189586336
914.2047499760743,13,5,shopping,0,2,384.7719228501525,0,0,0,TXN008900,2.3698063436596546
371.9988088217265,20,3,utility,0,2,3616.9561124763122,0,0,0,TXN008623,0.10282015515304627
4993.763666812074,11,4,grocery,0,4,180.02400940620365,0,0,0,TXN007832,27.586195241132135
915.2457010006962,9,2,grocery,0,5,1393.6355924585384,0,0,0,TXN004388,0.6562615395375446
631.078748248946,8,6,grocery,0,5,3272.693249916258,0,0,0,TXN000145,0.1927727187833158
2289.817605596648,9,3,grocery,1,3,758.2561806863607,0,0,0,TXN006467,3.0158695626641765
603.6701696842189,22,4,transport,0,5,1736.4447364787582,1,0,0,TXN002033,0.3474471199053296
676.6805573869311,17,3,utility,1,4,3009.1824983423,0,0,0,TXN009127,0.22479718680165653
2590.5637286381866,20,4,grocery,0,1,9530.633753510901,0,1,0,TXN001165,0.27178590739326014
1573.0249347731685,14,6,grocery,0,2,712.4212531693713,0,0,0,TXN002050,2.204903383218556
630.6550229120194,9,5,transport,0,2,3198.608103736071,0,0,0,TXN003760,0.1971038334899907
1423.9422569849426,12,2,shopping,0,5,1698.910623868384,0,0,0,TXN004435,0.8376571314935153
729.9558903897743,16,2,transport,0,5,761.4756766808285,0,0,0,TXN003430,0.9573497394269443
2401.218021974535,21,2,utility,0,2,1370.2514346174776,0,0,0,TXN008190,1.7511143189027005
2348.261683010218,10,1,transport,0,2,1786.3332502445921,0,0,0,TXN008753,1.3138353928618876
162.12340250016067,10,3,transport,1,3,751.3776476578865,0,0,0,TXN007069,0.21548141814797742
397.3063421225617,17,4,transport,1,5,472.38069230238904,0,0,0,TXN004361,0.8392956210152481
3938.026379831399,19,4,food,0,1,4365.852362550141,0,0,0,TXN001771,0.9017997525182377
963.6253162473855,9,5,food,1,1,3278.2101562052917,0,0,0,TXN003511,0.2938589691861941
893.9450190644,20,2,food,0,4,5008.441250023153,0,0,0,TXN000271,0.17845204174423013
311.2836169214368,14,5,utility,1,5,707.7237954216887,0,0,0,TXN008436,0.4392171095881209
238.4924349917459,14,5,utility,1,4,3108.6622517103947,0,0,0,TXN002032,0.07669399944015429
5828.817145216091,4,0,shopping,1,12,564.6266708855691,1,1,1,TXN009664,10.30506064378161
966.9827421034272,18,6,utility,0,2,1092.0456569258688,0,0,0,TXN003810,0.884668207568761
3080.891354509426,19,6,grocery,1,4,639.2188004221501,0,0,0,TXN004346,4.812247551115236
2414.0840080399535,13,6,food,1,1,4440.599613098681,0,0,0,TXN000545,0.5435167998755673
1265.7611717958844,14,3,utility,0,1,1594.183613390205,0,0,0,TXN003241,0.7934893269783488
440.39607212740196,12,4,transport,1,2,4405.208111684637,0,0,0,TXN008502,0.09994899491005299
99496.21581482844,4,0,shopping,1,13,877.8116675783564,1,1,1,TXN009918,113.21676701106973
1350.0942610050577,15,6,grocery,0,1,2499.8873211097707,0,0,0,TXN007564,0.5398460976666283
1461.578820054701,21,2,grocery,0,2,1048.6270447419774,0,0,0,TXN000920,1.3924744292521454
1247.2902543942128,22,1,grocery,0,4,683.42566955417,0,0,0,TXN009118,1.8223896470842316
941.5244544552744,19,1,grocery,0,2,3151.6914294478956,0,0,0,TXN006640,0.2986414863379622
984.0395769837885,22,3,transport,0,1,1026.892815450724,0,0,0,TXN007694,0.9573367594288457
63.81934357498844,11,3,shopping,0,5,4005.458177540844,0,0,0,TXN008230,0.015929117626322164
706.4963184076906,9,4,transport,0,3,718.0174012842729,0,0,0,TXN007126,0.9825858416580493
774.7184711259833,9,0,utility,0,4,1306.1134388053592,0,0,0,TXN004278,0.5926941366573661
2022.665790484612,20,2,food,0,4,583.8571531744464,0,0,0,TXN002983,3.4583928391849694
3206.481838173878,14,3,transport,0,2,1408.5132703685786,0,0,0,TXN000130,2.27488588123431
797.7691600430978,11,6,shopping,0,5,998.8734675271838,0,0,0,TXN007980,0.7978701165219275
1232.3297360355593,17,3,transport,0,5,1048.7057944831577,0,0,0,TXN002667,1.1739763108027046
563.9088522664503,18,1,transport,0,5,1035.3760917383072,0,0,0,TXN007138,0.5441160373746267
1177.6630180942586,8,5,shopping,0,1,703.459901893926,0,0,0,TXN003223,1.6717246999128492
2427.558268972678,16,6,transport,0,4,635.133567760655,0,1,0,TXN007693,3.8161140867291032
289.84633898389507,21,3,food,0,4,5307.024924306663,0,0,0,TXN005392,0.05460530858787461
450.8525301855997,21,3,transport,0,3,360.45775391178813,0,0,0,TXN000614,1.247317356748772
41357.901050590495,4,1,utility,1,5,465.16431851369333,1,0,1,TXN009902,88.71957678454454
762.5651836725519,22,1,grocery,0,5,553.2758132691241,0,0,0,TXN001466,1.3757865045110576
2535.165131503606,9,2,transport,0,4,1143.9489403972038,0,0,0,TXN004497,2.2142167585430585
1175.0725774629564,9,0,utility,0,2,424.78427677592765,0,0,0,TXN003042,2.759783866047613
1206.4796782389055,13,4,grocery,0,3,239.00354582913016,0,0,0,TXN002419,5.026924390099866
1164.4019163993207,15,5,utility,0,4,1658.9322247048783,0,0,0,TXN005085,0.7014755777792924
2573.482163521107,22,4,grocery,0,1,260.53918218599637,0,0,0,TXN003294,9.839757630238928
836.2142428781035,8,6,transport,0,2,3159.6475591612266,0,0,0,TXN006737,0.26457054360721516
2357.6064235018157,15,4,grocery,0,5,680.7351807703433,0,0,0,TXN001500,3.4582437433224156
5475.655355591736,22,2,food,1,2,3782.364073102656,0,0,0,TXN001521,1.4472980262513484
8842.033488319996,22,1,grocery,0,4,1576.742799003972,0,0,0,TXN009117,5.604229975824935
2797.2166120240745,13,1,grocery,0,5,1701.6245944646143,0,0,0,TXN004232,1.642885120488731
3631.5803832657916,19,4,food,0,2,219.2067990079586,0,0,0,TXN007686,16.491681454097794
670.6406082802755,18,0,utility,0,1,1683.9758492333701,0,0,0,TXN004430,0.3980120003413719
1295.4817275025468,22,3,food,0,4,3906.6215326868837,0,0,0,TXN000390,0.33152691903910475
70042.53847438924,0,2,shopping,1,16,535.1919567987151,0,0,1,TXN009858,130.62959558843775
169.98839376406357,14,5,shopping,0,2,1914.0675055891434,0,0,0,TXN007124,0.08876365625125525
2964.3540225511947,14,3,transport,0,1,516.83499452398,0,0,0,TXN005913,5.724514669535184
560.3824832301582,14,5,transport,0,2,763.2406648318547,0,0,0,TXN008592,0.7332539460635105
2168.938809961888,9,3,food,0,3,881.5644740796654,0,0,0,TXN004806,2.457541486953289
908.3076593475289,13,6,transport,0,5,2135.0316745684845,0,0,0,TXN008954,0.4252313625129285
1171.3721384924036,17,4,transport,1,5,524.4471486714389,0,0,0,TXN008238,2.229286316338659
500.77568230804184,14,3,transport,0,3,1045.3702565133913,0,0,0,TXN008044,0.47858363632838313
20445.291555734442,0,4,utility,1,19,554.7065376884646,1,1,1,TXN009782,36.79152604678606
4015.497406117318,8,2,utility,0,4,773.358811814099,0,0,0,TXN003993,5.1855772089816705
42302.48709601414,5,5,utility,1,18,238.5896383857152,1,0,1,TXN009551,176.56225611856968
118.39950977670968,12,5,shopping,1,3,926.6848457225759,0,0,0,TXN006609,0.12762902220795472
3879.8004884649213,16,2,shopping,0,4,2360.242437636797,0,0,0,TXN005319,1.643118227346423
2026.4408633146159,16,5,grocery,0,2,2502.127378419582,0,0,0,TXN007119,0.8095636206073
1375.9943932337987,8,4,grocery,0,4,2040.3685644440934,0,0,0,TXN002421,0.6740548557474776
1569.2201751167975,8,2,transport,0,3,2294.449255866766,0,1,0,TXN005604,0.6836222456698381
489.54685011979467,16,1,grocery,0,4,2725.794350290333,0,0,0,TXN001750,0.17953200250237814
2156.197674636358,9,1,utility,0,1,3588.4185273378416,0,0,0,TXN009015,0.6007094626091267
12514.964985813383,2,0,shopping,1,18,867.0484543189841,0,1,1,TXN009718,14.417357606646316
832.1798208551837,15,3,transport,0,5,1328.9966958522866,0,0,0,TXN000338,0.6257006678666276
894.8908499040275,11,2,food,1,2,3477.1401912317406,0,1,0,TXN008407,0.25729004603092576
2252.0574455713468,14,0,shopping,0,4,605.3802172899018,0,0,0,TXN001341,3.7139362092590664
61437.86131781592,4,1,shopping,1,6,372.74064350100593,1,1,1,TXN009544,164.38635290585023
270.2453216330595,18,6,transport,0,3,977.7417979452639,1,0,0,TXN007982,0.27611503074702953
341.91373683795916,11,1,grocery,0,4,1020.7344923544463,0,0,0,TXN003640,0.33464049554602593
347.3359708042144,11,5,food,0,5,820.433631729114,0,1,0,TXN000329,0.4228411856878489
828.0973783742709,13,1,utility,0,5,1313.7795043073031,0,0,0,TXN008828,0.6298374561372231
1121.5875188655168,16,5,food,0,5,847.9123324063519,0,0,0,TXN003004,1.3212053542516362
352.47789173879397,15,3,grocery,0,4,2568.562686710749,0,0,0,TXN006960,0.13717427232335577
1928.5008223110615,19,0,transport,0,2,1248.299465886684,0,0,0,TXN004090,1.5436657702741574
489.5518452027744,17,5,grocery,0,1,453.0410142270577,0,0,0,TXN002322,1.0782106238489688
1844.575374752882,19,0,transport,0,2,4117.36119529228,0,0,0,TXN006667,0.44789062621836706
340.87270480601364,11,6,shopping,0,1,448.58122436789165,0,0,0,TXN007009,0.7582004904348008
319.7089132852124,12,1,transport,0,5,1242.6656153001284,0,0,0,TXN004197,0.2570698340068351
9616.088508835994,16,2,food,0,5,1254.5392055173816,0,0,0,TXN003549,7.658931291495118
147.05176328336236,14,5,food,0,3,584.6822157790573,0,0,0,TXN008363,0.2510777334902656
5165.81729561731,22,3,food,0,1,1447.4570816392716,0,1,0,TXN004203,3.566427587741134
1346.7011258440332,11,4,transport,0,2,2240.8229680387753,0,0,0,TXN009310,0.6007169812441409
2140.0032278098656,9,3,grocery,0,5,5735.316425219856,0,0,0,TXN008936,0.37306227013581206
4776.199130368498,20,1,food,0,2,1329.3966359933686,0,0,0,TXN006185,3.5900565298725735
2431.685749148578,21,2,food,0,5,1486.8912508163742,0,0,0,TXN001639,1.634316854685693
236.82371103955396,13,1,shopping,0,5,417.3697128188203,1,0,0,TXN000060,0.5660632301605282
517.316322824697,21,3,shopping,0,1,1084.0460785349355,0,0,0,TXN001240,0.4767689898692545
2023.585824568409,19,1,utility,0,4,660.5328645923112,0,0,0,TXN005760,3.0589346846970367
3089.96860433885,17,2,food,0,5,1059.4436470590888,0,0,0,TXN005136,2.913845174996531
313.76484929637905,13,1,grocery,0,2,665.5677977984124,0,0,0,TXN002343,0.47071708284244146
1575.6920972958362,20,3,grocery,0,1,839.5700626928058,0,0,0,TXN002120,1.8745517681750792
1149.7487774814717,15,6,grocery,0,3,1478.4064458152752,0,0,0,TXN001524,0.7771689657928083
673.414424230593,19,2,food,0,3,889.663467605883,0,1,0,TXN007617,0.7560817847853817
1777.1924522450768,15,0,food,0,4,2271.181293223133,0,0,0,TXN000153,0.7821525762691652
662.4011414998579,18,0,grocery,0,5,605.1725818531977,0,0,0,TXN000481,1.0927599850767873
1995.3905836597496,8,2,food,0,1,4062.136711120028,0,0,0,TXN006122,0.4910960978001915
9929.94099828538,15,2,utility,0,5,951.5145640847454,0,0,0,TXN007674,10.42497550452353
7243.494161574265,11,2,food,0,5,2136.6592882278765,0,0,0,TXN007101,3.3885166833949176
2020.4406397782109,9,5,transport,0,4,1591.625445130333,0,0,0,TXN001762,1.2686226042387936
5821.114064222379,22,3,food,0,4,2906.4445573967537,0,0,0,TXN007715,2.0021410380511075
1901.8332981398573,15,6,utility,0,3,4732.416648983522,0,0,0,TXN009081,0.4017886949690488
1873.6435283052515,14,4,food,1,4,6560.897632108965,0,0,0,TXN007479,0.2855337942391934
2439.7833304477863,14,2,shopping,0,2,1295.9841631378874,0,0,0,TXN006212,1.8811203712349442
900.2251013525735,13,1,grocery,0,5,2164.7362524886353,0,0,0,TXN004853,0.4156670048433321
1640.106093255498,15,2,utility,0,5,2076.811659171674,0,0,0,TXN002711,0.7893430022956611
1910.9956274640483,22,0,grocery,0,5,5496.662928598026,0,1,0,TXN006766,0.34760145397844106
4871.544951558517,9,1,grocery,0,3,874.7260629879423,0,0,0,TXN004150,5.562863956494569
2817.4789543651254,22,2,transport,0,4,972.9307877383619,0,0,0,TXN001333,2.8928944333999396
655.7181376733245,16,5,grocery,0,4,667.6965232233915,0,0,0,TXN008378,0.9805915163316449
2825.804912332814,16,0,grocery,0,2,535.0938216988201,0,0,0,TXN009389,5.2711014340328735
161382.9618556784,5,4,food,1,19,553.2124557656682,1,1,1,TXN009707,291.1933143630288
1348.6812332856346,15,3,shopping,0,2,1827.8883303532848,0,0,0,TXN009121,0.7374322482691499
286.7871413343077,14,3,transport,0,3,1616.1507437646455,0,0,0,TXN003850,0.17734100697791577
1154.10023778931,20,5,utility,0,2,1265.9953349169534,0,1,0,TXN008340,0.9108954121484251
9675.192177829136,19,4,grocery,1,3,5140.737744244324,0,0,0,TXN004124,1.88169693965033
2852.2419311345006,8,1,shopping,0,1,1785.7053367192773,0,0,0,TXN008963,1.5963695146127153
786.6058513442462,15,3,transport,0,1,2620.6693525523688,0,0,0,TXN004788,0.3000400682025112
397.1590257497558,15,5,utility,0,4,1199.4857336756472,0,0,0,TXN002866,0.33083194127908067
1538.7999867697458,19,4,food,0,2,5226.737134177416,0,0,0,TXN001386,0.29435297668460064
1029.576104047648,11,3,transport,0,2,2262.477991063212,1,0,0,TXN005941,0.45486464110217856
2114.146714703266,22,0,food,0,5,1101.540041875337,0,0,0,TXN003067,1.9175237491667536
2590.7302151225776,11,4,transport,0,4,738.497174912951,0,0,0,TXN009058,3.503367292008306
2910.670337209414,17,3,grocery,1,4,1433.8164746702298,0,0,0,TXN003629,2.0286011406987687
1947.070632082894,11,5,utility,0,2,941.795765717449,0,0,0,TXN009455,2.065209351678846
3253.8916352090046,16,5,food,0,3,2758.70772278449,0,1,0,TXN008949,1.1790711053726706
3396.587803736969,18,4,grocery,0,3,602.1927459521186,0,0,0,TXN003028,5.631015668757048
2833.580820409051,15,6,transport,0,1,588.7263804118792,0,0,0,TXN002969,4.80490769029191
6444.340310509532,14,2,transport,0,3,1429.39293306818,0,0,0,TXN008646,4.505293728406837
640.8758379496192,14,3,transport,0,5,2480.8688950101846,0,0,0,TXN006136,0.2582230831121276
1300.7619443010994,11,6,grocery,1,1,711.2849059488611,0,0,0,TXN008801,1.8261820985358468
1194.3339626082238,13,0,transport,0,5,2814.3923010519243,0,0,0,TXN004263,0.424215823195219
1069.3554004864695,21,3,grocery,0,3,2564.7163288412903,0,0,0,TXN000645,0.4167862941299531
12049.784822558438,5,2,food,0,6,765.2178694368248,1,1,1,TXN009653,15.726316630301392
1644.243017993713,21,5,food,0,3,1343.042012803788,0,0,0,TXN002074,1.2233568611175178
700.7297941812866,15,1,shopping,1,4,1382.745869120768,0,0,0,TXN000341,0.506400640333279
108.93985910097582,12,4,transport,0,1,1895.5805551840351,0,0,0,TXN008041,0.057440143421909555
2168.1601367978606,16,0,transport,0,3,2955.217386033624,0,0,0,TXN001622,0.7334237823784993
1373.5733835212247,9,5,food,0,3,1078.9553138842728,0,0,0,TXN007141,1.2718798323061133
1932.868370872626,10,6,grocery,0,5,254.54953654051496,0,0,0,TXN005796,7.563576115373577
519.4539521272363,11,2,food,0,5,885.4621083478269,0,0,0,TXN007184,0.5859855116598112
2049.3736985307937,19,4,shopping,1,5,746.8554427749615,0,0,0,TXN008232,2.7403340021521703
2417.976252578579,14,4,food,0,1,8319.45283901387,0,0,0,TXN005475,0.2906063286893355
591.5317923979005,11,3,food,0,3,2291.0126843325206,0,0,0,TXN009252,0.2580839959749901
525.9410333024284,18,2,utility,1,1,906.0296506810067,0,0,0,TXN000074,0.5798498791164619
136.06755232427497,14,1,transport,0,1,596.7126330562498,0,0,0,TXN008633,0.2276471079898856
376.7427199973079,19,1,transport,1,2,1032.3514877237862,0,0,0,TXN009229,0.36458332375093155
1178.8425510408179,15,6,grocery,0,3,968.5092741990167,0,0,0,TXN002051,1.2159167347983824
882.9496794754389,19,6,utility,0,3,1464.326481333908,0,0,0,TXN002541,0.6025617435587985
345.94979949602316,22,5,grocery,0,3,1373.6676777288583,0,0,0,TXN001301,0.25166067777746853
674.124175304263,18,4,utility,0,5,466.83944549279977,0,0,0,TXN005877,1.4409306051441915
2578.452395051155,10,3,transport,0,2,553.2083480665794,0,0,0,TXN007368,4.652496491700977
1636.2619249948193,18,6,food,1,1,1182.705439328458,0,0,0,TXN001304,1.3823218772426242
943.5521476530467,12,6,transport,0,4,676.4723122500794,0,0,0,TXN008428,1.3927538153097947
742.2844081113395,15,2,grocery,0,4,516.560875190087,0,0,0,TXN009094,1.4341972967696162
612.062427325558,10,6,transport,0,1,2158.9165309837426,0,0,0,TXN002599,0.2833731852808181
1735.7661529058973,15,1,grocery,0,3,941.4412907252561,0,0,0,TXN002573,1.8417764268054702
213.0984660692916,13,2,transport,0,1,7503.237081206664,0,0,0,TXN003186,0.028397086041293602
945.5597792913812,15,6,food,0,5,1645.2349382457708,0,0,0,TXN002768,0.5743771786905278
1265.3258248249517,19,3,food,0,2,4572.588002051527,0,0,0,TXN004831,0.27665933710193785
298.7328725059021,20,5,transport,0,1,778.4328455392173,0,0,0,TXN004223,0.38326954556198684
70358.7207961266,3,6,shopping,0,6,297.40341936682313,0,0,1,TXN009649,235.78389599361665
66.55897724684158,20,3,grocery,0,3,476.59338616316177,0,0,0,TXN002106,0.13936327255608774
3355.439827011801,15,6,food,0,1,370.13870845931456,0,0,0,TXN002679,9.040932003403885
964.4921892565848,9,0,transport,0,4,244.6347478045063,0,0,0,TXN001387,3.9265299306277166
4802.644689844037,11,4,transport,0,2,1292.9643937025276,0,0,0,TXN008931,3.7115740689756014
5000.0,0,2,shopping,0,13,231.31373016008655,1,1,1,TXN009659,21.52261941881144
811.7446900701748,15,6,transport,0,4,419.3497980268936,0,1,0,TXN007083,1.9311171169356434
923.8081309679563,15,6,transport,0,4,714.4433701998015,0,0,0,TXN001279,1.2912386492727788
2518.7017443271216,14,1,grocery,0,5,1081.2511222737012,0,0,0,TXN000804,2.3272803256933394
549.893029098824,11,4,food,1,3,703.4532337149385,0,0,0,TXN001555,0.7805955069564514
1320.6481048692126,8,0,grocery,1,3,5130.42121600999,1,0,0,TXN009486,0.25736497731833086
1551.1067947809847,11,4,grocery,0,5,648.0694777521564,0,0,0,TXN004566,2.3897392312341426
5000.0,4,1,food,1,11,413.883140931225,1,0,1,TXN009669,12.05158635459918
790.2636015794569,22,5,grocery,0,2,1913.95557695967,0,0,0,TXN004841,0.4126798611350243
603.4849269405922,15,4,transport,0,3,2220.6902251823585,0,0,0,TXN003594,0.27163324576046943
2707.7989834243513,11,5,grocery,0,4,1899.98876498234,0,0,0,TXN006035,1.4244160898286564
1913.5548642139436,21,1,transport,0,1,1309.3130582894994,0,0,0,TXN006852,1.4603799085326405
615.7118287577595,15,5,food,0,3,1955.7846467306824,0,0,0,TXN008705,0.31465487517313984
761.1778697883267,20,0,grocery,0,5,1452.1689376283578,0,0,0,TXN004177,0.5238054916248113
1785.0794350112194,13,0,grocery,0,2,1566.2941596073524,0,0,0,TXN001308,1.1389562221417502
2549.8505430892615,18,6,transport,0,3,3470.258379065408,0,0,0,TXN003452,0.7345608608298919
2564.8230854874714,8,5,transport,0,1,1677.9270658635562,0,1,0,TXN003695,1.5276560475057055
983.7613577839961,19,4,utility,0,3,4471.394639474622,0,0,0,TXN004242,0.21996300351070092
3654.001160494173,16,6,shopping,0,1,273.1047231859873,0,0,0,TXN002198,13.330675655723145
1180.7285428365049,13,2,shopping,0,1,2544.3773510539213,0,0,0,TXN004425,0.46387170937449435
1599.9245647958658,16,1,utility,0,1,437.84777059304,0,0,0,TXN006150,3.6457393018854725
295.4355954824354,20,3,utility,0,2,878.0158003561318,0,0,0,TXN000943,0.3360981626982589
6685.062278650178,13,4,food,0,5,202.345774080468,0,0,0,TXN000822,32.87534402364696
3534.023611407587,9,4,grocery,0,3,1004.7843350944532,0,0,0,TXN005005,3.513699197826248
866.1169114570672,11,0,transport,0,4,2261.4212093892497,0,0,0,TXN006612,0.3828274363158393
622.1595355686176,12,1,grocery,0,4,1382.7542655442205,0,0,0,TXN008356,0.4496170679003665
1777.296637319878,10,5,transport,0,2,3201.1703696534514,1,0,0,TXN005619,0.5550287561720904
1523.6918790842053,17,2,transport,0,5,433.612157768423,0,1,0,TXN004547,3.5058657514502465
2035.621297094473,19,2,utility,0,4,3851.7275603374205,0,1,0,TXN002538,0.528358485051093
289.10297688574656,14,3,transport,0,1,267.3713231148342,0,1,0,TXN005207,1.0772498847130603
20014.636921642857,1,5,shopping,1,12,282.02837207210115,0,0,1,TXN009514,70.71600905277494
1256.9292448040724,16,5,utility,0,4,1555.763923174187,1,0,0,TXN009009,0.8073987494784937
3009.6707545546847,17,6,food,0,1,772.320377405296,0,0,0,TXN003054,3.89188083295175
1826.6742128816693,12,4,utility,0,2,550.7171472534915,0,0,0,TXN003675,3.3108889618077924
295.0543943316019,13,1,grocery,0,4,599.434654763738,0,0,0,TXN007776,0.4914013406632923
854.2529872869046,22,4,utility,0,1,2150.87659448323,0,1,0,TXN007218,0.3969804725219628
2760.131043838573,20,6,transport,0,2,1066.3479371357685,0,1,0,TXN006722,2.5859712168886495
621.5349584098186,14,5,grocery,0,3,1600.2520188625983,0,0,0,TXN003300,0.388155612663213
537.4349318410239,18,5,transport,0,4,423.0116429053885,0,0,0,TXN003310,1.2675004114472959
2952.18114434886,11,5,transport,0,4,716.2216753323214,0,0,0,TXN007221,4.116134865808371
2964.3417534929195,20,4,food,0,5,1482.2409176554017,0,0,0,TXN008519,1.998557158319724
468.9905083977942,8,4,utility,1,3,3603.6739556468883,0,0,0,TXN005954,0.13010622158020668
1274.2788044104716,10,1,shopping,0,2,327.8752584778979,0,1,0,TXN000832,3.8746569453357336
519.0026645452879,17,4,grocery,1,3,737.2725185959085,0,0,0,TXN003462,0.7029960502015686
1497.0648443304344,11,6,transport,1,3,433.73503755366403,0,0,0,TXN007643,3.443625921560637
2579.1147728685646,16,0,grocery,0,4,5749.308429203574,0,0,0,TXN000054,0.448517641205165
3059.746783279041,18,4,shopping,0,2,749.6564686886678,0,0,0,TXN003451,4.0760946063971915
1058.5794432263133,14,3,grocery,0,1,1191.6664374809468,0,0,0,TXN006305,0.8875737674501505
4311.730379820108,9,1,transport,1,5,543.4659046719515,0,0,0,TXN001481,7.919192630469648
422.90135959830536,11,2,grocery,0,3,822.8215981622336,0,0,0,TXN004873,0.5133409472896876
1037.3342463639924,13,3,utility,0,4,649.9252979974234,0,0,0,TXN008038,1.5936302515132827
866.8232757012499,19,1,transport,0,4,1041.6302491035724,0,0,0,TXN003335,0.8313812844452989
1725.5032777544884,9,3,food,0,3,2516.5616472554734,0,0,0,TXN006016,0.6853867032950516
535.9456607940734,14,0,utility,0,4,1965.6767487802467,0,0,0,TXN004926,0.27251334573740826
3192.763812548713,22,0,food,0,1,1988.462834065636,0,0,0,TXN005797,1.604837123809963
104284.0542678045,5,6,shopping,0,6,472.5004514031176,1,1,1,TXN009831,220.24066494293922
5501.522948933841,11,0,food,0,2,365.3201768435409,0,0,0,TXN005083,15.0183454166752
158.9433279828251,14,1,food,1,2,537.2094631019011,0,0,0,TXN006645,0.29531871674417554
860.6706421667318,10,5,utility,0,3,1633.7661311206643,0,0,0,TXN005490,0.5264793696066636
517.6398165244588,13,0,food,0,1,847.5064468160268,0,0,0,TXN000768,0.6100599688627862
1216.0728815461628,19,2,grocery,0,1,1926.1916541507032,0,0,0,TXN002065,0.6310077562483404
21240.020960838894,2,4,shopping,1,13,288.4881529243191,1,0,1,TXN009500,73.37095057700574
2172.4662283085117,15,1,grocery,0,1,407.30346273476744,0,0,0,TXN007311,5.320714680589761
1142.6219584742942,17,5,food,0,1,526.2210722804224,0,0,0,TXN008477,2.1672539633744905
2881.732666118898,20,5,utility,0,5,1639.972017781053,0,0,0,TXN004524,1.7561132273392575
70.77979495401688,22,6,food,0,1,1370.9667432362917,0,0,0,TXN002717,0.05159002235510208
781.590500012737,19,1,grocery,0,3,1078.3572657318616,0,0,0,TXN002079,0.7241258523263631
1667.9354322073443,9,1,food,1,4,839.4917929461519,0,0,0,TXN008914,1.9844755727605357
1726.5927373139696,17,5,food,1,1,738.3430638175236,0,0,0,TXN000951,2.335306600969355
40.129031402859994,15,3,utility,0,1,499.43594131818963,0,0,0,TXN008058,0.08018814815170311
1855.5515831605398,22,0,grocery,0,2,799.755357764748,0,0,0,TXN002482,2.3172515365244397
852.7343764985877,16,2,utility,1,2,432.5356314186948,0,0,0,TXN001759,1.9669303159883629
1253.8096093006304,16,1,grocery,0,4,356.12332898159303,0,0,0,TXN004422,3.51085887577301
4333.521735051843,14,2,transport,0,4,4704.642839654936,0,1,0,TXN006704,0.9209202403830588
2181.0260705012915,10,2,food,0,5,365.8782009051967,0,0,0,TXN005182,5.944823282277489
3849.4190729006923,19,0,transport,1,2,728.3513631527428,0,0,0,TXN008533,5.277866426767116
256.7660232463472,18,5,utility,0,3,832.4726011374488,0,0,0,TXN003701,0.3080677431938805
976.4555112465289,14,4,food,0,2,555.9277445303783,0,0,0,TXN004243,1.7532894003510486
2169.6882704823493,19,4,food,0,4,1889.715606794411,0,0,0,TXN000688,1.147548717895717
341.73166174804663,19,5,transport,0,4,607.9191190962596,0,0,0,TXN003432,0.5612102675561166
466.8834722671047,19,0,utility,0,5,2946.177034997086,0,0,0,TXN004944,0.15841717912530026
2005.6294699014559,18,2,grocery,0,4,2760.2237815967287,0,0,0,TXN000966,0.7263552788690179
470.95845988944353,21,2,transport,0,5,1408.34098530489,0,0,0,TXN009484,0.334169278265585
980.3146155202434,13,4,grocery,0,2,1579.6401345416036,0,0,0,TXN002713,0.620201014827794
3555.8309501343056,19,4,grocery,1,4,2029.6221716732323,0,0,0,TXN004757,1.7511041688293503
94887.01368556639,3,6,shopping,1,6,579.1047686891121,1,1,1,TXN009545,163.56875310642022
1462.1775024955714,17,0,food,0,3,1520.622848638971,0,0,0,TXN006320,0.9609329301301102
1638.503551584229,22,0,food,0,5,887.1328505509729,0,0,0,TXN005975,1.8448856503480837
359.5573664596398,20,3,grocery,0,4,965.1308747371136,0,0,0,TXN003572,0.37216217374015315
5469.918567804051,8,1,transport,0,3,2085.3512695846184,0,0,0,TXN005299,2.621763002015036
1352.0116282393715,19,5,grocery,0,2,1084.5885368573695,0,0,0,TXN001990,1.2454181140796314
2129.4049821209683,19,0,food,0,1,2094.6011051265496,0,0,0,TXN001205,1.0161308738155
385.05296332587585,21,6,utility,0,2,3887.005057260161,0,0,0,TXN004971,0.09903612717963359
737.9794907633349,12,1,utility,0,5,1421.820374939826,0,0,0,TXN006783,0.5186736876709019
1589.0121176558202,10,5,shopping,1,2,1164.1176051829766,0,0,0,TXN003600,1.363821223357339
301.43199510334017,17,6,shopping,0,3,851.8307731779914,0,0,0,TXN006490,0.3534487785660958
1117.9582494230613,21,6,transport,0,5,2149.925038237432,0,0,0,TXN008609,0.519756955518621
20262.03931386164,5,3,food,1,10,157.29500077560348,1,1,1,TXN009978,128.00176388757083
110.00705238520906,14,1,food,1,2,581.2328783954255,0,0,0,TXN008070,0.18893995249525808
719.8669731429189,10,1,shopping,0,2,434.4953691663666,0,0,0,TXN008577,1.6529842200639282
4117.384078746324,21,0,transport,0,5,674.6857584802873,0,1,0,TXN007973,6.093637503929197
1169.5888110007666,18,2,transport,0,2,381.66170501170933,0,0,0,TXN001625,3.056456383491464
232.05275131086873,20,6,utility,0,4,729.2120559137926,0,0,0,TXN000536,0.31778816774050145
1514.2425572992763,19,6,transport,0,1,1730.68962850474,0,0,0,TXN008766,0.8744306903349519
1903.1835826619224,22,2,grocery,0,1,812.6490131271682,0,0,0,TXN007970,2.3390719486615623
3431.6133721259307,16,3,utility,0,5,6160.461945300028,0,1,0,TXN004212,0.556947913107468
262.6265655552805,17,5,transport,1,2,2566.2471231288305,0,0,0,TXN006456,0.10229890343988565
524.8427257797235,14,5,grocery,0,3,816.3413180703238,0,0,0,TXN003507,0.642134092791044
302.66343327519644,18,2,grocery,0,2,660.005789163038,0,0,0,TXN008393,0.45788318080909285
2975.2524532169373,14,3,grocery,0,1,4387.172627689873,0,0,0,TXN007112,0.6780162736631538
1107.6779339692137,8,5,food,0,5,4517.804334598118,0,0,0,TXN002708,0.24512633253188326
628.1121230280551,15,5,transport,1,3,815.7736058378694,0,0,0,TXN005031,0.7690161858055146
779.5904977810474,15,2,shopping,0,3,7580.247595549249,0,0,0,TXN006514,0.10283142556097553
1387.5809253337416,14,2,grocery,0,5,5323.797945887714,0,0,0,TXN004662,0.26058846540935054
59.819952282663536,11,0,grocery,0,4,4364.43537737242,0,0,0,TXN004021,0.013703089637457765
126.30455753452001,21,0,shopping,0,1,2073.254062036769,0,0,0,TXN001854,0.060891556076066194
935.7599444293767,19,2,shopping,0,1,580.192262324065,0,0,0,TXN009425,1.6100695158732334
1526.3175161777567,21,3,shopping,0,5,2168.6715402760237,0,0,0,TXN002872,0.7034786085563808
5119.194474807023,10,2,transport,0,5,1180.7157269816328,0,0,0,TXN003030,4.332001646354149
199.3803075668813,19,4,transport,1,2,1839.2775898849484,0,0,0,TXN001645,0.10834251781512282
647.3802806698806,17,5,grocery,0,5,1057.6710978254544,0,1,0,TXN003417,0.6115027433918062
2327.344919007516,22,2,transport,0,3,1290.031126292788,0,0,0,TXN003476,1.8027024070988251
99307.04416717909,3,0,transport,1,9,714.1793008123028,1,1,1,TXN009552,138.8561498555479
228.84401833577172,15,4,grocery,1,1,1021.7214546617657,0,0,0,TXN001792,0.22375986862567088
685.5834335172713,9,2,transport,0,2,213.82125585122168,0,0,0,TXN003797,3.191413395293082
538.4421643595243,10,2,transport,0,2,460.78928302151337,0,0,0,TXN003368,1.1659910356439345
1447.2509092759528,9,6,food,0,1,737.068210313597,0,0,0,TXN007196,1.9608633579558075
5000.0,4,3,shopping,1,12,219.7525831651496,1,1,1,TXN009641,22.649791582549213
1495.280096620852,22,2,grocery,0,3,705.8462624124504,0,0,0,TXN005109,2.1154247764110607
531.1719789150845,9,1,grocery,0,2,1733.2088550654742,0,0,0,TXN006024,0.3062906623752826
4692.093564581506,14,3,shopping,0,4,1588.2604739607007,0,0,0,TXN008795,2.9523754233237995
2732.7693991913493,22,3,transport,0,1,3174.186113239474,0,0,0,TXN009294,0.8606643206823709
3300.198383257181,20,5,utility,0,4,3024.235340392634,0,0,0,TXN000126,1.0908898025860232
1039.9708969842663,20,1,grocery,1,2,197.7368091349565,0,0,0,TXN005959,5.232905275630403
1087.5026641234665,10,1,grocery,0,1,1435.937463153272,0,0,0,TXN003876,0.7568197586950013
85.40971456206714,16,1,grocery,0,2,2331.146595986101,0,0,0,TXN004451,0.03662278979763421
436.27909448327654,11,2,food,0,3,774.075209414568,0,0,0,TXN007147,0.562886142123947
1946.0536599996608,19,4,transport,0,2,1764.7576913718822,0,0,0,TXN003531,1.1021068573048094
859.7053355311382,13,0,food,0,1,302.10749614383525,0,0,0,TXN000827,2.836305094622858
528.4791368752483,16,3,transport,0,2,362.03869570362053,0,0,0,TXN007790,1.4557102125187529
7972.107257173962,18,4,food,0,4,1202.3319838968969,0,0,0,TXN000984,6.625027310715131
2244.554852314608,8,5,grocery,0,1,1490.185585115336,0,0,0,TXN007783,1.5052149609808645
6844.338790175313,20,0,grocery,0,3,1354.1355963488686,0,0,0,TXN002443,5.050667113029841
1602.185050403332,14,1,grocery,1,4,652.5883783923362,0,0,0,TXN008554,2.451367104085153
4746.7265091416775,17,0,transport,1,1,661.9262144607,0,0,0,TXN000345,7.160263699940133
2601.708308446714,21,5,grocery,0,5,1079.6866121290566,0,0,0,TXN000814,2.407458627919058
6351.06622746199,14,6,grocery,0,5,457.2763162280944,0,0,0,TXN006166,13.858595791585532
1120.651410466267,11,2,grocery,0,4,2208.930149244903,0,0,0,TXN005779,0.5070981138698774
3027.1968208896997,14,2,transport,0,1,500.50988109170214,0,0,0,TXN002116,6.036165856393506
9802.73788036885,17,1,shopping,0,2,1790.8670563731318,0,0,0,TXN000793,5.470683690234418
1424.5699584039821,12,2,food,0,5,390.906364560432,0,0,0,TXN006898,3.6349753084561436
566.1521666879256,21,6,grocery,0,4,1947.9984740474956,0,0,0,TXN002674,0.2904836377384095
4660.808203862596,19,2,grocery,0,4,489.89152500302384,0,0,0,TXN000094,9.49457867261792
546.9291426058583,18,2,grocery,1,3,236.66536788589673,0,0,0,TXN004225,2.3012572150118196
71.56424767260418,10,6,grocery,0,1,491.0661123585798,0,0,0,TXN003756,0.14543624499882993
3702.351704352973,18,2,transport,0,4,1794.6033763758091,0,0,0,TXN002891,2.061898386394041
321.23451539511154,20,2,food,0,1,1452.6381775348614,0,0,0,TXN002371,0.22098657035815755
799.8564767139142,14,4,grocery,0,5,1100.6552052352722,0,0,0,TXN009388,0.7260497412555635
110.90868367239703,9,2,grocery,0,2,4134.578444082067,0,0,0,TXN003228,0.026818179166956734
2882.112292617535,17,1,food,0,4,2203.4604101075415,0,0,0,TXN007863,1.3074003413274884
1149.0395909859487,18,6,shopping,0,3,278.0285404136565,0,0,0,TXN006359,4.118000220631592
1072.5559063373519,19,6,transport,0,2,596.2793743673304,0,0,0,TXN009196,1.7957357182699625
1717.4241829027803,11,5,transport,0,1,358.99280990064665,0,0,0,TXN007326,4.770718013442455
6511.98573169278,18,6,transport,0,1,751.2992680280973,0,0,0,TXN006028,8.656110684198573
244.495764275389,22,4,transport,0,2,1819.1895971936792,0,0,0,TXN001865,0.13432433887785436
694.944268068515,15,2,grocery,0,3,997.820220106855,0,0,0,TXN004612,0.6957651177648057
3354.0834497118963,13,3,food,0,1,1634.4552527693802,1,0,0,TXN002645,2.050856141757652
1323.376595685794,22,1,grocery,0,5,451.5839039922894,0,0,0,TXN002243,2.9240469756262923
1178.9095939521126,19,0,transport,0,3,712.4151513314993,0,0,0,TXN005373,1.6524874636483775
3055.730967700395,14,3,shopping,0,4,915.2805394410143,0,0,0,TXN002336,3.334929463376547
189.51997184582862,17,5,shopping,0,1,833.4133425446339,0,0,0,TXN000950,0.2271296037379591
497.6927422532239,21,4,grocery,0,4,1537.1178516781056,0,0,0,TXN001120,0.32357256741428164
1886.3970567448014,19,5,transport,1,3,1037.687940190974,0,0,0,TXN002204,1.8161345518250334
1750.5584037182903,19,5,transport,0,1,2692.423530716251,0,0,0,TXN000419,0.6499380375030627
602.8815034967,21,0,utility,0,4,856.7131336108955,0,0,0,TXN000922,0.7028941027854183
610.6689398861541,20,6,shopping,0,2,972.5642960336812,0,0,0,TXN008669,0.6272507551622739
2097.5950383922527,12,4,shopping,1,5,1782.9850602288468,0,0,0,TXN005408,1.1757918186395442
565.7005191620581,22,0,grocery,0,3,4865.800337971081,0,0,0,TXN005788,0.11623664006686842
341.4417967823806,20,4,shopping,0,5,425.9378108545629,0,0,0,TXN005742,0.7997459772863579
668.0421344828937,18,1,food,0,2,1122.944120088012,0,0,0,TXN007667,0.5943730854080022
1865.1283143587264,18,2,grocery,1,3,628.5658335010537,0,0,0,TXN005567,2.9625627934518537
2262.1592369869586,8,0,grocery,0,3,619.0742815181671,0,0,0,TXN008135,3.648206842974314
258.9925265371249,8,0,transport,0,2,1644.5091500578717,0,0,0,TXN001202,0.15739354991007876
3382.0529590777574,19,6,transport,0,2,392.2325655775522,0,0,0,TXN005765,8.60064311843155
5833.392908593738,9,3,grocery,0,2,272.33156620264265,0,0,0,TXN008389,21.341819350162343
1656.324001828947,8,6,grocery,0,3,317.6155519081899,0,0,0,TXN001970,5.198503311935703
2550.262057499066,12,1,food,0,4,1080.8279582899604,0,0,0,TXN004018,2.3573637914943992
1897.8240528713543,13,6,utility,0,4,286.20579050338984,0,0,0,TXN003687,6.607889240481573
2269.1667869604034,9,6,grocery,0,4,170.70798034706783,0,0,0,TXN001997,13.215266887268777
228.04088992068696,22,1,grocery,1,2,1189.6866133190192,0,0,0,TXN004033,0.1915204952922304
155.30749579162367,21,5,food,0,4,1604.4396507059882,0,0,0,TXN001248,0.09673829578292001
13771.68110178426,18,6,shopping,0,4,830.8838563983011,0,1,0,TXN002192,16.554812304460036
2141.8781676503986,13,1,grocery,1,2,1516.6973185640543,0,0,0,TXN002712,1.411268334898887
1780.65160757381,11,2,grocery,0,4,1623.6780917499739,0,0,0,TXN002190,1.0960027199331739
13691.209678911062,13,6,transport,0,1,586.8291629421714,0,0,0,TXN004670,23.291137190922182
866.2110066011659,16,6,grocery,1,2,1140.8262419961327,0,0,0,TXN005142,0.7586189340742965
566.2174085279643,10,2,grocery,0,5,593.5772564585102,0,0,0,TXN005984,0.9523025012771829
1958.5744595268372,13,5,grocery,1,4,5667.168577409417,0,0,0,TXN006565,0.34553920420305945
1925.074332153472,9,1,grocery,0,3,1705.9964917511807,0,0,0,TXN007804,1.1277552950203011
3688.5323786250747,8,2,food,0,1,1430.9941477322448,0,0,0,TXN006943,2.5758012939273263
1016.1344811130275,9,2,food,0,2,6198.185024681036,0,0,0,TXN002136,0.16391420437806825
1116.833201670973,19,3,shopping,0,4,1453.4185942170495,1,0,0,TXN001065,0.7678897987908307
99.87483097000964,10,5,transport,0,2,823.9346035967249,0,0,0,TXN000600,0.12106999819689242
4256.092284652233,17,2,grocery,0,5,969.2548082101845,0,0,0,TXN004227,4.386571701204333
3107.788730300753,18,5,transport,0,1,2043.2797144058313,0,0,0,TXN007577,1.5202365451266193
1063.3860658467765,9,5,grocery,0,5,1958.7676023444517,0,0,0,TXN000077,0.5426082483324338
664.3187254385365,19,0,shopping,0,1,1492.4070222580835,0,0,0,TXN007546,0.44483433888911506
835.7002198918375,14,6,shopping,0,2,922.1958312515179,0,0,0,TXN002898,0.9052252963046116
2044.2149867649844,12,3,grocery,0,2,2599.8082980897866,0,0,0,TXN004820,0.7859921810717065
1151.5318669929206,20,1,food,0,3,2400.4886301807405,0,1,0,TXN009302,0.47950752400866214
155.8820346744074,13,2,grocery,0,2,1240.413456642759,0,0,0,TXN006413,0.12556818507185355
258.36925928688237,15,3,utility,0,5,1492.2967225665514,0,1,0,TXN009064,0.173019370753603
845.8330811147845,11,2,shopping,0,5,938.6502760996206,0,0,0,TXN008007,0.900157327283231
1427.69864209257,20,4,utility,0,4,1418.648949289164,0,0,0,TXN005468,1.00567019952886
1262.017583106216,10,3,transport,0,4,604.9234677257633,0,0,0,TXN005951,2.082800304538454
1760.471017056408,21,5,grocery,0,4,1077.202185065232,0,0,0,TXN003391,1.632783759337214
1560.9333902724263,13,6,shopping,0,5,1396.040259239601,0,0,0,TXN005415,1.1173145368924666
1261.2030657883477,19,1,grocery,0,4,384.8562235427306,0,0,0,TXN002560,3.268582930213329
1361.4497603985728,14,4,utility,0,5,777.405176532964,0,0,0,TXN008162,1.7490245458830374
681.6153891678115,17,2,transport,0,2,873.2382312713148,0,0,0,TXN002635,0.7796677893811716
1672.3227736140282,9,5,food,0,2,1125.9931721814687,0,0,0,TXN005256,1.4838801289070724
599.8641129934751,12,5,transport,0,3,790.8017977998677,0,0,0,TXN003530,0.7575937749324158
632.393444826671,21,6,shopping,0,1,938.5725193082453,0,1,0,TXN008567,0.6730650714351106
742.9259962470289,12,2,grocery,0,1,384.11751960348994,0,0,0,TXN001908,1.929089066142543
206.07470046454668,18,3,utility,0,4,1039.262236539351,0,0,0,TXN000235,0.1980987997315918
407.2294462611913,9,2,transport,0,3,1043.0805809030903,0,0,0,TXN001604,0.3900364145351245
1682.0506353835572,14,4,transport,0,1,1200.750670917134,0,0,0,TXN007984,1.3996668993742898
994.9117413935251,9,3,transport,0,5,737.4107102477695,0,0,0,TXN003490,1.347369055711134
434.3439520705543,19,1,grocery,0,2,2334.9645026083836,0,0,0,TXN001994,0.18593773646198705
1315.9053983352503,12,1,grocery,0,5,1437.027965994983,0,0,0,TXN002824,0.9150763611365268
667.0506473758403,18,4,grocery,0,3,1597.5526124372147,0,0,0,TXN009285,0.417284137028702
1022.2653544949546,21,0,grocery,1,3,1767.3620544074104,0,0,0,TXN001342,0.578086004473514
316.93627462811867,18,2,grocery,0,5,1215.4998839009404,0,0,0,TXN008512,0.26053128226515043
4347.407761374831,18,0,shopping,0,3,4176.383211311834,0,0,0,TXN001619,1.0407012096957233
143.40088964920642,8,6,grocery,1,2,939.2316916465958,0,0,0,TXN005287,0.15251654557407368
798.62952702146,8,5,transport,0,2,1540.868609725699,0,0,0,TXN002060,0.5179621155680298
85632.75198396714,3,6,shopping,1,13,856.3655719467123,0,1,1,TXN009955,99.87892538014049
593.9458226386927,9,5,food,1,2,3577.8085553967007,0,0,0,TXN002219,0.16596188743961898
401.1935699101914,9,5,grocery,0,2,1373.9587433500749,0,1,0,TXN006038,0.2917858967409355
4081.5274637392627,17,3,grocery,0,4,2391.1893717906496,0,0,0,TXN000260,1.706189113566739
1988.5426721505949,15,2,transport,0,1,983.5435883254505,0,0,0,TXN009365,2.019760928546378
228.2002003261764,18,5,transport,0,1,1849.9354062125449,0,0,0,TXN009093,0.12328912157617018
4013.0126957821617,8,0,transport,0,3,1335.4497259966317,0,0,0,TXN003744,3.002741231279414
333.9725760418839,18,6,transport,0,4,1378.425032281492,0,0,0,TXN002026,0.24210998657137017
414.03058300173376,10,2,grocery,0,1,375.17608329630974,0,0,0,TXN006988,1.1006297353455254
506.3186778199494,8,4,utility,0,2,276.25472516504584,0,0,0,TXN004234,1.8261859289090385
1610.3538583914212,16,0,grocery,0,2,1497.6171837761385,0,0,0,TXN001917,1.074559851458352
1373.7090852475994,19,3,utility,1,3,197.70133539899862,0,0,0,TXN001828,6.913436603177064
295.10742399839773,10,3,grocery,0,4,2004.0994515441762,0,0,0,TXN006233,0.14717844731897378
2170.369063225737,14,2,transport,0,2,847.4941541289314,0,0,0,TXN009332,2.5579069138712565
1041.3800260312148,18,3,food,0,2,1009.4211525051733,0,0,0,TXN006283,1.0306395738542133
3382.5781017345366,9,5,utility,0,5,1658.807677476865,0,0,0,TXN004208,2.037933760420074
5637.588288969538,11,4,grocery,0,5,2119.9600856251345,0,0,0,TXN000224,2.6580360126427873
493.4786560646691,15,2,utility,0,5,2743.2173378321936,0,0,0,TXN008915,0.17982491738591475
399.1787840435088,19,1,grocery,0,5,879.2198651719915,0,0,0,TXN006469,0.4534989493397889
869.0500873873489,9,4,grocery,0,4,1436.6387564300935,0,1,0,TXN009413,0.6044982326056311
752.6327894284746,9,5,utility,0,5,369.96222029016724,0,0,0,TXN000846,2.0288664135117696
2163.281093751544,20,4,grocery,0,3,803.6223532663435,0,0,0,TXN004289,2.688566984212856
1852.3866726698238,13,0,grocery,0,5,1114.058490854008,0,0,0,TXN005560,1.6612461927903948
2073.244723718339,9,1,grocery,0,2,1212.2259597689995,0,0,0,TXN002551,1.7088694047670139
4890.404553068789,10,5,transport,1,1,1901.2061486825135,0,1,0,TXN000117,2.5709119679041783
722.9268296287075,16,1,transport,0,2,568.0051971349894,0,0,0,TXN008837,1.2705100643521927
1946.2446286075187,21,6,grocery,0,1,372.75292638134874,0,0,0,TXN005966,5.207302715863475
891.8033035698417,12,5,shopping,1,3,336.9810182957367,0,0,0,TXN008195,2.6386194942743946
552.2155578800222,21,6,shopping,0,4,231.78236384291435,0,0,0,TXN008659,2.3722396695510275
798.529260868697,20,2,food,0,4,1788.6052943870588,0,0,0,TXN007489,0.4462041229835509
116.52246248977113,10,1,grocery,1,3,945.6781392855887,0,0,0,TXN000005,0.1230856165937294
1453.2873468313592,9,5,shopping,0,1,587.2614488707626,0,0,0,TXN005342,2.4704786445229687
770.8710077271072,15,0,grocery,0,2,1511.4956416563205,0,0,0,TXN009111,0.5096682506026485
358.44242973963765,20,2,transport,0,3,1659.5452864129416,0,0,0,TXN004324,0.21585826816800274
1350.8536035958214,14,2,grocery,0,1,552.3209434024549,0,0,0,TXN001063,2.4413563587331732
707.0843809781214,20,5,food,0,2,524.0800642708214,0,1,0,TXN002590,1.3466220279378716
2132.618937438581,22,6,food,0,5,1161.4668606028604,0,0,0,TXN008434,1.8345632118343531
1314.8279025748366,15,3,grocery,0,3,1161.3996929774041,0,0,0,TXN003735,1.131132355349302
519.3462176277001,13,1,utility,0,2,2518.847654195912,0,0,0,TXN003517,0.20610222874502482
1102.2241766684563,14,0,shopping,0,1,3213.5920658990717,0,0,0,TXN006986,0.3428815084691566
2591.7408395784432,11,0,grocery,0,1,1054.3015952722544,0,0,0,TXN006767,2.4559243075054833
436.0603812497722,20,1,transport,0,1,2978.1727029415742,0,0,0,TXN005622,0.1463696216131462
778.0637263607356,15,3,shopping,0,1,1111.535252715595,0,0,0,TXN001605,0.6993609635843487
960.4442345575309,14,2,transport,0,5,1711.0654240227925,0,0,0,TXN001733,0.5609857083036008
2975.9082591472657,16,4,food,0,1,629.5380797083325,0,0,0,TXN009341,4.7196328896168005
469.2310746670981,11,5,transport,0,2,1343.0614920465,0,0,0,TXN003812,0.3491142908592937
27296.74212781164,2,5,transport,1,10,680.031225013066,0,1,1,TXN009624,40.081483969091046
4883.950787964741,20,2,utility,0,4,451.7426469973871,0,0,0,TXN001761,10.787476771528722
992.2470722669938,22,4,utility,1,5,224.43092909791304,0,0,0,TXN005401,4.40155694800878
2540.063957318003,9,1,shopping,0,4,537.725375071674,0,1,0,TXN002739,4.714951392404829
2553.635469205406,21,5,food,0,5,1619.020188502721,0,0,0,TXN002472,1.576298546974013
2963.131832529349,11,2,grocery,1,4,311.6415888397012,0,0,0,TXN006738,9.477727654616729
3646.1133068561066,21,3,transport,0,5,605.5656410349012,0,0,0,TXN006891,6.0110778787852785
1697.6795415765914,10,0,transport,0,5,107.64924827830303,0,0,0,TXN007943,15.625322480170473
513.5435307720095,16,5,food,0,1,460.0959191634623,1,0,0,TXN004206,1.1137455558134186
1329.819892012495,13,4,transport,0,5,613.5354265237771,0,0,0,TXN006371,2.1639434190716145
732.0456244632638,16,2,grocery,0,2,983.9489810310803,0,0,0,TXN000232,0.7432320237510495
705.2301438282442,17,4,grocery,0,1,5807.819166511855,0,0,0,TXN008258,0.12140679949101062
1139.2033778033888,17,2,transport,1,1,1553.8739483965155,0,0,0,TXN007561,0.7326660652962945
1133.2397093211775,8,1,food,0,3,2103.883229458212,0,0,0,TXN006168,0.538386022303417
296.75344888150767,11,2,grocery,0,4,3253.3797752016544,0,0,0,TXN003596,0.0911858693145669
2485.710309003781,22,5,transport,1,1,386.9721029715775,0,0,0,TXN006288,6.406930524037914
386.47676051700313,20,5,transport,0,5,2353.0653213683954,0,0,0,TXN004632,0.16417418710044457
2551.5489167237356,14,5,food,0,2,441.90236707380484,0,0,0,TXN000125,5.760973763995594
400.0216108260444,12,1,transport,1,4,426.71023253217834,0,0,0,TXN007641,0.9352631300350038
1597.8089474514143,13,5,transport,0,5,910.4769080212676,0,1,0,TXN006229,1.7529889494623734
655.8362872189942,10,3,utility,0,3,2837.329911945874,0,0,0,TXN001296,0.2310641495404502
1438.9710441759535,11,3,food,0,3,3630.8125873417016,0,0,0,TXN001976,0.3962129128555077
1159.193656595482,9,2,transport,0,1,7864.282731121057,1,0,0,TXN009480,0.14738105370437962
32654.62039592913,2,6,shopping,1,9,344.1840710857116,0,1,1,TXN009581,94.60060046577514
645.4259032468912,11,0,grocery,0,3,1254.9187095989228,0,1,0,TXN005750,0.5139073877265573
1815.8682656067328,9,3,shopping,0,1,968.5221783437984,0,1,0,TXN008152,1.8729517551715202
2505.2545272465704,14,2,utility,0,2,2310.893525866004,0,0,0,TXN003086,1.0836375028595384
1810.3022274402995,12,5,grocery,1,2,501.6333587613533,0,0,0,TXN009276,3.6016356572541337
5785.107717519697,12,4,utility,1,4,241.42430389054041,1,0,0,TXN006882,23.86356328419857
344.46696507578696,10,1,grocery,0,3,1117.973296473695,0,0,0,TXN009305,0.3078419888672337
1188.4260205110716,15,5,transport,1,4,989.822661687586,0,0,0,TXN007673,1.1994336287049836
891.440158825348,18,3,food,0,4,1182.1086768304106,1,0,0,TXN003345,0.7534727589130251
449.96433311073264,15,2,food,1,1,588.8593610168439,0,0,0,TXN008172,0.7628332494970501
2158.2014025524218,16,4,food,0,2,1045.206804787378,0,0,0,TXN009421,2.062882207109173
875.7492179441115,11,3,transport,0,3,938.254147628282,0,0,0,TXN005870,0.9323879166841825
1007.3046740472528,19,2,utility,1,1,3403.5747346883877,0,0,0,TXN006506,0.2958679872067631
5295.360600331847,17,6,transport,1,3,914.7200572925725,0,0,0,TXN002797,5.782728638693539
632.7498532718861,19,3,food,0,5,1042.2680840692287,0,0,0,TXN000918,0.6065074384369822
855.8077781357294,9,6,grocery,0,2,1177.9794738138173,0,0,0,TXN001646,0.7258886156578476
536.1892804371781,8,3,transport,0,2,493.2395109960707,0,0,0,TXN005122,1.0848774096521816
970.9381278365553,16,0,grocery,1,4,346.6890347634036,0,0,0,TXN005126,2.7925474511937427
1012.9312341867103,19,5,transport,0,2,1531.8853330181719,0,0,0,TXN004621,0.6608003954165972
1110.598639894711,12,3,transport,1,3,404.6819709106986,0,0,0,TXN006809,2.7376090620975195
693.0645599660949,22,6,transport,0,2,954.2633505627296,0,0,0,TXN000364,0.7255219825588642
555.6252761373592,18,4,grocery,0,1,2049.061632833615,0,0,0,TXN002125,0.2710285716480477
1125.9037086512967,16,0,grocery,0,3,3693.463509411166,0,0,0,TXN008150,0.304754318396488
384.83537473539593,18,2,shopping,0,1,1267.2258818581067,0,0,0,TXN008717,0.30344387402941564
1428.371424333874,21,0,grocery,0,3,2895.18393112227,0,0,0,TXN000055,0.4931908533103354
217.6369069955845,12,1,transport,0,1,3803.8727617159884,0,0,0,TXN000638,0.05719952298678991
494.73864149504897,16,3,food,0,3,1111.280478804014,0,0,0,TXN000302,0.4447966595862759
2718.892093657714,22,2,grocery,1,3,1166.0436336271546,0,0,0,TXN005811,2.3297261690271487
777.9519988568575,11,4,utility,0,2,511.88923492722256,0,0,0,TXN001276,1.5168031338525687
735.6418283790375,15,5,grocery,0,1,1495.275964455859,0,0,0,TXN004432,0.49164849657032594
3587.328418898406,19,2,transport,1,5,809.1714285839896,0,0,0,TXN003644,4.427863403142107
56.443883446858905,20,6,utility,0,5,460.23494206220596,0,0,0,TXN004143,0.12237555809300853
923.5173033734441,16,2,utility,0,1,4532.657277881451,0,0,0,TXN002878,0.20370249596921403
268.8464272435176,11,3,transport,0,3,310.15392065413624,0,1,0,TXN006493,0.8640303380343852
232.94387735995284,22,4,food,0,4,3278.227579071221,0,0,0,TXN005240,0.07103620341773588
1616.9133236030113,10,2,grocery,0,1,1455.8349345214342,0,0,0,TXN009408,1.109880937976108
540.1321536726145,19,1,utility,0,5,1569.3123408490285,0,0,0,TXN006937,0.3439647894383729
1886.5484652983148,20,4,shopping,0,1,191.34207874577842,0,0,0,TXN007240,9.808298202869045
411.26392279922504,15,4,transport,1,4,752.7966925654781,0,0,0,TXN002593,0.5455899805019386
883.226154446478,10,0,utility,0,3,819.926062558981,0,0,0,TXN002393,1.0758900158356477
423.8201991074301,20,1,transport,1,5,2537.9924399707998,0,0,0,TXN000523,0.16692456126899863
108.43387111866737,19,1,food,0,4,1659.3073236271166,0,0,0,TXN006376,0.06530951804861171
371.60886545328293,16,3,grocery,0,5,1329.0213172270776,0,0,0,TXN006981,0.2794006837635049
167.8315579814464,11,1,transport,0,2,4583.723570765879,0,0,0,TXN006677,0.03660669076138217
935.2842824359252,14,5,food,0,5,665.6523852094108,0,0,0,TXN003900,1.4029564780483474
5924.093026306137,1,6,grocery,1,9,720.9627111400212,1,0,1,TXN009634,8.20553878323113
719.0954503999077,8,4,grocery,0,1,225.66607754982533,0,0,0,TXN005585,3.1724881736740578
2731.4894187193263,15,2,utility,0,2,767.3443443795936,0,1,0,TXN009360,3.5550328946911054
1048.769002632964,18,4,grocery,0,2,3075.463744038419,0,0,0,TXN007956,0.34090081661624383
222.69957697486456,13,5,grocery,0,4,487.9171068658437,0,0,0,TXN007570,0.4554955714322595
373.59899876016215,14,0,transport,1,5,1553.556751784867,0,0,0,TXN006777,0.24032509480996034
3881.0303019086496,21,5,grocery,1,3,399.457777249952,0,0,0,TXN000671,9.691484402077783
808.7921636924502,18,6,food,0,2,1378.1330728524983,0,0,0,TXN004188,0.586449690470843
6284.609394666971,11,1,transport,0,1,2548.3226981149237,0,0,0,TXN000666,2.4652074840560885
53.594327348850335,15,5,transport,0,2,326.5139315568447,0,0,0,TXN003266,0.16363983997287848
6288.580393373334,11,3,transport,0,1,1175.2584522603672,0,0,0,TXN001887,5.346257347854826
1468.5572301640987,14,2,transport,0,5,5580.716595624051,0,0,0,TXN008472,0.2631013604874559
3990.674756621219,9,1,grocery,0,5,3948.577843016521,0,0,0,TXN009091,1.0104053940036564
2197.977122677458,12,2,utility,0,2,216.52279720502918,0,0,0,TXN007687,10.104582834164841
2617.7232146381925,13,6,food,1,3,2360.0110590590534,0,0,0,TXN006031,1.1087297556672386
436.77438231454846,14,3,shopping,0,3,2168.4363004177976,0,0,0,TXN006090,0.20133081677965511
999.6453886389467,21,0,grocery,0,1,547.0912563072452,0,0,0,TXN006238,1.8238666958017888
178.34742964921986,12,0,grocery,0,2,315.4699106384689,0,0,0,TXN007350,0.5635525642529777
593.8557230529731,11,6,utility,0,4,148.10376334090012,0,0,0,TXN007830,3.982835240014862
652.8595373342433,10,6,transport,0,3,1583.2692427288803,0,0,0,TXN000760,0.41208875343038437
1056.7906502344301,14,1,grocery,1,3,174.32192653719355,0,0,0,TXN006254,6.027715249924761
330.974733179851,22,4,transport,0,2,695.2102553994899,0,0,0,TXN001906,0.4753947972081158
1022.6454547319155,20,1,transport,0,2,2318.789814666666,0,0,0,TXN003818,0.4408353930456673
1204.6043860178136,17,2,food,0,5,1121.2189811281748,0,0,0,TXN006269,1.073412949054574
1096.1083059592004,9,0,grocery,0,1,2449.853510829992,0,0,0,TXN004300,0.44723534112326385
633.4588095611156,22,5,transport,0,1,817.6344176714922,0,0,0,TXN005569,0.7737993857660096
744.6510769085337,17,4,transport,0,3,1727.1427514826914,0,0,0,TXN007941,0.43089673944449713
1213.6928878933936,17,0,utility,1,3,401.1703729419774,0,0,0,TXN004164,3.0178575289246816
144.90355584477118,11,0,grocery,0,1,1243.4862941433798,0,0,0,TXN005971,0.11643644170827368
5230.983082987049,15,2,food,0,3,714.172847832147,0,0,0,TXN003579,7.314292060784129
7299.107402215621,9,2,grocery,1,1,953.0905991559091,0,0,0,TXN002832,7.650329443213458
1382.3337599757187,9,6,utility,0,3,976.9268965121897,0,0,0,TXN005449,1.4135348612517562
6841.373707153653,17,3,grocery,0,3,445.9219022037396,0,0,0,TXN003472,15.307761095214476
806.9904098380913,14,3,transport,0,2,2814.03721377408,0,0,0,TXN006327,0.2866713114446437
763.8503481749193,18,0,utility,0,4,642.2220022832344,0,0,0,TXN000137,1.1875376549052932
1354.761434408854,10,3,grocery,0,5,708.2687440808165,0,0,0,TXN007043,1.9100819621828533
4169.176852605351,17,2,utility,0,4,844.8494915342571,0,0,0,TXN004892,4.928981922118349
736.8993409768213,12,3,grocery,0,4,816.7663632554398,0,0,0,TXN002180,0.9011123153113126
1128.7305744496282,15,4,grocery,1,4,253.85616181386527,0,0,0,TXN007730,4.428892620905116
1310.062073869038,21,1,transport,0,2,491.76842574595344,0,0,0,TXN003177,2.6585755203082755
2763.787686349401,17,1,transport,0,3,1754.7075298441282,0,0,0,TXN004854,1.574173169146669
1181.185282718116,17,1,food,0,2,801.1931350726876,0,0,0,TXN004637,1.4724450148916912
1788.2442126450173,17,3,transport,1,4,1460.5410513449142,0,0,0,TXN005115,1.2235333458471591
4952.796766359253,12,3,transport,0,4,1802.6868605594664,0,0,0,TXN007648,2.7459293931004174
2484.910941001535,21,3,grocery,0,4,549.8574927086178,0,0,0,TXN004261,4.510986913844079
598.1946291359552,18,2,utility,0,5,1915.4724213568654,0,0,0,TXN001331,0.31213317889147213
2432.522734327764,20,6,food,0,2,5465.7975321306585,0,0,0,TXN007002,0.44496301903094254
1948.0062985452726,21,6,utility,0,1,535.052621751003,0,0,0,TXN006941,3.6339833432437225
2179.491729652893,17,4,transport,0,5,852.9715539458374,0,0,0,TXN008017,2.5521830552579807
406.9969869628232,9,0,transport,0,4,3766.7600874956047,0,0,0,TXN006241,0.10802094016377523
7411.648773603405,4,4,shopping,1,8,550.7960120325997,1,1,1,TXN009987,13.43186360898442
838.795901335125,11,2,grocery,0,2,6789.814493008189,0,0,0,TXN006881,0.12351918936951493
1687.973231453161,12,2,utility,1,2,857.6013603993946,0,0,0,TXN004530,1.965956856471749
637.2748436925976,9,3,utility,0,2,2550.845980639286,0,0,0,TXN004673,0.24973091970579986
571.0073551055087,18,2,utility,0,2,1207.2836498999277,0,0,0,TXN006996,0.47257724223347775
2036.6939701799554,9,3,food,0,3,487.25704796632834,0,0,0,TXN001252,4.171356007379973
4532.660773928362,20,2,grocery,0,3,655.7603263106902,0,0,0,TXN003374,6.9015447376218635
570.3544274840377,16,2,utility,1,1,485.37646129648533,0,0,0,TXN002814,1.1726604243217296
1245.352522216849,21,2,utility,0,5,2608.025186453487,0,0,0,TXN004719,0.4773248371395324
1242.4836639965752,15,5,transport,0,1,1140.7985993504265,0,0,0,TXN006544,1.0881811071614809
628.8139528891394,21,6,transport,1,3,1148.0076478390304,0,1,0,TXN004858,0.5472669864920104
2329.318866337029,11,6,shopping,0,3,1319.3706215256523,0,0,0,TXN007901,1.7641401803120735
888.6222478303222,12,1,grocery,0,3,1081.261289016633,0,0,0,TXN008580,0.8210792133549786
1190.3824599534003,22,1,utility,0,1,2524.9599390986236,0,0,0,TXN008427,0.47125943746288484
408.7310104421718,18,1,food,0,4,2841.5406934061125,0,0,0,TXN001077,0.14379073319524033
5637.081747916524,15,0,transport,0,1,526.584262719437,0,0,0,TXN004363,10.684704124531965
250.4709076067221,9,0,shopping,0,4,712.5609599756128,0,0,0,TXN000770,0.35101543057411994
2792.5704134544735,18,6,grocery,0,5,889.82030705033,0,0,0,TXN008865,3.1348302136276933
4411.283140480189,20,5,utility,1,2,572.0427892010838,0,0,0,TXN000249,7.697999562354228
476.2014377598094,14,4,grocery,0,3,2134.4745334242134,0,1,0,TXN007239,0.2229956060380757
824.1177761427708,8,6,shopping,0,3,1294.2083666752237,0,0,0,TXN003419,0.6362820047698319
879.3744920197619,9,0,food,0,2,2637.039079887566,0,0,0,TXN004976,0.3333439973365524
5832.858455514526,14,5,shopping,0,3,552.725472967418,0,0,0,TXN004544,10.533845272199967
5872.616769478336,8,4,food,0,3,4267.161171527839,0,0,0,TXN005565,1.375912608139904
5736.865820395511,15,0,transport,0,4,1318.7313601438177,0,1,0,TXN007939,4.346995148899346
4843.909246570456,20,5,utility,0,1,490.5377663108601,0,0,0,TXN000716,9.854602389813225
17352.31099768936,0,0,food,1,5,501.8576251659892,1,1,1,TXN009652,34.50740354580783
585.4963782359314,16,3,food,0,1,707.1314380409962,0,0,0,TXN002048,0.82681878925708
3968.931073641848,19,4,food,0,5,519.0118140800155,0,0,0,TXN005997,7.632386353882219
126.33587092001864,16,1,grocery,0,5,1101.6016336514263,0,0,0,TXN006600,0.11457979660490702
1213.5766370002934,8,0,food,0,1,701.3506079388646,0,0,0,TXN007245,1.7278786738174616
363.5273530818683,12,4,transport,0,3,1939.9152404754457,0,0,0,TXN004178,0.18729687185763907
7309.197370454683,20,4,shopping,1,1,1211.1427292082258,0,0,0,TXN004809,6.029980788837521
87.5101598930402,17,4,grocery,0,1,1278.4702198964178,0,0,0,TXN009482,0.06839562072818292
8475.532804253033,22,2,food,0,2,1426.5469344972532,0,0,0,TXN007140,5.937130751668005
1448.3852526538365,16,4,transport,1,5,2937.1047355270366,0,0,0,TXN007190,0.49296583445110764
1737.870252745657,13,6,grocery,0,2,324.92658926862936,0,0,0,TXN001460,5.332091059662827
603.6611128014241,20,2,utility,0,3,183.53771912128522,0,0,0,TXN005989,3.271207185587219
839.0199473009897,11,6,food,0,5,729.4447685069777,0,0,0,TXN002000,1.1486425578978938
638.9722080399024,12,4,utility,1,1,586.0115056074707,0,0,0,TXN008175,1.0885173492104896
3336.3554421278554,12,4,shopping,0,2,1291.6706724743883,0,0,0,TXN000404,2.5809786770682375
1263.4429667856011,19,6,food,0,1,1819.2674958449347,0,0,0,TXN000384,0.6940974168190231
631.7366409220429,12,6,utility,1,2,1695.9017815275572,0,1,0,TXN009448,0.37228827725865854
2071.815362578336,10,2,transport,0,1,2145.6643695256944,0,0,0,TXN009487,0.9651324128681112
1442.1799281257877,19,2,food,0,3,490.2352223665125,0,0,0,TXN001633,2.935823537201027
7178.466041692565,4,5,shopping,1,11,308.04896239841577,0,1,1,TXN009853,23.22760117355878
953.7531381150361,14,5,transport,0,3,305.2538030640046,0,1,0,TXN004784,3.114257287821204
7770.824999769578,13,6,food,0,2,439.36225903913993,0,0,0,TXN009456,17.64643731441776
2862.6300427133237,10,0,shopping,0,4,1223.8713780509997,0,0,0,TXN006970,2.337086239428915
757.4544377818677,8,5,transport,0,5,1040.8807449163444,0,0,0,TXN003925,0.7270068493709286
1849.0831690391021,22,4,transport,0,2,689.0714171248508,0,0,0,TXN004158,2.67955333774469
936.0607585996268,9,5,food,0,1,869.425551541607,0,0,0,TXN007449,1.075405882722277
1829.147134295852,8,4,utility,0,1,1904.8616774992242,0,1,0,TXN008415,0.9597481054847417
873.1500688464059,16,6,grocery,0,4,370.82850531781463,0,0,0,TXN002193,2.348260169295236
1382.6136581081448,21,1,transport,0,4,404.27485717236874,0,0,0,TXN001015,3.411545605751953
106.0668231903514,21,3,grocery,0,4,1782.738720427491,0,0,0,TXN005124,0.05946320611626989
1032.4803064240946,9,2,food,0,5,197.28132327590478,0,0,0,TXN007418,5.207148557241659
480.4807304355069,16,4,shopping,1,2,2388.0776556856363,1,0,0,TXN007409,0.20111557667120486
6750.087992621993,16,2,utility,0,2,1674.1089340796038,0,0,0,TXN008989,4.029641210367528
876.8477974268139,22,6,transport,1,4,1757.9472864495644,0,0,0,TXN002871,0.49850714923738926
665.8155924728579,18,6,utility,0,4,362.69511202541895,0,0,0,TXN000009,1.8306971154078187
1133.1692562471094,21,2,food,0,5,491.07417211798287,0,0,0,TXN001838,2.3028423771353994
474.0640136539061,20,1,transport,1,1,4140.429392826097,0,0,0,TXN004804,0.11446869394298824
1243.3300542715274,16,6,grocery,0,2,1324.385915888718,0,0,0,TXN000255,0.9380890798419498
1142.9030412306038,8,3,transport,0,4,865.2811438883789,1,0,0,TXN007026,1.3193211572176018
243.67892291367212,22,1,utility,0,2,491.84663897322565,0,0,0,TXN005713,0.49443154045108584
359.5141237605539,19,6,shopping,0,1,605.9264036222233,0,0,0,TXN003324,0.592352090162699
1578.8090518336487,9,2,utility,0,5,626.2637499292591,0,0,0,TXN007714,2.5169779889427724
5462.588048991514,13,3,grocery,0,4,2290.521486523858,0,0,0,TXN001581,2.3838258035616464
2025.27377042024,14,1,grocery,0,1,1108.4840240131537,0,0,0,TXN000924,1.8254194982407688
3603.434312832291,11,4,grocery,0,2,778.9829452750548,0,0,0,TXN002779,4.619888594566088
2090.552149603443,15,0,grocery,1,4,639.3975372405706,0,1,0,TXN007891,3.2644600080935504
3509.686979291756,16,5,transport,0,3,2509.4859518577664,0,0,0,TXN006132,1.3980110012942228
4589.787038852706,12,1,grocery,0,1,4049.5486382402287,0,0,0,TXN005320,1.1331272498549112
525.8668917294239,12,1,grocery,0,3,931.3574686569776,0,0,0,TXN007312,0.5640185330278025
1527.2480883881894,22,3,transport,0,3,7009.437834803818,0,0,0,TXN007102,0.21785345286225313
576.0117091597683,14,3,grocery,0,5,1267.9593810879537,0,0,0,TXN006042,0.45392446578228496
2381.9512878845476,21,1,shopping,0,3,985.8964213987522,0,0,0,TXN003775,2.413577794221353
294.6284002677676,9,5,grocery,1,2,2512.333760458104,0,0,0,TXN004835,0.11722613403086816
1419.7026605651681,15,0,transport,0,5,840.2017600607167,0,0,0,TXN004964,1.6877076677332394
10446.665430608957,9,0,transport,0,4,670.6133744929185,0,0,0,TXN000539,15.554582185764835
18474.87554517656,15,2,transport,0,5,1275.2374087817116,0,0,0,TXN007483,14.476049219410175
652.0790874072267,19,4,transport,0,1,306.57144016321456,0,0,0,TXN002745,2.1200898466424487
747.6276641481065,11,6,food,0,3,1537.325315556693,0,0,0,TXN003719,0.4860010146017477
4393.344101220183,18,5,food,0,1,568.5571025956083,0,0,0,TXN006819,7.71361480911863
553.0311786519007,22,3,food,1,3,844.9167725911234,0,0,0,TXN009337,0.6537654726456289
1611.7167076282458,22,6,food,0,3,394.1971467468373,0,0,0,TXN004468,4.078259979596232
2258.99391972963,10,2,food,0,4,277.4211437419307,0,0,0,TXN000667,8.113586092525708
509.54604785214053,10,3,food,0,5,1047.4749989595114,0,0,0,TXN007575,0.48598779022657224
240.3391101596554,9,5,food,0,2,185.26199307875672,0,0,0,TXN008549,1.2903282424237423
1008.8731210819311,12,4,utility,0,4,1403.6368553255345,0,0,0,TXN005063,0.7182448027452032
148.1551199308599,18,5,grocery,1,1,1797.4543679204592,0,0,0,TXN001353,0.0823791376492753
388.46556378842746,15,6,food,1,3,721.0838052847245,1,0,0,TXN007114,0.5379785018655165
42513.08921213537,5,1,utility,1,5,1091.2641886130164,1,0,1,TXN009773,38.9219839443052
229.32623002206438,8,6,transport,0,2,735.1917132480853,0,0,0,TXN008662,0.3115034112653547
1158.8351955805765,8,1,transport,0,2,404.17210744908476,0,0,0,TXN002703,2.8601060494427037
4609.416079502831,17,5,grocery,0,5,1125.693514407889,0,0,0,TXN003330,4.091100215416804
820.9891711749704,18,0,grocery,1,2,2029.073880859207,0,0,0,TXN008053,0.4044134447104435
4118.897965617641,14,2,food,0,3,1487.080927177059,0,0,0,TXN003584,2.7679260518655613
945.1839990864122,9,1,shopping,0,4,1616.686136647431,0,0,0,TXN009441,0.5842814484676588
1687.0554212826635,12,2,food,0,5,1694.4011770961217,0,0,0,TXN005645,0.9950774153479397
2137.129685611639,19,4,transport,0,1,378.8896264007975,0,0,0,TXN003376,5.625659499732928
666.9285065855526,11,6,transport,0,5,2512.9589103645376,1,0,0,TXN001256,0.26529013813071606
7851.4325875874165,18,6,transport,0,3,1417.2805980330886,0,1,0,TXN006190,5.5358809804463265
227.4173920173649,14,4,transport,0,4,339.2503473608807,0,0,0,TXN005348,0.6683825417999016
492.66267041516727,22,5,shopping,1,1,523.5928257876758,0,0,0,TXN004175,0.9391334501676316
5377.052253945361,21,0,grocery,0,4,2482.6016560887892,0,0,0,TXN004910,2.165022011788001
400.53654567612267,20,4,grocery,0,4,545.8608954167252,0,0,0,TXN001852,0.7324285737617082
1192.7420640978335,18,4,utility,0,3,358.4693002519673,0,0,0,TXN006316,3.318063776967296
87595.8956727037,5,3,food,1,6,1191.6121969442534,1,1,1,TXN009854,73.44876724986088
5037.3659550560915,12,3,utility,0,1,2558.2031833983315,0,0,0,TXN002105,1.968333732832827
2217.944643722069,13,6,grocery,1,1,878.8460761008225,0,0,0,TXN000133,2.52083256829563
1119.348086689716,9,6,transport,0,1,2877.210872330475,0,0,0,TXN005029,0.38890412702227917
185.03797505422224,17,5,food,0,5,1335.9027360039936,0,0,0,TXN000928,0.13840795599484024
5661.41210005345,13,4,shopping,0,4,685.8027259672502,0,0,0,TXN000823,8.243141568898507
200.91940484142407,16,5,grocery,0,2,1121.2706170927574,0,0,0,TXN007576,0.1790293729349396
863.0254157065291,17,6,transport,0,5,883.9788350145119,0,0,0,TXN001531,0.9751932832296234
3320.00343312053,18,5,food,0,2,722.1554747502664,0,0,0,TXN001214,4.590995365508442
3935.74966599564,18,2,transport,0,5,345.14176053633213,0,0,0,TXN000504,11.370340463679856
3353.072744585904,16,0,grocery,1,5,1481.372533785867,0,0,0,TXN006530,2.2619636212648992
327.50974020955397,12,3,food,0,5,962.8779345131926,0,0,0,TXN003072,0.33978341912657545
497.3477007130005,13,0,transport,0,5,517.2859230524992,0,0,0,TXN009086,0.9596010205791797
4590.003139025782,9,5,grocery,1,4,818.9312361817175,0,0,0,TXN008647,5.59803424540899
459.3612062108198,18,5,shopping,0,5,339.6172935094816,0,1,0,TXN006619,1.3486138694776304
252.04808059505012,13,5,grocery,0,4,618.9500582827512,0,0,0,TXN009273,0.40656191128236696
5867.826624940888,22,0,grocery,0,1,1306.8568391134004,0,0,0,TXN003709,4.486597041399961
282.72031954855646,9,3,shopping,1,1,1564.2624297231612,0,0,0,TXN004849,0.18062167351615252
1724.813705453604,13,6,utility,1,1,1380.4520730811114,0,0,0,TXN004748,1.2485512447830915
1104.7238518810045,20,3,transport,0,1,2123.2845040117572,0,0,0,TXN004268,0.5200451492230488
10184.617220996684,0,0,grocery,1,10,654.0430885089661,0,0,1,TXN009878,15.548011115084499
1168.903285104454,17,2,utility,0,4,1193.2448561418994,0,0,0,TXN008905,0.9787802552323204
3340.4553131499456,9,1,transport,1,4,288.90938572075635,0,0,0,TXN004186,11.522411752365636
397.22090479511525,8,2,food,0,1,1712.6578966744405,0,0,0,TXN005301,0.23179708480086383
1082.1628009151123,10,3,grocery,0,5,1231.2132473066588,0,0,0,TXN002923,0.8782268842511448
562.3128285948042,10,5,shopping,0,4,2802.0533017237562,0,1,0,TXN006588,0.20060725504185245
7506.416653924799,17,2,transport,0,1,565.6065132291914,0,0,0,TXN001810,13.248023943714298
5797.906794786186,13,1,shopping,0,1,10167.77949522366,0,0,0,TXN003486,0.5701674225023268
399.0626824448484,18,5,grocery,0,2,377.04555955061505,0,0,0,TXN007419,1.055594153570317
601.5401990897598,21,5,utility,0,2,1092.0469641971633,0,0,0,TXN003141,0.5503333514416625
1438.2918530174218,20,0,transport,0,1,2129.3084161059137,0,0,0,TXN009347,0.6751566309100633
2653.425659858894,22,2,transport,0,4,1136.2704643586906,0,0,0,TXN001324,2.333152704669216
825.3537793289497,9,0,food,0,5,839.3414691381521,0,0,0,TXN004312,0.9821647623500318
809.2252855411147,20,2,food,1,2,279.3033567290495,0,0,0,TXN007494,2.88696252154889
491.01223134453375,12,2,transport,0,1,745.1556481817461,0,0,0,TXN008702,0.6580560403731402
242.70113532783662,17,4,transport,0,4,1727.7449388111172,0,0,0,TXN008691,0.14039152328321244
50485.79152129808,3,2,shopping,1,7,531.42903970716,1,1,1,TXN009503,94.82163397598607
674.7956389727804,17,0,transport,1,2,477.7716985824983,0,0,0,TXN005541,1.409430927038192
12989.982629357697,8,0,grocery,1,1,3466.346885804878,0,0,0,TXN006172,3.7463752711152005
1361.9722301766524,18,5,food,0,3,13620.37802086454,0,0,0,TXN001540,0.09998784470194219
21587.17174906292,15,3,transport,0,1,843.7558374592742,0,0,0,TXN009409,25.554332733573613
1371.9590609748798,20,3,transport,0,3,849.376568578154,0,0,0,TXN002681,1.6133547320910098
5800.837147468936,5,0,shopping,0,17,1530.9710657519402,1,1,1,TXN009882,3.786518738604048
839.5016435974729,12,4,utility,0,3,909.886379372517,0,0,0,TXN006313,0.9216315696539245
1341.761597787069,16,6,grocery,0,3,1552.082600658385,0,0,0,TXN001191,0.863934472782238
778.8004644415396,8,2,food,0,1,139.987490817803,0,0,0,TXN005293,5.52389761619332
1641.391446639634,16,1,grocery,0,3,2631.208290564148,0,0,0,TXN001542,0.6235796203984462
203.96179895864188,20,3,shopping,0,2,834.9673120144969,0,0,0,TXN007056,0.24398298357759818
7987.845964720497,19,0,transport,0,5,161.47586161450738,1,0,0,TXN002539,49.16327807309973
587.0825155389942,21,5,shopping,0,4,676.208945617406,0,0,0,TXN000953,0.8669148854845026
3861.3079019138354,21,6,grocery,0,5,1067.0712792818122,0,0,0,TXN007241,3.6152155542561157
896.1017181450823,11,2,transport,0,1,615.4664522966376,0,0,0,TXN006731,1.4536098676686577
1349.9910450816806,22,2,grocery,0,2,1249.6374328441666,0,0,0,TXN004846,1.0794423784450196
514.5123881283755,9,1,food,0,5,938.0121601150289,0,0,0,TXN006801,0.5479294198547416
2989.345517495968,20,3,utility,0,1,474.46697631014587,0,0,0,TXN008010,6.2871780090696054
632.3645400900125,12,1,transport,0,4,1598.9364380158925,0,0,0,TXN004330,0.3952435390959769
1209.6428748558762,10,0,transport,0,2,4350.1753770324085,0,0,0,TXN008924,0.27800370475549013
1801.5120995283983,22,2,grocery,1,3,985.5388288973259,0,0,0,TXN005334,1.826093455988939
2065.639574340985,11,2,food,0,1,617.7105484673069,0,0,0,TXN007330,3.338620263478722
1756.304333425275,17,0,transport,0,3,986.7625214972655,0,0,0,TXN009348,1.7780633453909975
532.1507932238083,10,1,transport,0,3,1051.7448562372374,0,0,0,TXN004729,0.5054888561753157
609.7455811136684,20,3,grocery,1,2,1232.605822774909,0,0,0,TXN006541,0.4942791042782928
189.59646947381228,16,2,grocery,0,4,617.1587292467956,0,0,0,TXN005305,0.3067116268095556
1037.8417031019455,8,3,grocery,0,5,616.6813312309947,0,0,0,TXN005161,1.680221905094009
218.54308630495825,8,6,grocery,0,2,1939.5511919824598,0,1,0,TXN007860,0.11261907812990775
2012.1168546532813,10,0,grocery,0,3,634.8002097475018,0,0,0,TXN002156,3.1646998912635818
2773.916942903589,19,0,transport,0,3,2005.291476518694,0,0,0,TXN001062,1.3826091449667497
551.8452178065818,15,4,food,0,2,2154.3951807324806,0,0,0,TXN001167,0.25602971684247944
420.16396979019885,21,6,grocery,1,2,5300.075988197726,0,0,0,TXN003636,0.07926012958985094
990.0284199951533,10,2,utility,1,4,528.3791079719806,0,0,0,TXN007651,1.8701690434816975
491.4097414568409,21,6,utility,0,5,346.5205586149848,0,1,0,TXN005588,1.41404509539037
375.8708587646737,15,2,grocery,0,3,1025.2054929902129,0,0,0,TXN007192,0.3662725071461476
256.9537258264285,18,2,grocery,0,3,2329.0033700702083,0,0,0,TXN004491,0.11028040951661196
1295.6835393973015,10,3,grocery,1,2,1508.969969785708,0,1,0,TXN007266,0.8580856343660811
865.3620297525368,22,3,utility,0,4,1194.3645485656175,0,0,0,TXN004980,0.7239314824845119
4319.054682536045,14,6,utility,0,1,541.0644156957738,0,1,0,TXN008335,7.96778861972016
34816.30564110804,0,6,food,1,13,700.6171537834277,1,1,1,TXN009952,49.622939595138504
496.7050682490712,17,5,transport,1,1,2331.419043774909,0,0,0,TXN004946,0.21295704542232588
3109.4171529509745,22,5,grocery,1,5,1601.0667747166274,0,0,0,TXN002782,1.9408786213052613
141.53723314390515,22,6,transport,0,2,1913.7235503170514,0,1,0,TXN000717,0.07392045348816469
603.4232990693313,16,6,grocery,0,1,1199.5456450586894,0,0,0,TXN002502,0.5026242038800887
1671.305362561554,8,3,grocery,0,3,762.0828949370392,0,0,0,TXN004360,2.1902015805235036
1105.0802031139767,22,4,food,0,3,548.4478522566837,0,0,0,TXN004171,2.0112558427068343
1224.8199340377776,11,3,food,0,3,516.9436448583698,0,0,0,TXN008082,2.3647745197698122
60668.2075377387,3,1,grocery,1,12,435.08831449778444,0,1,1,TXN009760,139.11908556322237
633.2346561295951,21,3,transport,1,5,295.119575019661,0,0,0,TXN000395,2.138442404854698
688.0708418624298,16,2,grocery,0,1,1456.7308822315617,0,0,0,TXN007186,0.472014999647328
99830.93600957782,5,2,food,1,14,584.4297107540114,1,1,1,TXN009822,170.52591314677102
730.5871920111679,16,6,transport,0,2,1327.7429942752556,1,0,0,TXN004492,0.549833335083476
3912.3736696663586,9,6,transport,0,3,4679.876392893608,0,0,0,TXN001365,0.8358207611732771
8753.50342773987,1,6,food,1,13,378.98948366708004,1,1,1,TXN009526,23.036172852112593
654.0818080879305,18,3,transport,0,1,449.9543678828373,0,0,0,TXN008787,1.4504390126183853
381.3401921526785,17,6,food,1,1,396.2466258242393,0,0,0,TXN005917,0.9599582913044087
5045.317976233512,22,6,shopping,0,3,974.2494996884669,0,0,0,TXN004968,5.173361255601962
1100.5690044666242,11,4,grocery,0,1,1005.2523026528083,0,0,0,TXN002914,1.0937306693014925
602.0560146364801,16,6,transport,0,5,461.41064791387635,0,1,0,TXN005644,1.3019942714394686
1452.335888713894,16,4,utility,0,5,531.0445302438562,0,0,0,TXN003766,2.7297261904905468
358.90549758045336,13,1,utility,0,5,1771.1802471525095,0,0,0,TXN003440,0.20252200539822787
995.8918968669045,22,6,grocery,0,5,3359.6153296748444,0,0,0,TXN007357,0.2963421276077027
343.9390459095132,19,2,transport,0,4,5013.277464811567,0,0,0,TXN006806,0.06859194536464251
1168.7643513597206,12,5,grocery,0,4,963.7139103191811,0,0,0,TXN002143,1.2115139409289002
2587.3080001299463,12,5,utility,0,4,228.31712592315765,0,0,0,TXN005104,11.282663646311931
208.76837314296125,9,0,grocery,0,2,419.133508588141,0,0,0,TXN005073,0.49690959867621015
651.5599387196752,10,4,grocery,0,2,1068.4394992914736,0,0,0,TXN001571,0.6092536690026388
534.1508625460789,11,6,transport,0,5,3834.1621152212783,0,0,0,TXN004079,0.1392772577790391
825.7509969817298,20,6,grocery,0,1,4313.727871062415,0,0,0,TXN001122,0.19137962385062426
998.6366278888559,22,6,food,0,4,1851.906879877438,0,0,0,TXN002786,0.5389567272559922
3492.8454439905167,16,5,grocery,1,1,936.043071484465,0,0,0,TXN002967,3.727518563748778
3630.691959200017,11,3,transport,0,5,879.0683693123367,0,1,0,TXN002504,4.125465799932054
1431.2383913759456,17,5,utility,0,5,614.3575272391563,0,0,0,TXN005988,2.325864766450968
459.08419451688013,16,2,grocery,0,2,2924.293535569354,1,0,0,TXN008867,0.15693611220028486
2509.3404141169176,18,2,transport,1,3,819.7704944889973,0,0,0,TXN007164,3.0572985151948053
856.9923102957471,11,6,grocery,0,2,708.2155462480093,0,0,0,TXN000728,1.2083665041319622
2280.655254744511,18,3,grocery,1,5,1857.5846889406375,0,0,0,TXN007587,1.2270924582104712
470.2576199421159,22,3,transport,0,5,647.6372926762533,0,0,0,TXN007543,0.7249931899565172
887.0579653659186,22,0,food,0,5,2898.5936122566804,0,0,0,TXN000412,0.3059249274161367
493.8233581052987,18,1,grocery,0,2,1511.0182811646634,1,0,0,TXN005745,0.3265988012558426
2245.940256118919,21,1,grocery,0,1,2526.3367115738997,0,0,0,TXN007668,0.8886588976584204
5784.466691330412,21,5,transport,0,5,894.1513178152666,0,0,0,TXN000825,6.461998743908635
5318.4920489880815,16,5,transport,1,3,495.5842172809429,0,0,0,TXN003267,10.710151196728713
689.2459807786705,12,6,transport,0,4,1124.581410157706,0,0,0,TXN003974,0.6123466277593371
16789.345122599832,8,5,transport,0,5,1775.4862838378674,0,0,0,TXN008808,9.450872362677993
407.13272827761176,10,4,transport,0,1,1463.7152448276763,0,0,0,TXN008306,0.27796032690675715
694.2148263634394,12,5,grocery,0,3,756.9828485589679,0,0,0,TXN000417,0.9158714180449327
1785.248969239966,22,6,grocery,0,1,1250.72643659686,0,0,0,TXN006748,1.4262293397698176
236.93319239294257,19,6,food,0,2,849.9688004204259,0,0,0,TXN008967,0.2784275901488802
236.84401630487852,14,2,utility,0,1,577.5061404575837,0,0,0,TXN002082,0.4094062270757246
195.8359890637101,20,5,grocery,0,5,320.912780128588,0,0,0,TXN008945,0.6083510849910446
2017.748819883389,17,1,transport,0,4,1364.2312766221758,0,0,0,TXN003373,1.4779538488714214
1230.4710154331965,10,5,transport,0,2,3105.3768087336525,0,1,0,TXN005726,0.3961113191334992
1374.421279801377,8,2,transport,1,2,3385.7711009197055,0,0,0,TXN004107,0.40582054081781366
1191.949345069298,8,6,transport,0,5,1157.1779255995677,0,0,0,TXN004380,1.0291590944044693
350.5213124628341,19,1,food,0,4,2255.9614233893285,0,0,0,TXN007723,0.1553067362296554
3753.56017189086,11,0,transport,1,4,4542.689369673095,0,0,0,TXN001066,0.826104045964066
1406.057693227866,22,6,grocery,0,3,628.5365966683414,0,0,0,TXN003913,2.233480469076874
7063.950157273427,10,1,food,0,1,1853.5382015197035,0,0,0,TXN005536,3.809007628683445
5783.5750381837415,9,3,utility,0,1,358.73966792427103,0,0,0,TXN008002,16.07711229499785
1109.4855381085792,22,5,grocery,1,4,2254.0296961570066,0,0,0,TXN005387,0.4920048458782386
1604.1297077147692,17,2,grocery,0,4,1689.5063833432218,0,0,0,TXN005732,0.9489048509490806
243.2895260744133,22,0,shopping,0,4,627.3345432818157,0,0,0,TXN002738,0.38719743912805216
1851.4562404260637,10,3,food,0,1,3942.7646607896554,0,0,0,TXN005052,0.4694641794511513
1907.6500235250883,16,3,transport,0,4,987.989692514696,0,0,0,TXN004000,1.928887669875024
867.3312517154246,22,4,utility,0,2,1860.076386428118,0,0,0,TXN002427,0.4660374276093285
375.96342524147093,21,0,food,0,2,316.7709687038734,0,0,0,TXN006833,1.1831270388700181
1622.4587361835142,15,0,food,0,1,762.8879541767286,0,0,0,TXN001687,2.1239485808257053
628.4661084935514,19,1,transport,0,2,419.49894268983996,0,0,0,TXN000851,1.494572386968183
686.6848588282761,19,0,transport,0,4,528.6048567314464,0,1,0,TXN006303,1.2965984924426068
255.8334186766464,22,0,shopping,0,4,685.8482073967991,0,0,0,TXN009087,0.37247446513149135
4359.546379735784,14,6,transport,0,5,594.1533589449502,0,0,0,TXN005878,7.325080694266951
672.6485337288865,19,3,utility,0,2,1229.6880011615076,0,1,0,TXN008527,0.5465630062973308
355.2118870290792,13,4,grocery,1,2,467.73905320108526,0,0,0,TXN002839,0.7578030560997361
2352.8745669242867,8,1,grocery,0,3,476.19362290054397,0,0,0,TXN004611,4.93064964410614
42120.157676467585,2,3,food,1,15,320.98591184009166,0,1,1,TXN009540,130.81366646061764
478.5884668554639,18,6,grocery,0,2,1626.4756727229947,0,0,0,TXN009207,0.2940679697256048
507.34252611011675,13,6,transport,0,5,682.0122391484564,0,0,0,TXN002489,0.7428015151568069
2224.944403740778,8,5,food,0,5,1055.0809882544127,0,0,0,TXN006905,2.1067933505917664
549.8589972137088,17,0,shopping,0,4,5944.031122999755,0,0,0,TXN007390,0.0924905161701256
884.1367198475032,13,1,food,0,4,432.4059416295699,0,0,0,TXN002849,2.039973694230456
1343.7879472690952,19,1,grocery,0,2,1211.1201360997643,0,0,0,TXN006665,1.1086260406439563
3737.2472325840117,17,5,grocery,0,3,436.0824593300469,0,0,0,TXN005881,8.550439746111993
733.3990624294115,20,2,transport,0,4,580.1749723690932,0,0,0,TXN004452,1.261924716819436
118.30173950290147,18,3,food,0,5,614.4819566142097,0,0,0,TXN007421,0.19220992302306303
1680.7303059490287,10,3,food,0,5,196.54890796572442,1,0,0,TXN006484,8.507920004501582
188.67786027426988,19,0,transport,1,3,1214.2695294071627,0,0,0,TXN002479,0.155255978783827
5441.982978793649,13,6,utility,0,2,716.4487263104883,0,0,0,TXN006617,7.585187316143533
1594.0960075679077,16,4,transport,0,1,373.930828716699,0,0,0,TXN002141,4.25170694291565
3541.391328665893,22,2,food,0,2,584.6721972325839,0,0,0,TXN005188,6.046712385186905
161231.57089885103,5,6,utility,0,18,428.5828329170764,1,1,1,TXN009704,375.3212618018514
5551.77928794954,17,3,transport,0,2,734.1695994087057,0,0,0,TXN002744,7.551698672544154
243.45402745526533,21,1,transport,0,1,2310.7748939364,0,0,0,TXN007253,0.10531043835358957
687.7194865984422,22,2,grocery,1,3,2799.295483931864,0,0,0,TXN003506,0.2455881854413531
693.5775171067324,18,6,shopping,0,3,1149.3367664710504,0,0,0,TXN001679,0.6029343209071352
209.42394445669,22,4,shopping,0,5,1589.9702851914271,1,0,0,TXN004249,0.13163284468980005
1533.273952663096,17,5,utility,0,1,1675.383165029144,0,0,0,TXN003147,0.914632158475798
3435.970138706234,19,0,grocery,0,4,759.5673574663739,0,0,0,TXN008130,4.517640817707779
1880.0271491421056,13,4,grocery,0,4,2019.0826463642002,0,0,0,TXN007004,0.930668432069267
546.009170878071,14,0,shopping,0,3,3243.147041517993,0,0,0,TXN000580,0.16830592568411568
2962.3562553577494,12,5,food,0,1,526.1851056949181,0,0,0,TXN004070,5.619195655106509
1981.4239233979565,10,6,grocery,0,4,5211.317575092081,0,0,0,TXN003343,0.38014259393297856
253.48212770157534,13,3,grocery,0,2,2214.2569438538794,0,0,0,TXN007404,0.11442561026830271
335.01827714716626,18,2,shopping,0,2,1394.8934740366503,0,0,0,TXN003672,0.24000275334647067
406.8615513485674,17,6,grocery,0,4,3634.952687639348,0,0,0,TXN000559,0.11189957249216115
584.0753322828673,17,4,grocery,0,2,728.584747669959,0,0,0,TXN005237,0.8005585836987431
412.3719516477206,9,2,transport,0,1,1538.4816931255157,0,0,0,TXN007805,0.2678641477122778
978.9077753769636,21,3,grocery,0,5,1095.7237889727412,0,0,0,TXN000512,0.8925745800534415
591.0052838554165,9,2,food,1,1,593.287687245872,0,0,0,TXN001081,0.9944767434007133
2804.4689256289826,22,1,food,0,1,1811.7479553093383,0,0,0,TXN001664,1.5470815550584422
452.3008710234152,21,5,shopping,0,5,2164.8715398531526,0,0,0,TXN009204,0.20883088525835722
478.15239748607274,16,5,grocery,0,5,1171.1855762498237,1,0,0,TXN001931,0.40791527141617534
29665.844480357227,2,2,food,1,18,289.4909216505439,1,1,1,TXN009666,102.1231380030691
369.18821786962275,18,5,utility,0,2,1556.2071259903391,0,0,0,TXN001150,0.23708356563988212
646.9691346815283,19,1,shopping,0,2,626.5255108032585,0,0,0,TXN002838,1.0309845951177048
486.3244073986287,20,5,shopping,0,5,2115.753361280571,0,0,0,TXN005949,0.22975015242419047
2663.267316423742,14,6,transport,0,1,7444.923362189045,0,0,0,TXN008308,0.35768126891394186
623.3127961873826,10,5,transport,0,2,1444.1631772136745,0,0,0,TXN008932,0.4313096306461057
22983.807494336375,0,6,food,1,12,275.2710463676132,0,1,1,TXN009788,83.19296501216975
1796.39524491786,9,2,grocery,1,5,405.19223970352294,0,0,0,TXN005177,4.422524778486751
884.3064597096384,11,3,transport,0,4,940.0553819317734,0,0,0,TXN000830,0.9396965116913286
6292.15654926917,12,0,grocery,0,4,788.7612109101688,0,0,0,TXN008311,7.967163317653581
11711.593673255264,18,6,transport,1,1,1229.2607138451679,0,1,0,TXN004752,9.519603073929584
28941.952374664073,2,0,grocery,1,19,434.39119640706895,1,1,1,TXN009850,66.47344414287329
970.2599354143497,14,1,grocery,0,1,564.6554301705709,0,0,0,TXN000635,1.7152844004728676
1148.7863004811168,13,1,food,0,2,5371.20007921935,0,0,0,TXN004465,0.2138390758983143
12229.913939105707,15,6,transport,0,4,642.7725248878633,0,0,0,TXN006799,18.99725984925498
19420.465234289095,14,3,utility,0,1,681.538853546132,0,0,0,TXN007987,28.45327432041418
344.49042641428747,19,4,utility,1,3,1248.4456788680875,0,0,0,TXN007079,0.275714608678604
6470.683485701302,20,3,utility,0,5,809.3449222691514,0,0,0,TXN006966,7.98509783658779
4961.80067275822,9,6,grocery,0,4,452.3267030774134,0,0,0,TXN004142,10.94530862416659
1910.2075212324212,22,6,food,0,4,3161.660414905601,0,0,0,TXN007027,0.6039875518185966
270.9455721900004,18,2,shopping,0,2,523.9642252740491,0,1,0,TXN009183,0.5161219739279522
280.2071486880335,18,0,food,0,4,312.5059666646119,0,0,0,TXN000876,0.8937856962314168
2142.8339126688625,20,5,grocery,0,3,1053.57413310569,0,0,0,TXN004869,2.031942416753841
593.2266146861009,14,5,transport,0,5,623.7758294864302,0,0,0,TXN005315,0.9495031444698125
419.2754852154156,10,2,food,1,3,474.21191005954717,0,0,0,TXN005222,0.8822916184126732
562.6549814930668,10,2,shopping,0,1,2121.3641932582063,0,0,0,TXN000004,0.2651076489512817
267.6105049333373,15,0,food,0,5,1819.6779906390927,0,0,0,TXN003051,0.14698398415823158
508.64212736364874,10,0,grocery,0,3,3192.875523386396,0,0,0,TXN005691,0.15925546366451587
3634.494781867039,18,0,utility,0,1,1065.7511416988018,0,0,0,TXN003124,3.4070690340008487
1328.0284008067404,11,0,transport,1,5,2584.768742803041,0,0,0,TXN002491,0.5135913273385473
2285.6960015429872,17,2,grocery,1,2,663.4661938823378,0,0,0,TXN003854,3.4398981055576967
1433.9195959560955,12,4,grocery,0,5,413.656659468902,0,0,0,TXN004777,3.4580889109382196
675.1062311020474,21,6,grocery,0,3,1217.0096605536414,0,1,0,TXN007509,0.5542700135852622
2501.5570192484097,14,2,food,0,3,776.4371963846164,0,0,0,TXN006457,3.2176965945051474
1353.7522294925188,12,0,food,0,1,1301.043992453484,0,0,0,TXN006293,1.0397131259302532
1403.754993658539,20,5,food,0,3,300.9681112485916,0,0,0,TXN001148,4.648686206812463
138.0539869316089,20,5,grocery,0,2,2599.7250266966994,0,1,0,TXN000574,0.053082884778079605
3776.2604960383787,9,4,grocery,0,3,775.8064276135556,0,0,0,TXN003769,4.861263194795534
3452.8762842137844,9,3,food,0,2,496.7157023991392,0,0,0,TXN004146,6.937446955299749
2369.569555986352,21,3,utility,0,1,7583.8509537850905,0,0,0,TXN000853,0.31240818974878587
1524.8228720310349,16,5,grocery,0,3,310.100390978616,0,0,0,TXN005919,4.9013852642051035
818.5085203342517,20,6,shopping,0,5,1798.9163102971518,0,0,0,TXN009358,0.4547480989264009
85.62469276959696,9,2,food,0,4,678.7431755874557,0,0,0,TXN006614,0.12596624114040922
2361.5245600902754,21,5,utility,0,3,1301.9026720496383,0,0,0,TXN006002,1.812510336152189
3099.0153530863086,13,3,utility,1,3,1633.4701272387192,0,0,0,TXN009163,1.8960367041530446
336.57010411643745,17,0,shopping,0,1,2128.2252144836543,0,0,0,TXN004495,0.15807163179685388
156.2756590833843,12,5,shopping,0,3,686.6668828098599,0,0,0,TXN008173,0.22725488603556118
774.0001363158696,14,5,transport,0,3,6877.232445544379,1,0,0,TXN006655,0.11252892984407002
1603.1082459211189,13,0,grocery,0,1,2444.253410489068,0,0,0,TXN002368,0.6556000449869471
8574.824631668145,9,0,grocery,0,3,1633.7361683918057,0,0,0,TXN004780,5.245387480539901
930.5596840688485,12,6,grocery,0,3,642.2608687278721,0,0,0,TXN007992,1.446628777387229
1729.6025307588857,20,6,transport,0,2,442.8312022256695,0,0,0,TXN002950,3.8969827314652288
92.69705631641204,20,5,food,1,3,1169.4347306013583,0,1,0,TXN005625,0.07919882578055863
761.2371716532053,17,1,food,0,4,1114.6161614883579,0,0,0,TXN006971,0.6823468482543575
268.0292444325571,15,0,food,0,4,1298.6260055666914,0,0,0,TXN008716,0.20623567340489243
1185.1034975812959,14,5,food,0,5,891.5786646966109,1,0,0,TXN001841,1.3277300303655755
1930.8942266281701,16,5,transport,0,4,2537.722723279053,0,0,0,TXN005986,0.7605770448748329
269.4657703074957,11,0,grocery,0,2,4828.6344928534,0,0,0,TXN000537,0.0557942367494341
1112.8661634186678,19,0,grocery,0,1,1354.520862028021,0,0,0,TXN002806,0.8209878538893804
1174.5973766067943,9,5,food,0,3,2098.386966771988,0,0,0,TXN005801,0.5594954123264145
5210.254656088228,13,5,shopping,1,3,312.1899286713498,0,0,0,TXN005596,16.636086218326906
1854.081415863801,11,5,grocery,0,4,947.7745417982553,0,0,0,TXN007206,1.9541854615425038
1760.2244058447595,15,1,food,1,5,1225.723344240148,0,0,0,TXN007343,1.4348992493780826
5356.75752377748,19,2,grocery,0,4,1029.4486125269918,0,0,0,TXN007560,5.198471285861587
1643.212019882915,9,3,grocery,0,1,632.3667046849331,0,1,0,TXN008096,2.59440859099205
401.78630474545565,10,6,grocery,0,5,767.7718398627582,0,0,0,TXN000784,0.5226340038901307
2174.352359757357,21,0,food,0,3,971.5844032231174,0,1,0,TXN001409,2.2356438706518573
3240.8246665405577,22,1,grocery,0,2,1671.298704637022,0,0,0,TXN000154,1.9379460484865887
1178.9453134447233,18,3,utility,0,1,1087.3358653220962,0,1,0,TXN007806,1.0832550419495832
353.87062140182974,8,2,grocery,0,1,1751.166065895912,0,0,0,TXN003009,0.20196180504208644
198.49692340686926,21,4,food,0,2,1224.287612898484,0,0,0,TXN001686,0.1620002694202662
1053.5943548788239,17,2,food,0,4,481.21980651005424,0,0,0,TXN004014,2.18488403142117
1443.8861559049144,22,4,grocery,0,4,1948.2684088900726,0,0,0,TXN007455,0.7407323431292223
1208.927569056114,11,2,grocery,0,1,616.8673708160438,0,0,0,TXN003863,1.95661338688177
363.57091469931817,22,2,food,0,3,426.9864820378113,0,0,0,TXN002733,0.8494915843327916
2212.3775717379335,18,5,shopping,0,4,516.8214433276354,0,0,0,TXN001895,4.272471911400008
461.7870654638607,10,0,food,0,5,2384.1519330967008,1,0,0,TXN005442,0.19360907749986028
763.1854054536243,13,0,shopping,0,4,814.826490121265,0,0,0,TXN000569,0.9354751466089117
1987.2538754955017,21,1,transport,0,4,291.1715090425826,0,1,0,TXN006709,6.801668930716543
2337.769938315895,14,0,grocery,0,3,679.1921790396291,0,0,0,TXN005854,3.436925637128934
824.8574557395705,12,3,food,0,3,856.2307379244473,0,0,0,TXN001816,0.9622350427339318
2305.400502307902,15,3,utility,0,2,2683.0682073738276,0,0,0,TXN008319,0.8589202375611664
783.6271266828725,21,6,transport,0,2,2475.0021039000367,0,0,0,TXN003394,0.316488877553276
1452.281615432386,15,3,food,0,3,793.3973070369174,0,0,0,TXN003327,1.8281552600541422
43051.315713004835,2,1,utility,1,7,166.17277754632389,0,1,1,TXN009982,257.5258743970754
6746.595165393747,12,6,grocery,0,4,531.2519865708629,0,0,0,TXN006102,12.675565964271925
339.12528366939995,8,6,grocery,0,1,1029.4479029946626,0,0,0,TXN002975,0.32910473463417445
794.9246227512313,13,5,food,0,1,1291.4644282801034,0,0,0,TXN000980,0.615045648729417
1651.9064823746721,9,4,food,0,3,528.1312592990021,0,0,0,TXN000190,3.121921930227923
2493.8029777539136,19,2,grocery,1,1,618.4585799896988,0,0,0,TXN009331,4.025778410875161
219.94934385653465,16,4,grocery,0,2,1691.9101971351508,0,0,0,TXN005088,0.12992381062430056
1187.552306614299,15,1,grocery,0,1,1454.7504769476757,0,0,0,TXN000699,0.815766386767245
11082.74446329374,2,5,grocery,1,9,541.0742451580827,1,0,1,TXN009759,20.445067372757634
1055.401101132175,11,4,transport,1,1,643.7257377277067,0,0,0,TXN000606,1.6369768404963427
555.6349202148874,15,6,food,0,2,2343.2862365353003,0,0,0,TXN000301,0.23701667123895204
5571.002557392539,19,3,food,0,5,770.4427829631704,0,0,0,TXN003420,7.221536944054223
5000.0,3,0,food,1,19,458.3674553242737,1,0,1,TXN009804,10.884532506706275
734.2068445325418,21,0,transport,0,3,3834.8951214108997,0,0,0,TXN001060,0.19140430624247348
2745.647338005655,22,1,utility,0,5,1353.33225726878,0,0,0,TXN003444,2.0273070535458384
195.92718126545566,12,6,utility,0,1,2751.1305604105523,0,0,0,TXN001069,0.07119109248807876
488.3518289624264,21,1,utility,0,1,1736.2392388327994,0,0,0,TXN002205,0.2811079890703688
365.03139293508366,12,3,grocery,1,1,2181.961960290257,0,0,0,TXN009435,0.1672183938956716
2455.038634080346,16,0,transport,0,4,1909.7763217861489,0,0,0,TXN007339,1.2848383173313733
322.39419073059014,12,0,shopping,1,2,889.1653233293114,0,0,0,TXN008208,0.3621733876633187
4022.3890064237953,8,2,shopping,0,1,4234.405714439906,0,0,0,TXN007679,0.9497057136014465
1583.4485104349255,20,3,food,0,4,511.52240826765643,0,0,0,TXN004642,3.089520545622652
417.0747532508119,15,4,grocery,0,5,1424.248355143341,0,0,0,TXN007683,0.2926330360218978
1119.6865105026654,16,3,transport,0,3,516.3460806223409,0,0,0,TXN009007,2.164289152738414
7661.918206593294,11,6,grocery,0,3,1681.2172288576648,0,0,0,TXN007996,4.554654461478935
1427.797740196545,12,6,shopping,0,3,1013.8505976897154,0,0,0,TXN005600,1.4069043694184094
3499.054722905212,15,5,utility,0,5,626.955204372047,0,0,0,TXN009151,5.572140653574572
1508.8768451247722,22,2,utility,0,2,515.2304502201804,0,0,0,TXN007022,2.9228745504671654
505.0315842189218,11,1,food,0,4,1967.9339658894255,0,0,0,TXN004893,0.25650001115745097
262.07878192860056,11,3,food,0,2,1620.553155228814,0,0,0,TXN000225,0.1616220726921648
486.0616291747461,10,4,transport,0,4,661.9624064781787,0,0,0,TXN003354,0.7331662013187542
872.92413511997,11,6,transport,0,4,1826.307150229462,0,0,0,TXN005895,0.47771067661523325
425.2074234248465,22,3,utility,0,1,1530.7834536379712,0,0,0,TXN008754,0.2775897744651719
2179.4492700566893,11,3,shopping,1,5,1248.1449146537302,0,0,0,TXN003436,1.7447529461870679
1550.8012600506752,10,4,utility,0,5,909.5376167518936,0,0,0,TXN001693,1.7031709964743202
1259.1507286294038,13,4,food,0,5,584.6625376502788,0,0,0,TXN006893,2.149959486364297
7527.256071547355,17,1,utility,0,4,1024.3799062977544,0,0,0,TXN001045,7.34094361057389
575.4035033682358,20,5,food,0,2,1237.179279986756,0,0,0,TXN003446,0.4647174384749763
189.1568622061934,9,4,food,0,2,984.5219083806548,0,0,0,TXN008050,0.19193572522096805
4268.210583387401,13,5,food,1,5,883.6168543321564,0,0,0,TXN009146,4.824925686736657
5000.0,4,6,shopping,1,15,330.2878451359437,1,1,1,TXN009981,15.09261529938792
631.6037048414425,9,5,grocery,0,1,1216.7752942877596,0,0,0,TXN004735,0.5186537350561449
1019.6121281200201,15,1,food,0,4,630.7587003497509,0,0,0,TXN004496,1.6139265316893108
1850.7084352227544,17,5,shopping,1,2,457.53039128482357,0,0,0,TXN001218,4.036173981918588
241.0212403285715,19,2,transport,0,1,451.46746680114677,0,0,0,TXN006015,0.5326819230397775
12010.771772750506,3,0,transport,1,8,855.5732394985229,1,1,1,TXN009719,14.021885367072827
364.5535197391668,14,6,grocery,0,2,5620.220686815585,0,0,0,TXN003987,0.06485308797681913
533.7064789644118,16,5,food,0,5,2163.8758586186523,0,0,0,TXN004911,0.2465298307243147
311.62567564404173,13,4,utility,0,2,1566.6672029661142,0,0,0,TXN009492,0.19878305488207476
425.39461090380104,19,4,utility,0,3,544.0896213781342,0,0,0,TXN004493,0.7804122372175941
724.72278706935,16,5,transport,1,5,2141.37306956309,0,0,0,TXN006944,0.3382803851325241
1976.004096714896,12,4,utility,0,2,1334.2597837983694,0,0,0,TXN005699,1.4798649077064407
361.46329845415676,20,5,transport,0,2,3070.221685666959,0,0,0,TXN008352,0.11769365270539237
3002.8116862429556,15,2,utility,0,4,1255.2283589173828,0,0,0,TXN000956,2.390339037426904
6404.946643119324,13,0,transport,0,1,883.737746927457,0,0,0,TXN002869,7.2393730971269274
2715.8779074947893,21,4,food,0,1,2793.867063770485,0,0,0,TXN004433,0.9717377769770797
1280.8075444155118,18,0,shopping,0,5,633.1662810189956,0,0,0,TXN004973,2.01967146906246
407.62557056377244,13,2,grocery,0,3,1466.0959415793473,0,0,0,TXN002961,0.27784520358290843
857.4858364500782,22,5,grocery,0,4,326.10937012628995,0,0,0,TXN002200,2.621404076926996
2964.011382587013,8,1,food,1,1,2886.911239426468,0,0,0,TXN000098,1.0263512749705073
200000.0,2,6,utility,0,14,460.432583864639,1,1,1,TXN009849,433.43276351431194
203.9818901266455,12,1,grocery,0,5,1925.0710448594573,0,0,0,TXN002557,0.10590569370276255
739.4521106940058,18,0,shopping,0,2,3111.2874424809042,0,0,0,TXN008445,0.23759120080006646
255.68686358538673,17,1,food,0,5,2321.9524385079008,0,0,0,TXN004199,0.11006977988306199
34324.72324283906,0,0,shopping,1,17,456.1471736669444,1,1,1,TXN009637,75.08462311493238
4181.893898120629,15,6,utility,0,5,3230.617804217263,0,0,0,TXN005539,1.294055841833541
654.5964969723548,19,2,grocery,0,2,957.5129258031129,0,0,0,TXN001648,0.6829292327214945
2729.162662154805,20,2,shopping,1,5,192.4230064999953,0,0,0,TXN006197,14.109814088505916
1730.565165067037,21,2,transport,0,4,419.0720895777986,1,0,0,TXN006295,4.119686139601359
425.67927079549844,14,1,transport,0,3,1208.8561267609318,0,1,0,TXN004499,0.351842885595944
2392.757441727417,17,6,food,0,2,1210.3267583201439,0,0,0,TXN001154,1.9753195620359856
3123.5102039980875,16,1,grocery,1,2,729.917459438148,0,0,0,TXN002255,4.273410305999684
2391.548115213954,17,5,transport,0,1,3654.5402696011533,0,0,0,TXN003170,0.6542256243493358
633.7174623886619,8,5,food,0,4,2057.1767584960357,0,0,0,TXN007400,0.3079023508416916
1724.382044101041,12,6,grocery,0,1,3128.6771366787957,0,0,0,TXN007158,0.550977614876578
3410.5870122629403,16,0,transport,0,5,2084.471101649731,0,0,0,TXN003108,1.6354036311339748
3033.679214002807,18,3,food,0,1,998.3318882680534,0,0,0,TXN004548,3.035707405735336
83.23826432542111,14,6,transport,0,3,403.4139677100594,0,0,0,TXN005423,0.20582440511821778
140.68360760736434,9,0,grocery,0,1,591.3668870290192,0,0,0,TXN002049,0.23749404412686637
1707.118992679039,19,5,transport,1,4,946.191737411748,0,0,0,TXN009208,1.802295063662435
3871.893685655282,18,4,grocery,0,5,604.4436795741057,0,0,0,TXN008815,6.395134372166431
12598.488434342786,2,0,shopping,0,12,333.3674617702322,1,1,1,TXN009797,37.678571855176834
393.0886592645225,10,5,utility,0,3,4778.153587504334,0,0,0,TXN000262,0.08225068562188494
349.69363885660096,11,2,food,0,1,824.4008191087361,0,0,0,TXN004061,0.4236652433107572
8690.169637496723,10,5,food,0,1,930.6751301700341,0,0,0,TXN005534,9.32746765056478
1888.719052506188,10,6,grocery,1,1,1000.992037698437,0,0,0,TXN006616,1.8849641328932631
2444.5226794616083,12,3,grocery,1,3,795.0474160177396,0,0,0,TXN008120,3.0708254687772683
1151.324206893212,10,2,utility,0,5,1653.9376659359818,0,0,0,TXN008155,0.6956903758922295
1871.2224511362417,13,2,food,0,5,2796.426640002733,0,0,0,TXN001802,0.6689084976807161
10956.35412191536,15,6,utility,0,5,571.4778918169953,0,0,0,TXN004736,19.138475526348866
367.05277513177225,16,4,food,0,2,1749.517755746038,0,0,0,TXN002385,0.20968240620635192
354.2076657793494,16,5,transport,0,2,2074.2813763231775,0,0,0,TXN006694,0.17067934489293546
1881.1804812858431,12,6,shopping,1,5,691.5246267129586,0,0,0,TXN005759,2.716409509095429
896.5733428659172,19,3,food,0,4,905.927815961525,0,0,0,TXN001959,0.9885829137519285
405.88873520539903,20,3,transport,1,2,1613.045846063261,0,0,0,TXN002976,0.2514728662729018
1092.8265569817108,8,1,utility,0,5,1637.0158688497893,0,0,0,TXN008680,0.6671648167542424
1711.2310715808676,17,6,grocery,0,3,655.0411159521987,0,0,0,TXN001843,2.608420463246626
3558.1664064439587,9,6,food,0,4,2845.250212244214,0,0,0,TXN001734,1.250124248085137
1310.1650379286853,8,2,transport,0,1,1174.6157011579253,0,0,0,TXN002911,1.1144501018812825
2293.7307657466063,14,4,shopping,0,3,3093.0917006867,0,0,0,TXN008338,0.7413260457786489
932.5641082637363,18,3,transport,0,2,678.915270995947,0,0,0,TXN001986,1.3715887082484655
96956.92424564312,3,2,utility,1,8,447.6412415283449,1,1,1,TXN009561,216.11237503567187
801.1496936645333,16,0,grocery,1,3,552.9700132531389,0,0,0,TXN006546,1.4461968599344468
217.53908627042898,11,2,grocery,0,4,534.0789552405905,0,1,0,TXN007098,0.4065551151654164
650.3985127898345,17,2,transport,0,5,456.7551204288349,0,1,0,TXN002811,1.4208437738075481
511.8638961479121,16,0,utility,0,4,2165.3640795947554,0,0,0,TXN000659,0.23627787266656602
2569.3543914097204,21,6,transport,0,5,3384.3966958657925,0,0,0,TXN002511,0.758952235803676
174.86158474420066,11,3,utility,1,3,709.5409836135478,0,0,0,TXN004282,0.2460964093231041
484.5102077736009,14,0,grocery,0,2,1580.5055146458033,1,0,0,TXN009339,0.3063601127449199
924.107867695649,19,5,food,0,2,1152.3303693354767,0,0,0,TXN008800,0.8012516554368541
644.80041165909,14,3,grocery,0,3,817.461924820243,0,0,0,TXN006287,0.7878196799450458
2598.6687975569125,16,4,grocery,0,1,3463.9368733429656,0,0,0,TXN001930,0.7499902285520489
10349.383745572346,15,5,utility,0,4,1281.8743869432012,0,0,0,TXN007125,8.06733991332743
268.02517088399577,21,1,food,0,5,482.575624039669,0,0,0,TXN000197,0.5542569922052336
123.05348337170086,20,0,grocery,0,1,2607.570285923667,0,0,0,TXN007777,0.047172768943861874
3064.742245592934,17,5,utility,1,2,590.6311829683066,0,0,0,TXN002931,5.180156715568373
377.5250501932085,16,4,transport,0,1,744.3025170131701,0,0,0,TXN008004,0.5065393468764272
601.3950678227566,8,4,grocery,0,4,2621.2280988129964,0,1,0,TXN002327,0.22934506273309707
536.6445102228,8,1,utility,0,1,1222.787185599817,0,0,0,TXN004389,0.43851130044295533
1106.0358715868688,17,5,food,0,5,2606.1743838228313,0,0,0,TXN008958,0.4242278071039949
470.4086072876123,18,4,grocery,0,1,1907.598754334973,0,0,0,TXN004218,0.24646804689523139
568.4792215865307,10,4,transport,0,1,345.06109172800967,0,0,0,TXN000202,1.6427134837606443
1348.4049151686054,13,3,food,0,5,1045.4539282787155,0,0,0,TXN003510,1.2885468521166155
5105.207018394339,13,3,shopping,0,4,3907.946692623469,0,0,0,TXN004931,1.3060313736251046
2576.9693588714817,9,4,utility,0,5,386.9083477479886,0,0,0,TXN005535,6.643242853194937
2742.722920665115,17,1,transport,0,3,2398.5458420257733,0,0,0,TXN005791,1.1430175129930507
173.65370131317894,11,4,food,1,2,309.8166617941766,0,0,0,TXN001707,0.558701391073342
803.816299740641,8,0,transport,0,5,267.3779968051014,0,0,0,TXN005172,2.995090168753215
714.694135754227,15,4,shopping,0,1,711.4149181918951,0,0,0,TXN005249,1.0031992838781598
2297.9191860201595,13,4,food,0,4,1217.944556384594,0,0,0,TXN006528,1.8851712114255783
10642.579787431961,0,5,shopping,1,12,481.37999674711523,0,1,1,TXN009848,22.062647413241038
959.5594420023875,19,3,grocery,0,4,717.5955184215128,0,1,0,TXN005855,1.335326226512215
2312.9466428949986,13,6,transport,0,1,181.65735086562202,0,0,0,TXN008164,12.662762445277087
9832.510284627526,11,2,grocery,0,5,3433.612081906913,0,0,0,TXN000854,2.8627717046777725
511.26786297678547,13,1,transport,0,1,1033.8082003432553,0,0,0,TXN004737,0.4940701695320865
9961.36092085676,10,6,grocery,1,1,2836.711666746515,0,0,0,TXN000698,3.5103499194749515
161.92749068201334,22,0,utility,0,3,1373.9733742136723,0,0,0,TXN003696,0.11776772824755052
904.0800668490265,13,2,grocery,0,3,523.4636548430065,0,0,0,TXN001636,1.7238183399375022
3152.750014911654,16,5,utility,0,1,475.32753457490867,0,0,0,TXN007280,6.618869970902015
896.8710227732636,17,4,transport,0,5,619.241188586055,0,0,0,TXN007554,1.4460036503184077
6188.932850262618,20,5,transport,0,1,2260.1358774557552,0,0,0,TXN003581,2.7370901996506487
717.7339288001157,9,3,food,0,5,2592.8821019322177,0,0,0,TXN001291,0.27670260273798336
656.0258851868965,14,4,food,0,5,1157.019677125162,0,0,0,TXN006585,0.5665066821796254
1297.546615008731,20,4,food,0,3,743.4648947980538,0,0,0,TXN001853,1.7429251856942267
255.3667411217667,18,1,transport,1,5,840.1407664526586,0,0,0,TXN005232,0.3035957253608387
279.40812839291056,12,6,food,0,1,674.6318467306818,0,0,0,TXN003763,0.41355085575811723
2780.909521888889,11,5,transport,0,5,613.3177008506462,0,0,0,TXN003304,4.526826295316187
1213.9442567233955,18,3,utility,0,1,374.35011934851957,0,0,0,TXN001495,3.2341651011871018
376.05844118122616,9,6,grocery,0,4,587.8753367416415,0,0,0,TXN007994,0.6386045020360821
1171.3258702340763,8,5,shopping,1,3,765.3143151164193,0,0,0,TXN001998,1.528518842892981
1072.7384182366768,11,2,grocery,0,1,2552.469015355229,0,0,0,TXN000663,0.4201102154699306
3779.58613136957,14,3,transport,0,1,2538.1030594621175,0,0,0,TXN003748,1.4885516825655103
535.0503541585132,17,2,transport,0,3,614.8061546028086,0,0,0,TXN004413,0.8688616542061317
1826.3938559855512,16,1,grocery,0,3,457.3719700169561,0,0,0,TXN005530,3.984523433921994
580.448777581613,9,6,food,0,5,448.82735508606663,0,0,0,TXN005575,1.2903812340860288
1992.3220559265774,21,4,utility,0,1,2583.109833232689,0,0,0,TXN008901,0.7709896964535007
1204.9296580680953,16,5,shopping,0,1,446.1864698023556,0,0,0,TXN007526,2.6944680562465178
295.3849931726451,21,6,utility,0,1,511.483302582518,0,1,0,TXN009474,0.5763797409284049
1144.8449420357333,18,6,grocery,0,2,1946.474240140952,0,0,0,TXN005864,0.5878614044994367
2011.6891122777156,19,0,grocery,1,1,1350.9582030847894,0,0,0,TXN006776,1.4879817347071864
460.86972695753093,18,4,grocery,0,4,515.3534271096008,0,0,0,TXN001306,0.8925470477408239
1941.629898446897,20,6,utility,0,1,459.90279022099236,0,0,0,TXN007392,4.212666834835019
1722.139728328061,8,0,utility,1,2,1447.7723148190603,0,0,0,TXN005592,1.1886890098000955
15598.272684220161,4,1,food,1,11,386.7756517138802,0,1,1,TXN009721,40.22499250605174
3190.706925791683,15,1,food,0,2,1454.2145945738491,0,0,0,TXN001663,2.192602340362084
2108.838519614226,12,2,grocery,0,2,3441.7787753091166,0,0,0,TXN005450,0.6125396539383742
200000.0,3,6,transport,1,13,527.81065542712,1,0,1,TXN009954,378.20720506938375
370.19756746780735,21,2,grocery,0,1,319.35765891046753,0,0,0,TXN003627,1.155575829611331
1077.2188341177678,14,6,grocery,0,4,1775.3252276933215,0,0,0,TXN002693,0.606431084422873
115123.97118153112,3,3,transport,1,11,294.7097794464823,0,1,1,TXN009789,389.31404770252556
2911.715492444133,9,4,grocery,0,5,2600.1695860931254,0,0,0,TXN005915,1.1193870280551133
451.8547735707897,8,1,grocery,0,4,1662.9734583316042,0,0,0,TXN003157,0.2715516712771641
698.695836702342,10,6,food,0,3,637.249888644423,0,0,0,TXN006668,1.0947057714123538
3508.700323571659,17,1,food,1,2,1690.0542385686065,0,0,0,TXN001059,2.0748597197814305
1050.6284126212738,12,6,grocery,0,2,2392.2524387204785,0,0,0,TXN004636,0.43899606895751403
479.9273386996591,16,1,grocery,0,1,1088.2143407019896,0,1,0,TXN003242,0.4406179029834935
392.8290449554164,10,6,food,0,1,873.6163946140116,0,0,0,TXN001678,0.4491443876132472
635.9563501698807,21,1,shopping,0,2,571.3446509572165,0,0,0,TXN006892,1.111142297051745
1248.1860827068804,11,3,shopping,0,2,287.2263840849463,0,0,0,TXN006374,4.330575379730032
1487.9768159315702,8,3,utility,0,3,3330.130575813428,0,0,0,TXN007574,0.4466882285358092
366.5478929049961,15,5,shopping,0,5,3106.623423533465,0,0,0,TXN001757,0.11795119387027264
620.5702466016007,9,2,grocery,0,3,134.6649806169742,0,0,0,TXN006019,4.5742847106112805
5860.081484091062,14,1,grocery,1,1,585.3256572332328,0,0,0,TXN005116,9.994584770081103
850.5179094134483,20,2,grocery,0,2,1480.2913109694214,0,0,0,TXN008755,0.5741732926637046
3985.5289776750233,10,2,grocery,1,4,1858.6076198393703,0,0,0,TXN007408,2.143209640117137
404.00595320865153,18,2,food,0,5,528.9217116019577,0,0,0,TXN002790,0.7623879987618137
709.1723110389254,14,6,grocery,0,2,1301.7842699997461,0,0,0,TXN000863,0.544351300034551
508.18965788321424,10,0,shopping,0,1,2721.2379954299677,0,0,0,TXN007858,0.18668083346729847
875.3716289199618,12,1,food,0,3,1112.9518819631012,0,0,0,TXN001484,0.7858253512506368
242.59431088087632,20,4,utility,0,2,1657.706538317259,0,0,0,TXN007035,0.14625511220748294
3966.974674737905,21,0,shopping,0,4,1134.5213197257876,0,0,0,TXN007721,3.4935272511623765
404.9690945347276,10,6,grocery,1,2,1552.30056934329,0,0,0,TXN005977,0.2607152166988144
1123.2105010454968,22,3,grocery,1,2,3776.7192594578114,0,1,0,TXN005134,0.2973250323547608
5302.193116423083,9,6,transport,0,2,256.3062741883709,0,0,0,TXN000206,20.606544217190017
13989.391004538287,19,2,transport,0,1,459.10102970918354,1,0,0,TXN004488,30.40504172177266
827.0977969607058,15,3,grocery,0,5,1741.3677661400047,0,0,0,TXN006938,0.47469760003253286
485.912323891062,19,0,transport,0,1,1429.0223082805048,0,0,0,TXN009062,0.33979352705017263
1494.3045372914937,14,3,grocery,0,2,1217.8722244445587,0,0,0,TXN006910,1.2259730817743835
922.9961308322474,12,0,transport,1,3,605.7071983203352,0,0,0,TXN000502,1.5213205536172243
3911.5805010528884,12,3,utility,0,3,286.2342621752349,0,0,0,TXN007385,13.61808466521492
3012.0594103687113,12,2,food,0,5,1487.8341495278246,0,0,0,TXN001028,2.0230993568517817
1014.0111205165548,15,2,grocery,1,4,2551.4238612584877,0,1,0,TXN003840,0.39727379762724463
535.0934265951619,15,1,transport,0,5,182.7875481850808,0,0,0,TXN008110,2.9114781272140546
1105.5152108047669,14,6,grocery,0,1,1607.789627317496,0,0,0,TXN005056,0.6871720155531513
38257.90914111557,1,4,shopping,1,8,563.0585279877117,1,0,1,TXN009762,67.82613371275725
982.0250521210585,19,2,food,0,1,659.5131792748742,0,0,0,TXN008154,1.4867607232290914
331.1156429180557,15,3,transport,1,4,1248.9991626438043,0,0,0,TXN002731,0.26489269178207386
1953.1635152297213,10,0,transport,0,4,1744.3755428491088,0,0,0,TXN008996,1.1190505809663314
1413.9290764082502,16,5,transport,0,5,485.81912785632414,0,0,0,TXN002454,2.9044238311555124
65.4767890243209,17,2,transport,0,2,555.9248588977307,0,0,0,TXN007215,0.11756844389010213
1316.7403946818688,11,3,grocery,0,4,1955.418320194076,0,0,0,TXN003104,0.6730362219012797
2084.132038347917,22,4,shopping,0,5,1683.8131679595194,0,0,0,TXN008392,1.2370107724597224
580.1399925558937,20,1,food,0,5,339.5893829825736,1,0,0,TXN006278,1.703341388611567
1570.0269639399505,14,4,food,1,1,2907.3136102188123,0,0,0,TXN003099,0.5398410124765832
2199.949568833677,8,1,shopping,1,2,4059.0508920762845,0,0,0,TXN006184,0.5418527075922037
588.3877092251732,20,3,transport,0,2,247.653892148113,0,0,0,TXN003561,2.3662919737234382
1727.3287743855171,15,0,transport,0,2,561.3837057414936,0,0,0,TXN005892,3.071441716306597
3165.132411127381,14,2,food,0,2,930.5668249529075,0,0,0,TXN000391,3.39764397609091
1555.0963317207927,22,2,shopping,0,1,412.6570128551115,0,0,0,TXN006736,3.75938587620533
209.66051032623344,16,4,food,0,1,1781.2297358439753,0,0,0,TXN005618,0.11763944126257588
1971.9966783128996,14,6,shopping,1,4,238.74138062026384,0,0,0,TXN005258,8.225516484517229
200000.0,0,0,shopping,0,5,472.2128298292826,1,1,1,TXN009687,422.64280973141086
1930.6903300069791,15,6,grocery,1,2,2005.0914845548234,0,0,0,TXN002695,0.9624139002989802
1705.7508084471358,22,4,transport,0,2,430.9189192785673,0,0,0,TXN002027,3.9492384619230054
5424.31874514332,12,4,transport,0,4,591.2917790413578,0,1,0,TXN005463,9.158186787469418
1360.5832824413326,20,2,transport,1,2,5191.017605710259,0,0,0,TXN002568,0.2620529023139179
1447.4008135031015,19,3,grocery,0,4,562.1056706298398,0,0,0,TXN008006,2.570389340750499
1576.5659082544098,12,4,food,0,1,880.0354436566221,0,0,0,TXN000064,1.7894466330560774
1941.5156506198418,20,5,food,0,3,4761.212820291635,0,0,0,TXN002062,0.40769191211848127
370.4899510381463,10,2,grocery,1,3,1087.9483788720825,0,0,0,TXN005276,0.34022728554120685
2628.6880732056156,13,1,transport,1,5,1088.426071987441,0,0,0,TXN007208,2.4129109269526636
1581.5276499541008,13,5,food,0,4,335.66104522696065,0,0,0,TXN008684,4.69768531992738
273.6110489480755,13,1,utility,0,2,5681.507950021177,0,1,0,TXN008571,0.04814969927970903
1442.972033257092,18,4,transport,1,3,346.5616936542942,0,0,0,TXN006331,4.151700430751034
1272.5279761067961,21,3,grocery,0,5,5562.574631600924,0,0,0,TXN004859,0.2287248864927377
268.59091376647785,18,0,grocery,0,3,1474.0227275503928,0,0,0,TXN004887,0.182092728979528
591.0897848538929,10,1,utility,0,5,1220.4826757665685,0,0,0,TXN009268,0.4839117218612547
2464.2863469764875,8,0,food,0,5,2584.2016617060644,0,0,0,TXN000878,0.9532278984186554
4751.956955986749,17,1,transport,0,1,4863.07464823092,0,0,0,TXN008529,0.9769498413670628
476.39758075153856,18,2,utility,0,1,3016.4503301973837,0,0,0,TXN007916,0.15788083601043915
260.2319324402958,9,1,food,0,4,1992.4130482676112,0,0,0,TXN006863,0.1305459160440693
2549.949348152606,20,4,grocery,1,5,2164.89416052258,1,0,0,TXN007892,1.1773194621556957
1400.7801628959674,15,2,grocery,0,5,369.7427705418781,0,0,0,TXN006439,3.7783074255192766
325.10753911245257,8,1,grocery,0,4,3313.073232289685,0,0,0,TXN007869,0.09809908119858793
433.81882555479166,10,4,utility,1,3,592.1312931823712,0,0,0,TXN001016,0.7314043796731604
3079.6207040869213,21,4,transport,0,4,3661.684834803332,0,0,0,TXN009467,0.8408096363694589
230.0096876550635,19,4,grocery,0,3,660.8214008508834,0,0,0,TXN007629,0.34754042005795993
2301.507948590624,9,4,shopping,0,4,491.33857382112336,0,1,0,TXN000995,4.674644789109717
512.7126549194303,10,2,grocery,0,2,1232.2580616308364,0,0,0,TXN004297,0.41573833642038316
1264.009990851895,17,4,grocery,0,5,1218.500075710767,0,0,0,TXN000161,1.0364984931347265
3391.2597370042345,8,5,grocery,0,1,1366.9871255385963,0,0,0,TXN005675,2.4790143662127275
8049.646855613181,13,6,utility,1,2,751.664734412354,0,0,0,TXN006873,10.694863845185964
17956.822424215003,1,1,food,1,12,283.2395017954109,1,1,1,TXN009692,63.174971496888965
1226.2231689957764,20,1,utility,0,3,4353.795436856285,0,0,0,TXN007989,0.2815799701216238
1130.189572957884,14,4,shopping,0,1,873.6920027210713,0,0,0,TXN003843,1.2921000414339991
1342.1109788974195,12,5,food,0,4,2761.8769759551465,0,1,0,TXN001021,0.4857657400519768
1655.8727080504125,12,3,transport,0,5,778.1944219419959,0,0,0,TXN003073,2.12510852416456
318.31668167087344,14,4,grocery,0,2,367.7206533259101,0,0,0,TXN007555,0.8633003841786836
1681.389889384806,13,4,grocery,0,5,444.9477235120703,0,0,0,TXN003943,3.770374419994761
732.0909011626763,10,5,transport,0,2,390.7437129365293,0,0,0,TXN001585,1.8688006392620535
744.2813401703733,18,2,transport,0,3,613.0032321850364,0,0,0,TXN003152,1.2121782120294706
4319.792985769928,13,5,food,0,1,5275.348961644786,0,0,0,TXN008226,0.8187087353720682
1600.459829583374,10,2,food,0,3,841.9842531276411,0,0,0,TXN000775,1.8985643250693547
13385.434696776638,0,1,grocery,1,7,356.4348147391209,1,1,1,TXN009670,37.448603618945725
1719.368940619682,21,1,grocery,0,5,1987.717254623867,0,0,0,TXN007099,0.8645617855540114
478.9984973851983,11,6,transport,0,4,3279.0583104573952,0,0,0,TXN005486,0.14603353112902534
2495.744345812446,20,4,food,0,4,1403.062070726972,0,1,0,TXN006235,1.777517104012532
200000.0,5,0,grocery,1,7,413.0240481677489,1,0,1,TXN009555,483.0637275421417
4277.129392780357,13,4,transport,0,2,587.2855610545288,0,0,0,TXN007041,7.270498676039927
560.4233098554348,11,1,food,0,5,3774.682063599213,0,1,0,TXN002612,0.14842968777969742
3454.802657523393,9,1,utility,0,4,3182.8549388093115,0,0,0,TXN007513,1.0851005224551498
2182.7635513117048,20,3,grocery,0,1,484.5796896311186,0,0,0,TXN008433,4.495170613437085
983.7910462908269,10,1,grocery,0,2,1135.2866691756506,0,0,0,TXN008792,0.8657947619895464
507.2484825513895,16,3,food,0,4,334.2946387998044,0,0,0,TXN005393,1.5128440000326229
879.3172199274056,21,2,grocery,0,3,4510.513610947863,0,0,0,TXN008838,0.1949051462005148
275.70951508402277,19,4,grocery,0,1,7100.63618637661,0,0,0,TXN003890,0.03882337926757341
473.61351881582453,12,4,utility,0,4,7760.364226836299,0,0,0,TXN003556,0.061021942144941665
1473.2479884659251,20,2,transport,1,1,995.3769082158453,0,0,0,TXN001528,1.478605110493764
1322.7383602542156,15,4,grocery,0,2,1630.7882415241015,1,0,0,TXN001267,0.8106066256604282
2582.892360298983,9,6,shopping,0,4,2143.275402330052,0,0,0,TXN007734,1.204552529722774
2079.542002100959,19,2,food,0,5,1544.9090336014892,0,0,0,TXN001899,1.3451904070036194
567.0823680812014,10,5,utility,1,1,590.8499774475742,0,0,0,TXN004658,0.9581522170986874
2353.8316586338883,20,2,food,0,4,932.3078188129177,0,0,0,TXN003005,2.522031436131915
247.08995897586504,22,3,transport,1,1,3647.381388051784,0,0,0,TXN002734,0.06772591258826965
901.3618527177762,11,3,grocery,0,5,2368.2663531932594,0,1,0,TXN000189,0.3804392239407507
1061.8989525911165,10,1,transport,0,4,691.4844830958008,0,0,0,TXN009167,1.5334624508029728
2061.973073951928,10,1,grocery,0,3,418.3762193633313,0,0,0,TXN002747,4.916762035487555
2312.3600600506697,18,6,transport,1,4,1173.3679742102747,0,0,0,TXN002047,1.9690251359295272
211.55558027784676,8,5,grocery,1,1,80.38597771852685,0,0,0,TXN007849,2.599410687299366
1768.7667214890912,9,6,shopping,0,3,487.24090756851166,1,0,0,TXN002558,3.6227335605648565
4279.272094990191,18,5,food,0,3,2622.32971939592,0,0,0,TXN009274,1.631236845048814
1070.7654351813683,18,6,transport,0,3,313.2004325883311,0,0,0,TXN008666,3.4079056682404283
3555.410144530433,15,1,shopping,0,3,1442.4298331503733,0,1,0,TXN006396,2.463167978709803
3233.488802026976,21,4,food,0,4,256.40343614081763,0,0,0,TXN003385,12.561948863254615
1393.3511011353942,16,6,transport,0,4,1142.1728760800243,0,0,0,TXN004555,1.2188454872313266
2621.641602247603,9,1,food,0,1,1114.829995286563,0,0,0,TXN001184,2.3494991291879757
2704.515716943885,22,0,food,1,3,3727.2748999329074,0,0,0,TXN006420,0.7254067335519048
223.44250734700736,20,0,food,0,4,1312.9159116670403,0,0,0,TXN005051,0.17005845302802755
809.8971629684606,17,6,grocery,1,3,1789.9749510696408,0,0,0,TXN005311,0.4522102123677152
532.5371153726552,12,6,grocery,0,4,2980.2777600179575,0,0,0,TXN002433,0.17862713850904235
3401.9255238191813,8,3,grocery,0,5,1364.679146287591,0,0,0,TXN006949,2.4910137443826708
2422.877149544703,20,0,grocery,0,5,1391.7900342221146,0,0,0,TXN000769,1.739585357456913
1026.4767701459646,20,0,transport,1,1,474.59289353687285,0,0,0,TXN001685,2.1583097310649397
2791.3315461145403,11,1,grocery,0,1,2348.408054112262,0,0,0,TXN008322,1.1880999306309357
3040.9602171391602,21,1,shopping,0,5,659.7954228441658,0,0,0,TXN005578,4.601969251013266
12580.137584829212,11,5,transport,0,2,1449.1887060918036,0,0,0,TXN004426,8.674827994442284
3072.508764409013,12,4,shopping,0,4,970.6275031797555,0,0,0,TXN000466,3.1622290994788615
349.7467443525913,15,5,grocery,0,3,1312.9938737717553,0,0,0,TXN006265,0.26617075721111266
4065.105016860764,18,5,grocery,0,3,431.1718264246952,0,0,0,TXN005734,9.406224025501341
1248.1549212164603,18,6,grocery,1,2,2705.1279032833727,0,0,0,TXN005191,0.4612327893674431
2927.8129391018833,10,4,food,0,3,285.84468474774076,0,0,0,TXN005390,10.206962494970698
2111.6684075816206,19,0,grocery,0,1,888.978895629425,0,0,0,TXN000860,2.3727173958301258
734.2333020040448,12,4,grocery,0,5,1454.363028613807,0,0,0,TXN007270,0.5045018236469713
